length	ct_index	w_count	hard0	hard30	hard50	all_count
50	1	10.8230	3	2	2	96
50	2	4.0502	1	0	0	96
50	3	31.8726	54	39	19	96
50	4	1.9298	0	0	0	96
50	5	5.1765	0	0	0	96
50	6	9.8490	1	1	0	96
50	7	22.9012	36	27	3	96
50	8	3.1056	1	1	0	96
50	9	3.8319	0	0	0	96
50	10	2.4602	0	0	0	96
51	1	11.2389	2	2	1	117
51	2	4.1584	0	0	0	117
51	3	46.3257	69	54	31	117
51	4	2.0336	0	0	0	117
51	5	5.7638	0	0	0	117
51	6	11.2293	2	2	1	117
51	7	24.5861	43	23	0	117
51	8	3.8371	1	1	1	117
51	9	4.8505	0	0	0	117
51	10	2.9767	0	0	0	117
52	1	7.8313	0	0	0	89
52	2	3.7614	0	0	0	89
52	3	29.7940	42	33	16	89
52	4	1.3326	0	0	0	89
52	5	4.1361	0	0	0	89
52	6	10.1834	2	2	2	89
52	7	22.5652	44	20	4	89
52	8	3.3167	1	1	1	89
52	9	4.0111	0	0	0	89
52	10	2.0680	0	0	0	89
53	1	8.5238	1	1	1	92
53	2	5.5545	2	2	2	92
53	3	36.7909	58	45	25	92
53	4	1.4334	0	0	0	92
53	5	4.0208	0	0	0	92
53	6	7.5300	0	0	0	92
53	7	20.4584	31	18	4	92
53	8	2.0697	0	0	0	92
53	9	3.6466	0	0	0	92
53	10	1.9718	0	0	0	92
54	1	9.0432	1	1	1	89
54	2	5.4423	2	2	2	89
54	3	30.9725	48	36	21	89
54	4	1.4795	0	0	0	89
54	5	4.0781	0	0	0	89
54	6	8.4360	0	0	0	89
54	7	21.3280	38	26	0	89
54	8	2.1842	0	0	0	89
54	9	3.8270	0	0	0	89
54	10	2.2094	0	0	0	89
55	1	10.2535	0	0	0	112
55	2	4.8096	1	1	0	112
55	3	41.3002	65	58	29	112
55	4	1.9093	0	0	0	112
55	5	5.6301	1	1	1	112
55	6	10.4547	1	1	0	112
55	7	26.3366	44	26	4	112
55	8	3.0673	0	0	0	112
55	9	4.6858	0	0	0	112
55	10	3.5528	0	0	0	112
56	1	11.0826	0	0	0	123
56	2	7.3022	3	3	2	123
56	3	44.2289	70	55	29	123
56	4	1.9841	0	0	0	123
56	5	5.9252	1	1	0	123
56	6	11.0068	1	1	1	123
56	7	29.9203	48	33	7	123
56	8	3.7999	0	0	0	123
56	9	4.8013	0	0	0	123
56	10	2.9487	0	0	0	123
57	1	12.7220	1	1	1	142
57	2	6.2835	1	1	1	142
57	3	55.2525	87	73	44	142
57	4	2.6883	0	0	0	142
57	5	6.4476	0	0	0	142
57	6	12.6790	2	2	1	142
57	7	32.5414	51	29	4	142
57	8	4.0820	0	0	0	142
57	9	5.6584	0	0	0	142
57	10	3.6454	0	0	0	142
58	1	14.5050	1	1	1	156
58	2	7.8213	1	1	1	156
58	3	54.6121	85	61	31	156
58	4	2.7683	0	0	0	156
58	5	8.2043	1	1	0	156
58	6	15.8165	4	4	1	156
58	7	36.9763	62	38	5	156
58	8	4.1822	0	0	0	156
58	9	6.2290	0	0	0	156
58	10	4.8849	2	2	2	156
59	1	15.3856	3	2	1	150
59	2	8.4851	2	2	2	150
59	3	47.1595	68	53	23	150
59	4	2.6169	0	0	0	150
59	5	7.6297	0	0	0	150
59	6	16.2640	2	2	1	150
59	7	37.2372	74	47	3	150
59	8	4.3853	0	0	0	150
59	9	6.4188	0	0	0	150
59	10	4.4179	1	1	1	150
60	1	22.8652	4	2	1	219
60	2	10.2165	2	1	1	219
60	3	79.3723	121	102	53	219
60	4	3.6324	0	0	0	219
60	5	11.6764	2	1	1	219
60	6	21.1982	1	1	0	219
60	7	49.6646	88	57	7	219
60	8	6.6784	1	1	1	219
60	9	8.3564	0	0	0	219
60	10	5.3392	0	0	0	219
61	1	25.2453	3	3	3	243
61	2	13.0267	2	2	2	243
61	3	83.4339	135	100	49	243
61	4	4.0801	0	0	0	243
61	5	11.7152	0	0	0	243
61	6	22.9744	1	1	0	243
61	7	59.3897	102	63	9	243
61	8	7.1293	0	0	0	243
61	9	9.9935	0	0	0	243
61	10	6.0119	0	0	0	243
62	1	25.5230	3	2	1	258
62	2	13.5135	2	1	1	258
62	3	87.0127	138	107	49	258
62	4	4.5982	0	0	0	258
62	5	13.4614	1	1	1	258
62	6	24.6744	1	1	1	258
62	7	63.0899	112	62	11	258
62	8	8.1660	1	1	1	258
62	9	11.6822	0	0	0	258
62	10	6.2788	0	0	0	258
63	1	20.8024	2	2	1	214
63	2	10.9702	4	3	1	214
63	3	76.6758	116	97	50	214
63	4	3.6370	0	0	0	214
63	5	10.4945	0	0	0	214
63	6	19.3016	0	0	0	214
63	7	51.7800	92	57	10	214
63	8	5.6456	0	0	0	214
63	9	9.1040	0	0	0	214
63	10	5.5889	0	0	0	214
64	1	20.3576	2	2	2	213
64	2	12.1548	4	4	3	213
64	3	77.1936	119	89	49	213
64	4	3.3037	0	0	0	213
64	5	11.2589	2	2	1	213
64	6	18.9044	1	1	1	213
64	7	51.1104	84	53	10	213
64	8	5.8718	1	1	0	213
64	9	8.0629	0	0	0	213
64	10	4.7819	0	0	0	213
65	1	19.1746	1	0	0	206
65	2	10.9982	3	3	3	206
65	3	72.9737	121	88	39	206
65	4	3.5604	0	0	0	206
65	5	9.5490	0	0	0	206
65	6	19.5639	0	0	0	206
65	7	50.3862	81	57	10	206
65	8	6.1302	0	0	0	206
65	9	8.8750	0	0	0	206
65	10	4.7887	0	0	0	206
66	1	22.6124	0	0	0	244
66	2	11.2641	0	0	0	244
66	3	86.6067	129	98	54	244
66	4	4.1254	0	0	0	244
66	5	11.5477	0	0	0	244
66	6	24.8798	4	4	3	244
66	7	59.0414	110	60	9	244
66	8	7.3982	0	0	0	244
66	9	9.7514	0	0	0	244
66	10	6.7730	1	1	1	244
67	1	20.5177	1	1	1	219
67	2	10.3934	3	2	2	219
67	3	80.1484	129	108	54	219
67	4	4.0286	0	0	0	219
67	5	12.0905	1	1	1	219
67	6	20.4999	2	2	2	219
67	7	50.7136	82	54	9	219
67	8	7.0349	1	1	1	219
67	9	8.7124	0	0	0	219
67	10	4.8605	0	0	0	219
68	1	25.3006	1	1	1	267
68	2	11.2906	2	0	0	267
68	3	90.0690	135	104	48	267
68	4	4.9438	0	0	0	267
68	5	14.8813	3	3	1	267
68	6	26.8863	2	1	1	267
68	7	68.7043	123	83	8	267
68	8	7.6411	0	0	0	267
68	9	10.6718	0	0	0	267
68	10	6.6113	1	1	1	267
69	1	27.7432	2	1	1	293
69	2	12.3082	0	0	0	293
69	3	104.4419	154	130	66	293
69	4	5.7266	1	1	0	293
69	5	15.7256	3	3	1	293
69	6	28.0055	3	3	3	293
69	7	67.8509	127	80	9	293
69	8	10.3646	2	2	2	293
69	9	12.5116	0	0	0	293
69	10	8.3218	1	1	1	293
70	1	37.1953	5	4	1	378
70	2	17.5050	3	3	3	378
70	3	135.3735	196	161	86	378
70	4	7.8371	1	1	1	378
70	5	20.3747	4	4	3	378
70	6	37.0623	4	3	2	378
70	7	85.5131	163	97	9	378
70	8	11.3485	1	1	1	378
70	9	16.3337	1	1	1	378
70	10	9.4568	0	0	0	378
71	1	40.5196	4	2	1	421
71	2	19.5646	0	0	0	421
71	3	146.7971	218	171	90	421
71	4	7.2512	0	0	0	421
71	5	21.4455	2	2	2	421
71	6	40.8568	3	3	1	421
71	7	103.1500	192	124	19	421
71	8	12.8479	1	1	1	421
71	9	17.6126	1	0	0	421
71	10	10.9547	0	0	0	421
72	1	35.4354	3	1	1	382
72	2	17.9284	4	3	2	382
72	3	141.4929	213	175	95	382
72	4	7.1310	1	1	0	382
72	5	18.3340	1	1	1	382
72	6	37.7875	4	4	2	382
72	7	86.8422	155	110	11	382
72	8	11.9144	0	0	0	382
72	9	16.0070	1	1	1	382
72	10	9.1270	0	0	0	382
73	1	33.1139	2	1	1	349
73	2	16.1647	2	1	1	349
73	3	124.9193	187	151	85	349
73	4	6.1543	0	0	0	349
73	5	19.1787	3	2	2	349
73	6	33.4582	1	1	0	349
73	7	82.4776	153	95	12	349
73	8	10.6233	1	1	0	349
73	9	14.5588	0	0	0	349
73	10	8.3513	0	0	0	349
74	1	36.1142	3	3	2	365
74	2	17.7949	2	2	1	365
74	3	128.2798	207	159	79	365
74	4	7.0175	0	0	0	365
74	5	18.7780	1	1	0	365
74	6	37.2253	3	3	1	365
74	7	84.8934	148	83	10	365
74	8	10.5302	0	0	0	365
74	9	15.1369	1	0	0	365
74	10	9.2296	0	0	0	365
75	1	32.6655	3	3	1	359
75	2	19.4189	7	6	5	359
75	3	127.0293	187	147	83	359
75	4	6.1116	0	0	0	359
75	5	19.1770	2	2	2	359
75	6	34.4048	1	1	0	359
75	7	85.2351	155	99	18	359
75	8	10.8587	2	1	1	359
75	9	15.4372	2	1	1	359
75	10	8.6623	0	0	0	359
76	1	38.8241	6	5	3	391
76	2	17.9555	5	3	1	391
76	3	135.9640	197	164	91	391
76	4	7.4063	1	1	1	391
76	5	20.7123	2	2	2	391
76	6	37.6998	3	2	2	391
76	7	94.7753	176	121	16	391
76	8	10.9662	0	0	0	391
76	9	16.2589	1	0	0	391
76	10	10.4372	0	0	0	391
77	1	37.6934	4	3	2	401
77	2	19.0811	4	3	2	401
77	3	148.9652	215	173	109	401
77	4	6.7978	0	0	0	401
77	5	20.2718	1	1	1	401
77	6	37.9471	2	2	1	401
77	7	92.5631	174	104	11	401
77	8	11.5663	0	0	0	401
77	9	16.7222	1	0	0	401
77	10	9.3922	0	0	0	401
78	1	42.2322	2	2	2	434
78	2	19.3476	1	1	1	434
78	3	154.5030	235	180	100	434
78	4	7.2986	0	0	0	434
78	5	21.9279	2	2	0	434
78	6	41.0334	2	2	1	434
78	7	104.9149	188	125	18	434
78	8	12.2460	0	0	0	434
78	9	18.9497	3	3	1	434
78	10	11.5468	1	1	1	434
79	1	51.5460	3	2	2	552
79	2	28.3894	5	5	4	552
79	3	193.1096	296	238	130	552
79	4	9.7409	1	1	0	552
79	5	28.8953	1	1	1	552
79	6	52.1300	3	3	3	552
79	7	132.6615	240	164	22	552
79	8	15.4549	1	1	0	552
79	9	24.8674	1	1	1	552
79	10	15.2053	1	1	0	552
80	1	68.7733	3	3	3	746
80	2	36.4640	5	4	4	746
80	3	270.3931	419	329	177	746
80	4	12.8325	0	0	0	746
80	5	38.0562	1	1	1	746
80	6	73.3544	3	3	2	746
80	7	172.0018	308	182	32	746
80	8	21.2168	1	1	1	746
80	9	32.3693	2	1	1	746
80	10	20.5390	4	4	3	746
81	1	94.1393	4	4	2	1005
81	2	51.4226	12	8	7	1005
81	3	346.0210	513	402	211	1005
81	4	18.6347	1	1	1	1005
81	5	52.3632	4	4	3	1005
81	6	96.3106	3	2	1	1005
81	7	245.6445	461	289	47	1005
81	8	30.0496	3	3	2	1005
81	9	44.3147	3	3	3	1005
81	10	26.0998	1	1	1	1005
82	1	88.6650	5	2	1	919
82	2	45.0031	8	6	4	919
82	3	319.6621	484	371	202	919
82	4	16.0349	0	0	0	919
82	5	49.3578	5	5	4	919
82	6	89.0275	2	2	1	919
82	7	220.8009	412	257	29	919
82	8	28.2403	2	2	2	919
82	9	39.1535	1	1	1	919
82	10	23.0550	0	0	0	919
83	1	66.5515	2	2	0	720
83	2	37.0466	6	4	4	720
83	3	251.9845	369	290	163	720
83	4	14.3983	2	2	2	720
83	5	36.7367	2	2	2	720
83	6	70.7084	7	4	2	720
83	7	174.2666	332	210	26	720
83	8	20.2262	0	0	0	720
83	9	30.2296	0	0	0	720
83	10	17.8517	0	0	0	720
84	1	56.8378	3	3	3	584
84	2	27.5705	5	3	2	584
84	3	197.2045	298	226	124	584
84	4	10.4768	0	0	0	584
84	5	29.4986	1	1	1	584
84	6	61.9613	6	6	6	584
84	7	144.2142	269	188	23	584
84	8	17.2447	1	1	1	584
84	9	24.7286	1	1	0	584
84	10	14.2628	0	0	0	584
85	1	47.3547	3	2	1	517
85	2	22.7922	4	4	4	517
85	3	194.5674	286	239	136	517
85	4	8.8493	1	1	1	517
85	5	25.8228	1	1	1	517
85	6	47.4887	2	2	2	517
85	7	120.3671	214	155	17	517
85	8	14.6542	2	2	1	517
85	9	21.4037	3	2	1	517
85	10	13.6995	1	1	1	517
86	1	50.2711	5	2	0	521
86	2	22.8832	1	0	0	521
86	3	179.5332	263	205	117	521
86	4	10.0398	1	1	1	521
86	5	27.0875	2	2	2	521
86	6	52.1544	4	4	2	521
86	7	128.0903	243	154	18	521
86	8	15.0291	1	1	1	521
86	9	22.7628	0	0	0	521
86	10	13.1487	1	1	1	521
87	1	59.7202	9	5	3	608
87	2	27.2720	2	1	1	608
87	3	211.5652	308	240	139	608
87	4	10.9988	1	1	1	608
87	5	29.8127	0	0	0	608
87	6	57.9927	3	2	2	608
87	7	150.7208	284	196	25	608
87	8	17.5070	0	0	0	608
87	9	26.3439	0	0	0	608
87	10	16.0666	1	1	0	608
88	1	63.4821	3	3	3	674
88	2	31.4087	8	5	2	674
88	3	243.5838	351	282	163	674
88	4	12.0079	0	0	0	674
88	5	34.2045	2	2	1	674
88	6	64.2138	2	2	2	674
88	7	160.2773	308	208	21	674
88	8	18.9858	0	0	0	674
88	9	29.1063	0	0	0	674
88	10	16.7300	0	0	0	674
89	1	76.2103	9	6	5	759
89	2	41.5903	11	10	7	759
89	3	270.5389	416	313	178	759
89	4	13.4023	0	0	0	759
89	5	38.7097	1	1	1	759
89	6	70.1530	3	2	0	759
89	7	173.1584	313	193	25	759
89	8	23.5207	3	3	3	759
89	9	32.4762	2	1	1	759
89	10	19.2403	1	1	0	759
90	1	101.5564	9	5	4	1033
90	2	52.5262	7	7	5	1033
90	3	353.6750	519	412	218	1033
90	4	19.1709	1	1	1	1033
90	5	53.0753	2	2	2	1033
90	6	103.6164	7	6	5	1033
90	7	248.4665	487	303	30	1033
90	8	29.4075	0	0	0	1033
90	9	44.9686	0	0	0	1033
90	10	26.5374	1	1	1	1033
91	1	126.1861	13	7	2	1342
91	2	62.0324	9	7	5	1342
91	3	473.0762	684	539	313	1342
91	4	23.4121	0	0	0	1342
91	5	69.9719	8	8	8	1342
91	6	135.2103	11	10	9	1342
91	7	322.0290	612	419	42	1342
91	8	38.9851	1	1	0	1342
91	9	56.1253	1	0	0	1342
91	10	34.9718	3	3	2	1342
92	1	152.5170	9	6	5	1584
92	2	80.6810	17	11	10	1584
92	3	534.1281	775	626	313	1584
92	4	28.7778	1	1	1	1584
92	5	80.8229	4	3	3	1584
92	6	158.6814	5	5	5	1584
92	7	392.4834	765	481	55	1584
92	8	47.0998	2	2	2	1584
92	9	67.6673	3	2	1	1584
92	10	41.1413	3	3	2	1584
93	1	150.2761	12	9	3	1525
93	2	73.7223	11	7	6	1525
93	3	523.7770	782	614	323	1525
93	4	27.7910	1	1	0	1525
93	5	78.1090	3	3	3	1525
93	6	150.3292	6	6	6	1525
93	7	369.6265	703	469	38	1525
93	8	47.3944	5	5	4	1525
93	9	63.9476	1	1	1	1525
93	10	40.0269	1	1	1	1525
94	1	116.3139	7	5	3	1192
94	2	56.4860	7	4	4	1192
94	3	410.1231	588	460	269	1192
94	4	20.5695	0	0	0	1192
94	5	64.3566	6	6	6	1192
94	6	122.3306	7	7	7	1192
94	7	282.9060	571	376	31	1192
94	8	35.7101	2	2	1	1192
94	9	53.1353	4	4	2	1192
94	10	30.0685	0	0	0	1192
95	1	94.5532	9	4	3	989
95	2	47.9236	9	9	6	989
95	3	336.4837	471	374	218	989
95	4	17.8551	2	2	2	989
95	5	49.4573	5	3	3	989
95	6	99.9541	8	6	5	989
95	7	245.7359	480	324	48	989
95	8	27.7193	0	0	0	989
95	9	44.4990	4	3	3	989
95	10	24.8190	1	1	1	989
96	1	91.4292	8	6	4	925
96	2	46.3650	8	6	5	925
96	3	314.3083	448	352	190	925
96	4	16.9587	2	2	2	925
96	5	46.7661	2	2	1	925
96	6	92.6689	4	4	2	925
96	7	224.8924	446	287	34	925
96	8	26.8715	1	1	1	925
96	9	40.3580	5	5	3	925
96	10	24.3816	1	1	1	925
97	1	95.2504	12	8	5	930
97	2	43.0539	2	1	1	930
97	3	308.9117	446	345	186	930
97	4	16.6964	0	0	0	930
97	5	47.6835	3	3	2	930
97	6	96.7812	9	7	5	930
97	7	228.1514	453	290	27	930
97	8	27.9028	1	1	1	930
97	9	40.9636	4	4	1	930
97	10	24.6050	0	0	0	930
98	1	100.2648	7	5	4	1053
98	2	52.5003	6	5	4	1053
98	3	362.5010	544	410	225	1053
98	4	19.9745	2	2	1	1053
98	5	52.1798	4	4	1	1053
98	6	105.8006	6	5	4	1053
98	7	255.8722	480	318	44	1053
98	8	30.9584	1	1	1	1053
98	9	45.8737	2	2	2	1053
98	10	27.0747	1	1	1	1053
99	1	126.0151	16	9	4	1294
99	2	64.0754	12	10	7	1294
99	3	451.8209	634	521	294	1294
99	4	23.4464	1	1	1	1294
99	5	63.8871	3	3	1	1294
99	6	127.5651	10	9	4	1294
99	7	309.9575	611	404	43	1294
99	8	37.8957	2	2	2	1294
99	9	55.3183	4	3	2	1294
99	10	34.0187	1	1	1	1294
100	1	152.6438	15	8	4	1581
100	2	77.9313	14	10	7	1581
100	3	538.0895	796	620	348	1581
100	4	27.9831	2	2	2	1581
100	5	79.6280	2	2	2	1581
100	6	161.1897	11	10	7	1581
100	7	388.5574	738	485	62	1581
100	8	47.4284	2	2	2	1581
100	9	68.5183	1	1	1	1581
100	10	39.0307	0	0	0	1581
101	1	178.3084	14	7	3	1801
101	2	88.3725	11	8	6	1801
101	3	606.0720	871	678	387	1801
101	4	32.4607	1	1	1	1801
101	5	89.8677	1	1	1	1801
101	6	180.2592	9	9	5	1801
101	7	442.8679	883	564	74	1801
101	8	53.3975	1	1	1	1801
101	9	80.6281	5	3	2	1801
101	10	48.7661	5	5	5	1801
102	1	194.6060	19	11	4	1999
102	2	99.0239	10	5	3	1999
102	3	674.7636	1001	777	414	1999
102	4	36.2385	3	3	1	1999
102	5	101.9058	5	5	4	1999
102	6	199.9228	11	9	5	1999
102	7	488.8342	937	631	73	1999
102	8	61.1985	5	5	4	1999
102	9	89.1985	6	5	3	1999
102	10	53.3079	2	2	2	1999
103	1	195.2087	21	10	5	2000
103	2	94.9303	15	9	5	2000
103	3	682.1851	994	784	446	2000
103	4	36.0882	1	1	1	2000
103	5	101.6107	6	5	4	2000
103	6	199.7817	11	8	5	2000
103	7	490.4001	943	637	79	2000
103	8	60.2133	3	3	2	2000
103	9	88.0742	3	2	2	2000
103	10	51.5076	3	3	2	2000
104	1	189.1978	26	20	11	1869
104	2	86.8431	13	9	4	1869
104	3	624.2521	883	684	386	1869
104	4	33.1636	2	2	1	1869
104	5	98.3412	11	11	11	1869
104	6	191.3714	20	16	8	1869
104	7	460.0626	908	594	74	1869
104	8	54.9305	1	1	1	1869
104	9	80.6777	3	2	2	1869
104	10	50.1600	2	2	1	1869
105	1	167.1530	12	9	4	1726
105	2	83.4951	14	7	5	1726
105	3	596.9009	840	671	403	1726
105	4	29.8987	1	1	0	1726
105	5	85.7544	3	3	2	1726
105	6	170.4590	9	9	6	1726
105	7	423.7154	839	558	57	1726
105	8	50.6663	3	3	0	1726
105	9	74.2175	4	3	3	1726
105	10	43.7397	1	1	0	1726
106	1	164.2635	19	9	3	1695
106	2	80.8386	13	8	6	1695
106	3	570.6263	799	646	357	1695
106	4	30.2299	3	2	1	1695
106	5	87.7766	7	5	5	1695
106	6	171.6744	16	14	5	1695
106	7	418.9390	829	573	63	1695
106	8	51.7135	4	4	4	1695
106	9	74.6021	3	3	2	1695
106	10	44.3363	2	2	2	1695
107	1	169.1877	16	9	6	1734
107	2	81.0104	12	8	6	1734
107	3	587.6502	851	679	365	1734
107	4	29.4870	0	0	0	1734
107	5	90.9058	8	8	3	1734
107	6	176.4918	9	9	4	1734
107	7	426.0142	829	530	55	1734
107	8	52.1077	3	3	2	1734
107	9	75.1356	5	5	4	1734
107	10	46.0097	1	1	1	1734
108	1	176.3937	17	12	5	1805
108	2	87.1705	21	14	10	1805
108	3	607.3598	869	705	378	1805
108	4	32.6604	3	3	3	1805
108	5	90.1245	4	4	3	1805
108	6	185.8032	13	12	11	1805
108	7	452.3343	875	594	72	1805
108	8	51.1133	1	1	0	1805
108	9	76.3715	1	1	1	1805
108	10	45.6680	1	1	1	1805
109	1	190.6894	14	11	7	1965
109	2	88.8938	10	6	3	1965
109	3	664.4524	938	758	437	1965
109	4	33.1267	0	0	0	1965
109	5	102.3107	8	8	6	1965
109	6	200.1519	21	17	8	1965
109	7	483.2827	957	628	82	1965
109	8	61.9598	9	9	7	1965
109	9	89.0782	6	5	5	1965
109	10	51.0544	2	2	2	1965
110	1	220.0891	18	11	6	2234
110	2	112.4161	16	10	9	2234
110	3	755.0634	1095	861	483	2234
110	4	39.7471	2	2	1	2234
110	5	113.6488	5	5	3	2234
110	6	223.6191	6	6	3	2234
110	7	544.7230	1080	703	77	2234
110	8	67.7458	2	2	2	2234
110	9	95.1904	3	2	0	2234
110	10	61.7570	7	7	5	2234
111	1	270.9685	23	15	10	2785
111	2	136.1733	21	17	9	2785
111	3	949.3477	1341	1068	612	2785
111	4	50.4483	2	2	2	2785
111	5	142.4320	10	9	6	2785
111	6	278.8635	14	11	9	2785
111	7	682.0721	1362	887	97	2785
111	8	80.8436	4	4	3	2785
111	9	122.8852	8	8	6	2785
111	10	70.9660	0	0	0	2785
112	1	281.6276	31	13	9	2886
112	2	143.7664	26	20	10	2886
112	3	971.1940	1370	1105	618	2886
112	4	51.9358	2	2	2	2886
112	5	149.0123	12	12	9	2886
112	6	291.8309	16	14	8	2886
112	7	703.4795	1412	932	107	2886
112	8	90.5178	8	8	7	2886
112	9	127.7537	7	7	3	2886
112	10	74.8821	2	1	1	2886
113	1	274.6723	19	9	7	2859
113	2	144.9195	33	20	12	2859
113	3	990.9114	1376	1093	667	2859
113	4	48.2532	0	0	0	2859
113	5	139.8888	5	4	0	2859
113	6	279.1021	13	12	6	2859
113	7	695.6755	1400	934	107	2859
113	8	87.0031	6	6	5	2859
113	9	123.8375	4	4	3	2859
113	10	74.7363	3	3	2	2859
114	1	245.4582	31	19	9	2501
114	2	128.6574	27	11	11	2501
114	3	835.8137	1194	948	539	2501
114	4	45.7007	3	3	3	2501
114	5	124.2005	6	6	6	2501
114	6	252.6057	11	9	7	2501
114	7	615.3807	1217	818	101	2501
114	8	80.1295	7	7	7	2501
114	9	110.0300	4	4	3	2501
114	10	63.0230	1	1	1	2501
115	1	229.1961	27	16	12	2318
115	2	110.2494	18	9	7	2318
115	3	771.4534	1081	872	488	2318
115	4	41.9417	1	1	0	2318
115	5	121.2199	12	10	7	2318
115	6	237.5186	18	17	8	2318
115	7	575.1142	1148	789	82	2318
115	8	72.6491	8	8	5	2318
115	9	100.5545	5	4	3	2318
115	10	58.1027	0	0	0	2318
116	1	215.0688	13	7	3	2247
116	2	112.8527	22	8	5	2247
116	3	758.5939	1051	850	495	2247
116	4	39.8079	2	2	2	2247
116	5	115.8712	10	10	7	2247
116	6	230.9930	16	16	11	2247
116	7	547.7147	1124	726	93	2247
116	8	67.6795	4	4	3	2247
116	9	99.4335	3	3	3	2247
116	10	58.9846	2	2	2	2247
117	1	242.9765	26	15	9	2411
117	2	116.6239	17	11	5	2411
117	3	810.5271	1152	914	512	2411
117	4	41.4288	1	1	1	2411
117	5	121.5743	8	8	5	2411
117	6	246.1841	15	12	10	2411
117	7	587.1613	1175	761	92	2411
117	8	73.9141	5	5	3	2411
117	9	106.3859	9	6	4	2411
117	10	64.2236	3	3	3	2411
118	1	256.1625	21	12	10	2602
118	2	125.5713	23	9	6	2602
118	3	877.9891	1227	990	578	2602
118	4	43.8589	1	1	1	2602
118	5	135.5955	10	10	9	2602
118	6	269.5549	23	15	11	2602
118	7	631.1480	1284	846	88	2602
118	8	77.4532	3	3	3	2602
118	9	115.5748	9	9	7	2602
118	10	69.0912	1	1	1	2602
119	1	263.8216	19	8	5	2730
119	2	138.8136	30	18	13	2730
119	3	900.4794	1269	1036	547	2730
119	4	48.9042	1	1	1	2730
119	5	140.1109	8	8	6	2730
119	6	276.3992	17	13	7	2730
119	7	687.1442	1372	937	114	2730
119	8	81.3455	4	4	2	2730
119	9	120.9826	6	6	6	2730
119	10	71.9984	4	4	2	2730
120	1	325.9068	40	19	8	3298
120	2	167.0920	34	21	17	3298
120	3	1098.9698	1556	1211	686	3298
120	4	60.2842	4	4	3	3298
120	5	174.1745	16	15	13	3298
120	6	335.8590	32	22	15	3298
120	7	801.3240	1598	1074	134	3298
120	8	101.9998	9	9	8	3298
120	9	147.2509	8	8	3	3298
120	10	85.1395	1	1	1	3298
121	1	399.2161	40	19	10	4060
121	2	211.8637	45	28	15	4060
121	3	1340.2373	1898	1498	853	4060
121	4	73.3523	5	5	5	4060
121	5	206.4388	8	8	6	4060
121	6	417.3222	19	13	7	4060
121	7	999.9500	2029	1326	149	4060
121	8	123.3312	9	9	7	4060
121	9	181.0383	5	4	2	4060
121	10	107.2507	2	2	2	4060
122	1	501.0082	39	25	15	5060
122	2	258.8502	50	22	14	5060
122	3	1645.5201	2403	1880	982	5060
122	4	90.5918	2	2	2	5060
122	5	255.1079	8	7	5	5060
122	6	525.8663	35	29	19	5060
122	7	1265.1612	2488	1616	211	5060
122	8	154.6712	12	11	10	5060
122	9	225.6088	14	11	8	5060
122	10	137.6145	9	9	6	5060
123	1	562.5629	56	26	13	5706
123	2	296.0925	62	30	23	5706
123	3	1875.5564	2690	2127	1155	5706
123	4	109.7039	9	9	9	5706
123	5	298.3256	21	20	14	5706
123	6	591.4427	44	34	23	5706
123	7	1393.6814	2792	1807	201	5706
123	8	174.5161	13	13	10	5706
123	9	252.1354	13	11	8	5706
123	10	151.9830	6	6	4	5706
124	1	529.8231	45	22	13	5355
124	2	272.5827	57	28	20	5355
124	3	1750.2244	2481	1939	1068	5355
124	4	94.8640	3	3	2	5355
124	5	276.4097	19	19	11	5355
124	6	554.7476	34	24	13	5355
124	7	1336.2683	2698	1793	206	5355
124	8	161.2323	5	5	4	5355
124	9	238.3510	9	9	6	5355
124	10	140.4956	4	2	1	5355
125	1	417.5625	33	20	13	4279
125	2	219.7664	44	26	21	4279
125	3	1411.1248	1977	1569	895	4279
125	4	76.5034	4	4	3	4279
125	5	216.3993	11	11	8	4279
125	6	438.1498	37	29	18	4279
125	7	1064.6475	2147	1401	176	4279
125	8	131.8695	9	9	6	4279
125	9	190.1984	13	11	9	4279
125	10	112.7780	4	4	4	4279
126	1	366.6982	43	26	15	3651
126	2	179.1502	23	12	11	3651
126	3	1201.9882	1688	1332	753	3651
126	4	62.0232	0	0	0	3651
126	5	187.0490	10	9	8	3651
126	6	379.4609	27	26	20	3651
126	7	910.0110	1838	1182	151	3651
126	8	109.4699	4	4	3	3651
126	9	160.4355	13	9	6	3651
126	10	94.7141	5	5	4	3651
127	1	350.5675	27	17	8	3574
127	2	172.9152	33	18	14	3574
127	3	1206.3855	1718	1372	796	3574
127	4	66.0480	6	6	5	3574
127	5	181.9596	10	10	7	3574
127	6	364.0293	24	19	9	3574
127	7	874.0323	1731	1156	138	3574
127	8	108.0090	7	7	5	3574
127	9	154.8465	9	9	5	3574
127	10	95.2074	9	9	7	3574
128	1	379.6013	48	28	14	3784
128	2	186.3923	39	25	17	3784
128	3	1236.5754	1746	1381	773	3784
128	4	69.4158	4	4	3	3784
128	5	191.5808	11	10	6	3784
128	6	390.3190	25	22	13	3784
128	7	944.6642	1891	1301	166	3784
128	8	114.8600	5	5	3	3784
128	9	170.6178	12	10	7	3784
128	10	99.9741	3	3	3	3784
129	1	405.5231	44	24	15	4092
129	2	203.4772	35	23	19	4092
129	3	1340.6563	1888	1473	838	4092
129	4	74.7004	6	6	5	4092
129	5	211.4016	10	9	7	4092
129	6	422.7053	21	19	12	4092
129	7	1022.8180	2064	1416	172	4092
129	8	126.4881	12	11	7	4092
129	9	174.1878	3	2	1	4092
129	10	110.0413	9	9	8	4092
130	1	468.3620	39	17	6	4747
130	2	240.4019	53	24	18	4747
130	3	1544.1895	2167	1742	974	4747
130	4	84.0622	2	2	1	4747
130	5	241.1910	12	12	8	4747
130	6	498.1864	41	38	24	4747
130	7	1184.9307	2405	1599	195	4747
130	8	143.4383	7	7	6	4747
130	9	214.3622	14	13	12	4747
130	10	127.8758	7	7	3	4747
131	1	568.0324	40	20	12	5750
131	2	282.4905	53	28	19	5750
131	3	1862.4325	2610	2090	1135	5750
131	4	101.6485	4	4	3	5750
131	5	295.8723	20	20	15	5750
131	6	603.6558	33	25	16	5750
131	7	1463.8388	2970	2020	244	5750
131	8	171.3768	6	4	4	5750
131	9	251.1601	10	7	6	5750
131	10	149.4922	4	4	3	5750
132	1	712.2324	65	43	22	7205
132	2	354.0422	58	39	26	7205
132	3	2336.2604	3195	2560	1459	7205
132	4	124.3966	2	2	1	7205
132	5	364.7423	22	20	10	7205
132	6	754.2832	62	49	28	7205
132	7	1836.6548	3760	2582	325	7205
132	8	217.4081	12	12	9	7205
132	9	315.2571	18	17	14	7205
132	10	189.7235	11	11	9	7205
133	1	939.7632	105	64	37	9321
133	2	473.9030	94	50	39	9321
133	3	2988.9845	4204	3321	1828	9321
133	4	165.8548	6	6	5	9321
133	5	476.9153	23	22	13	9321
133	6	969.1039	61	49	35	9321
133	7	2374.3813	4798	3250	421	9321
133	8	278.1314	9	9	8	9321
133	9	408.8589	15	11	8	9321
133	10	245.1043	6	4	3	9321
134	1	1090.2840	86	42	21	10918
134	2	550.6735	98	50	34	10918
134	3	3495.6156	4877	3822	2129	10918
134	4	192.4570	5	5	5	10918
134	5	563.4638	32	29	22	10918
134	6	1130.5156	59	51	27	10918
134	7	2783.8193	5707	3863	433	10918
134	8	334.9219	19	19	17	10918
134	9	485.7529	26	23	16	10918
134	10	290.4957	9	9	7	10918
135	1	1143.4028	94	44	26	11456
135	2	572.3676	105	51	41	11456
135	3	3645.7703	5112	4045	2154	11456
135	4	201.7282	6	4	2	11456
135	5	583.1717	26	23	20	11456
135	6	1196.7702	75	57	37	11456
135	7	2962.7553	5996	4137	547	11456
135	8	346.1940	15	14	12	11456
135	9	502.0017	18	16	12	11456
135	10	301.8375	9	9	9	11456
136	1	1031.8638	89	57	38	10341
136	2	516.1730	94	57	41	10341
136	3	3314.3902	4590	3605	1986	10341
136	4	188.2061	11	11	8	10341
136	5	521.7023	20	19	12	10341
136	6	1085.7183	84	68	41	10341
136	7	2647.1426	5405	3613	460	10341
136	8	308.9354	11	10	10	10341
136	9	454.5736	25	21	13	10341
136	10	272.2932	12	11	9	10341
137	1	948.4365	88	44	26	9484
137	2	463.2654	75	47	33	9484
137	3	3064.9627	4326	3375	1876	9484
137	4	167.0429	2	2	2	9484
137	5	482.8241	25	23	17	9484
137	6	984.8677	73	55	26	9484
137	7	2419.5382	4854	3376	457	9484
137	8	291.7564	15	14	14	9484
137	9	413.9086	21	17	10	9484
137	10	247.3971	5	5	4	9484
138	1	1022.8762	114	59	30	10156
138	2	498.2642	86	43	28	10156
138	3	3202.4541	4442	3509	1891	10156
138	4	181.0931	9	9	7	10156
138	5	511.2950	25	19	13	10156
138	6	1069.4261	64	48	32	10156
138	7	2648.8188	5369	3769	525	10156
138	8	306.7494	15	15	14	10156
138	9	450.6975	24	22	14	10156
138	10	264.3247	8	7	4	10156
139	1	1189.0672	96	50	29	12018
139	2	575.2088	87	44	29	12018
139	3	3843.1803	5355	4280	2329	12018
139	4	212.3624	9	8	7	12018
139	5	613.9445	30	28	20	12018
139	6	1254.2172	79	61	41	12018
139	7	3125.4382	6298	4431	609	12018
139	8	363.7826	23	22	21	12018
139	9	525.0839	31	24	12	12018
139	10	315.7129	10	10	10	12018
140	1	1430.3951	113	53	27	14497
140	2	697.6852	102	58	33	14497
140	3	4635.8097	6315	5014	2799	14497
140	4	256.4639	9	9	7	14497
140	5	741.6939	36	29	22	14497
140	6	1515.5739	89	70	43	14497
140	7	3766.9355	7768	5282	740	14497
140	8	441.7069	23	22	19	14497
140	9	629.1660	31	26	16	14497
140	10	381.5690	11	11	11	14497
141	1	1750.5120	181	96	51	17427
141	2	839.6154	135	72	52	17427
141	3	5490.1369	7572	6010	3232	17427
141	4	307.9310	6	6	4	17427
141	5	907.7327	61	57	45	17427
141	6	1826.4999	94	67	45	17427
141	7	4557.1823	9301	6492	888	17427
141	8	526.8346	25	24	19	17427
141	9	760.2289	34	32	28	17427
141	10	460.3242	18	17	10	17427
142	1	1987.8990	202	112	63	19672
142	2	955.2467	167	94	60	19672
142	3	6156.8889	8477	6665	3614	19672
142	4	350.6024	16	16	13	19672
142	5	1006.9991	41	36	27	19672
142	6	2069.0847	120	94	58	19672
142	7	5160.9750	10557	7468	979	19672
142	8	593.7676	23	20	16	19672
142	9	866.1442	44	41	27	19672
142	10	524.3917	25	23	17	19672
143	1	2067.2137	217	113	53	20645
143	2	978.7439	158	82	54	20645
143	3	6553.1062	8928	7047	3923	20645
143	4	363.4412	8	8	8	20645
143	5	1056.3198	48	46	37	20645
143	6	2150.3895	122	95	67	20645
143	7	5397.9164	11062	7689	1052	20645
143	8	619.1160	26	25	23	20645
143	9	915.3520	53	47	31	20645
143	10	543.4020	23	22	19	20645
144	1	2055.7278	177	103	56	20355
144	2	976.1179	164	89	58	20355
144	3	6399.6375	8817	6987	3820	20355
144	4	359.0340	8	7	5	20355
144	5	1035.7426	42	37	27	20355
144	6	2129.2822	128	103	55	20355
144	7	5344.2836	10927	7725	1046	20355
144	8	615.9436	31	29	25	20355
144	9	901.5125	43	38	21	20355
144	10	537.7150	18	16	10	20355
145	1	2119.5423	195	98	58	21113
145	2	989.2231	146	74	48	21113
145	3	6653.9567	9156	7237	3998	21113
145	4	374.6365	15	14	9	21113
145	5	1086.5378	54	47	33	21113
145	6	2209.3850	133	106	59	21113
145	7	5546.9163	11311	8062	1078	21113
145	8	632.0486	26	26	19	21113
145	9	936.2158	52	45	29	21113
145	10	564.5379	25	25	19	21113
146	1	2152.4139	216	118	70	21433
146	2	998.9751	176	89	55	21433
146	3	6776.6201	9250	7413	4108	21433
146	4	379.5164	12	12	9	21433
146	5	1108.0207	71	66	45	21433
146	6	2239.3104	134	106	63	21433
146	7	5628.9539	11489	8078	1118	21433
146	8	641.2661	24	21	15	21433
146	9	947.8373	42	37	24	21433
146	10	560.0842	19	18	12	21433
147	1	2189.4554	218	112	62	21701
147	2	1011.1979	149	78	52	21701
147	3	6858.8876	9467	7492	4108	21701
147	4	384.5511	17	16	15	21701
147	5	1118.4402	64	63	46	21701
147	6	2267.5695	138	116	76	21701
147	7	5698.4800	11551	8160	1131	21701
147	8	648.0764	23	23	18	21701
147	9	955.1811	51	43	28	21701
147	10	569.1592	23	22	18	21701
148	1	2233.6899	199	95	43	22446
148	2	1049.3540	182	90	57	22446
148	3	7106.9851	9739	7739	4300	22446
148	4	396.5164	13	13	7	22446
148	5	1155.2294	66	63	48	22446
148	6	2344.9273	158	127	69	22446
148	7	5926.3947	12000	8592	1202	22446
148	8	670.4024	30	27	19	22446
148	9	983.1178	43	37	25	22446
148	10	579.3820	16	16	12	22446
149	1	2326.5261	224	118	66	23187
149	2	1090.8122	184	100	70	23187
149	3	7342.2056	9986	7945	4416	23187
149	4	407.7203	10	10	8	23187
149	5	1185.0564	58	55	37	23187
149	6	2404.4507	140	104	66	23187
149	7	6134.2690	12492	8844	1257	23187
149	8	690.8747	29	28	26	23187
149	9	1003.4278	43	36	19	23187
149	10	601.6575	21	20	15	23187
150	1	2631.3186	257	130	63	26133
150	2	1215.7440	196	103	67	26133
150	3	8185.3691	11080	8886	4916	26133
150	4	456.8198	12	12	8	26133
150	5	1350.2637	83	76	55	26133
150	6	2738.4324	165	141	87	26133
150	7	6949.4379	14249	10155	1422	26133
150	8	777.3827	28	27	22	26133
150	9	1144.8091	47	40	21	26133
150	10	683.4233	16	15	14	26133
151	1	2779.0454	251	120	62	27773
151	2	1272.7080	190	104	74	27773
151	3	8643.2287	11679	9427	5190	27773
151	4	483.3641	6	6	5	27773
151	5	1439.9586	84	77	55	27773
151	6	2913.0147	175	136	82	27773
151	7	7470.2873	15280	11057	1634	27773
151	8	827.2295	31	30	25	27773
151	9	1223.8208	64	56	38	27773
151	10	720.3420	13	12	9	27773
152	1	2866.7499	271	140	72	28376
152	2	1292.4447	184	97	51	28376
152	3	8878.1365	11980	9609	5299	28376
152	4	499.4613	11	11	7	28376
152	5	1464.6177	78	71	51	28376
152	6	2964.3015	173	138	99	28376
152	7	7576.6759	15564	11035	1535	28376
152	8	850.6095	39	37	30	28376
152	9	1245.7261	57	51	38	28376
152	10	737.2774	19	19	14	28376
153	1	2983.5252	276	129	73	29675
153	2	1368.6843	206	107	76	29675
153	3	9273.0203	12504	10045	5533	29675
153	4	528.1045	22	22	20	29675
153	5	1526.5266	86	79	48	29675
153	6	3099.9704	163	126	77	29675
153	7	7949.9884	16308	11685	1654	29675
153	8	892.3941	39	39	34	29675
153	9	1281.3674	48	43	27	29675
153	10	771.4147	23	22	13	29675
154	1	3009.1605	258	141	72	29833
154	2	1373.7757	183	101	68	29833
154	3	9357.5020	12760	10224	5615	29833
154	4	521.6710	11	11	10	29833
154	5	1532.8227	79	69	45	29833
154	6	3113.1733	179	134	85	29833
154	7	7947.7159	16257	11597	1714	29833
154	8	885.3883	21	21	14	29833
154	9	1314.3959	63	51	33	29833
154	10	777.3942	22	20	16	29833
155	1	2974.9284	286	138	73	29702
155	2	1357.8637	207	101	71	29702
155	3	9346.8352	12605	10149	5667	29702
155	4	517.5301	11	11	6	29702
155	5	1525.1612	74	72	56	29702
155	6	3104.3195	185	150	83	29702
155	7	7922.2116	16216	11620	1634	29702
155	8	887.0546	29	28	22	29702
155	9	1290.0280	66	58	32	29702
155	10	776.0658	23	22	15	29702
156	1	3049.2476	308	176	94	30254
156	2	1380.3654	192	109	75	30254
156	3	9458.5682	12756	10185	5657	30254
156	4	528.2854	11	11	11	30254
156	5	1561.1686	92	86	53	30254
156	6	3151.1218	176	145	77	30254
156	7	8100.0801	16582	11964	1757	30254
156	8	899.8112	39	36	24	30254
156	9	1336.1905	75	64	42	30254
156	10	789.1631	23	22	17	30254
157	1	3250.1951	308	166	83	32241
157	2	1452.2310	194	96	72	32241
157	3	10103.7504	13610	10977	6063	32241
157	4	565.5779	19	19	17	32241
157	5	1650.9768	73	68	46	32241
157	6	3348.0547	179	133	81	32241
157	7	8662.1849	17731	12827	1929	32241
157	8	956.5350	30	27	25	32241
157	9	1404.8117	64	58	37	32241
157	10	846.6797	33	29	22	32241
158	1	3573.8227	345	163	84	35531
158	2	1595.0433	241	123	72	35531
158	3	11053.4132	14693	11852	6707	35531
158	4	621.7007	14	14	9	35531
158	5	1825.8729	94	89	59	35531
158	6	3722.1475	231	171	102	35531
158	7	9585.3068	19756	14302	2103	35531
158	8	1070.4309	47	45	38	35531
158	9	1556.2600	78	66	42	35531
158	10	926.9991	32	31	23	35531
159	1	3977.6386	389	210	107	39410
159	2	1788.4921	257	142	89	39410
159	3	12334.2328	16492	13359	7382	39410
159	4	698.2769	25	24	20	39410
159	5	2034.7052	124	118	80	39410
159	6	4071.1189	205	150	86	39410
159	7	10595.7349	21761	15784	2393	39410
159	8	1170.4284	40	39	26	39410
159	9	1715.6720	84	68	47	39410
159	10	1023.6978	33	31	22	39410
160	1	4309.0432	404	208	101	42755
160	2	1914.0419	279	136	100	42755
160	3	13235.4145	17755	14243	7828	42755
160	4	756.4464	24	24	17	42755
160	5	2202.1544	112	105	76	42755
160	6	4467.1086	242	182	106	42755
160	7	11593.9826	23757	17345	2603	42755
160	8	1283.4757	53	50	42	42755
160	9	1875.0479	90	77	59	42755
160	10	1118.2797	39	36	28	42755
161	1	4650.8759	450	223	113	46133
161	2	2071.8446	287	150	99	46133
161	3	14303.6098	19163	15466	8629	46133
161	4	811.0065	17	16	13	46133
161	5	2362.6806	96	90	60	46133
161	6	4810.9791	271	197	130	46133
161	7	12520.2987	25671	18723	2818	46133
161	8	1373.6587	55	51	38	46133
161	9	2018.8192	85	76	45	46133
161	10	1209.2208	38	37	29	46133
162	1	4827.9872	480	252	124	47857
162	2	2137.1072	272	144	96	47857
162	3	14904.0678	19991	16045	9113	47857
162	4	849.4643	22	22	19	47857
162	5	2462.8139	127	120	79	47857
162	6	4980.7110	309	231	136	47857
162	7	12938.1748	26482	19291	2940	47857
162	8	1429.8548	59	56	48	47857
162	9	2080.6522	78	66	38	47857
162	10	1246.1586	37	36	34	47857
163	1	5154.0180	505	255	138	51201
163	2	2294.6242	369	212	138	51201
163	3	15963.7334	21201	17164	9722	51201
163	4	903.1182	27	27	19	51201
163	5	2629.2909	131	122	77	51201
163	6	5307.2901	293	220	133	51201
163	7	13875.0918	28485	20742	3200	51201
163	8	1523.6797	54	50	39	51201
163	9	2220.7990	100	88	52	51201
163	10	1329.3516	36	35	22	51201
164	1	5635.2981	539	271	140	55783
164	2	2492.4422	343	188	125	55783
164	3	17231.2683	22879	18520	10415	55783
164	4	981.0330	27	26	20	55783
164	5	2891.0264	159	146	105	55783
164	6	5811.7550	326	251	157	55783
164	7	15181.0501	31293	22887	3535	55783
164	8	1674.7230	68	67	52	55783
164	9	2429.2590	103	88	60	55783
164	10	1455.1437	46	43	39	55783
165	1	6386.4778	662	338	178	62927
165	2	2826.0724	432	225	155	62927
165	3	19407.9828	25851	20802	11670	62927
165	4	1096.6396	18	18	15	62927
165	5	3232.4735	158	141	100	62927
165	6	6549.3617	351	259	152	62927
165	7	17158.7350	35192	25932	4099	62927
165	8	1883.2699	72	70	59	62927
165	9	2750.1321	136	112	72	62927
165	10	1635.8492	55	53	42	62927
166	1	6967.5496	708	350	169	68816
166	2	3062.6350	396	220	128	68816
166	3	21220.2658	28257	22878	12799	68816
166	4	1217.3507	44	44	34	68816
166	5	3550.8060	184	167	113	68816
166	6	7162.7907	363	264	162	68816
166	7	18758.4493	38581	28268	4331	68816
166	8	2067.2190	81	77	61	68816
166	9	3007.0444	143	116	77	68816
166	10	1801.8863	59	56	44	68816
167	1	7122.2907	690	361	187	70506
167	2	3130.7395	425	223	148	70506
167	3	21732.8577	28855	23360	13096	70506
167	4	1235.5623	35	35	29	70506
167	5	3648.1214	192	173	118	70506
167	6	7319.5412	394	297	187	70506
167	7	19309.4299	39643	29283	4635	70506
167	8	2098.3579	77	74	58	70506
167	9	3076.1394	138	117	73	70506
167	10	1832.9593	57	54	30	70506
168	1	7053.4344	706	314	161	69856
168	2	3086.8133	432	240	146	69856
168	3	21681.6070	28769	23357	13311	69856
168	4	1221.5710	20	20	17	69856
168	5	3578.7426	146	129	87	69856
168	6	7226.3781	374	280	176	69856
168	7	19075.4180	39157	28836	4501	69856
168	8	2081.4186	64	62	46	69856
168	9	3035.2030	131	106	71	69856
168	10	1815.4121	57	53	34	69856
169	1	6883.6143	708	347	197	68013
169	2	2987.4202	373	196	126	68013
169	3	21110.4304	27900	22735	12944	68013
169	4	1188.4683	29	28	26	68013
169	5	3510.1566	178	155	108	68013
169	6	7045.6411	356	274	162	68013
169	7	18547.9376	38225	28126	4365	68013
169	8	2024.6060	75	71	56	68013
169	9	2954.4796	122	109	68	68013
169	10	1760.2464	47	47	35	68013
170	1	6635.1709	661	350	171	65407
170	2	2863.0201	346	179	115	65407
170	3	20418.9654	27178	22180	12628	65407
170	4	1150.8633	32	32	23	65407
170	5	3343.2566	138	126	80	65407
170	6	6741.7544	359	266	162	65407
170	7	17744.5609	36419	26794	4105	65407
170	8	1954.9087	82	79	65	65407
170	9	2852.6361	140	112	78	65407
170	10	1701.8579	52	49	39	65407
171	1	6258.8876	634	321	148	62049
171	2	2706.4514	332	179	119	62049
171	3	19379.1828	25566	20976	11983	62049
171	4	1082.5363	24	24	16	62049
171	5	3196.9931	180	166	110	62049
171	6	6396.6745	362	269	160	62049
171	7	16856.3630	34694	25673	3846	62049
171	8	1841.7316	66	63	53	62049
171	9	2722.4101	137	121	74	62049
171	10	1607.7647	54	52	41	62049
172	1	5867.3595	607	308	157	57841
172	2	2526.5037	294	156	97	57841
172	3	18026.8042	23889	19488	11041	57841
172	4	1021.8445	32	31	25	57841
172	5	2979.5280	139	121	80	57841
172	6	5980.8816	323	241	147	57841
172	7	15648.4235	32326	23850	3479	57841
172	8	1725.6908	60	57	47	57841
172	9	2550.9254	121	106	74	57841
172	10	1513.0387	50	49	32	57841
173	1	5605.1694	592	312	156	55427
173	2	2412.2287	319	172	117	55427
173	3	17316.8918	22962	18759	10689	55427
173	4	976.0334	27	26	17	55427
173	5	2858.4500	139	127	86	55427
173	6	5718.5136	355	268	171	55427
173	7	15018.5796	30805	22827	3405	55427
173	8	1640.3519	51	50	36	55427
173	9	2425.0360	121	103	65	55427
173	10	1455.7435	56	54	40	55427
174	1	5421.7332	599	294	144	53648
174	2	2347.1194	322	181	128	53648
174	3	16881.1536	22393	18396	10624	53648
174	4	935.7773	21	20	15	53648
174	5	2769.4587	167	148	114	53648
174	6	5507.5574	298	224	133	53648
174	7	14432.2330	29615	21839	3269	53648
174	8	1593.7299	70	67	49	53648
174	9	2358.4715	117	102	62	53648
174	10	1400.7643	46	43	34	53648
175	1	5271.2591	503	259	134	52279
175	2	2273.4565	276	150	100	52279
175	3	16422.0471	21793	17883	10218	52279
175	4	915.7844	23	22	18	52279
175	5	2693.8856	137	125	85	52279
175	6	5379.8361	324	251	172	52279
175	7	14128.2747	29001	21489	3165	52279
175	8	1554.3272	59	55	44	52279
175	9	2279.7137	114	104	65	52279
175	10	1360.4098	49	47	35	52279
176	1	5184.3832	517	258	131	51380
176	2	2227.3427	295	171	98	51380
176	3	16214.9752	21590	17766	10224	51380
176	4	909.1940	26	25	19	51380
176	5	2670.4507	156	148	96	51380
176	6	5258.7630	290	230	150	51380
176	7	13800.7032	28293	20925	2994	51380
176	8	1530.2951	54	53	39	51380
176	9	2242.8802	107	88	54	51380
176	10	1341.0092	52	50	39	51380
177	1	4972.6285	535	278	145	49258
177	2	2098.7215	227	116	73	49258
177	3	15673.7195	20923	17245	9989	49258
177	4	870.4640	25	23	21	49258
177	5	2539.9312	149	135	87	49258
177	6	5058.1291	318	244	166	49258
177	7	13153.5941	26874	19827	2846	49258
177	8	1470.7537	62	60	54	49258
177	9	2147.7529	114	100	71	49258
177	10	1272.3064	31	30	19	49258
178	1	4755.2486	527	289	137	46900
178	2	2044.9948	250	143	93	46900
178	3	14840.2438	19764	16286	9407	46900
178	4	827.5952	22	20	17	46900
178	5	2423.9573	150	135	90	46900
178	6	4797.7998	289	219	138	46900
178	7	12532.6735	25683	18907	2743	46900
178	8	1393.8016	64	60	46	46900
178	9	2060.0241	105	88	58	46900
178	10	1223.6599	46	44	33	46900
179	1	4384.5730	486	226	114	43627
179	2	1893.0002	255	142	91	43627
179	3	13925.2231	18534	15362	8926	43627
179	4	773.0898	24	23	21	43627
179	5	2266.8759	150	140	109	43627
179	6	4423.7659	251	180	110	43627
179	7	11612.3947	23711	17488	2537	43627
179	8	1295.0200	55	54	43	43627
179	9	1912.6847	115	97	52	43627
179	10	1140.3718	46	45	36	43627
180	1	3995.2096	461	240	120	39385
180	2	1710.6488	224	123	81	39385
180	3	12546.8253	16734	13866	8050	39385
180	4	691.8741	16	15	12	39385
180	5	2033.2301	115	104	70	39385
180	6	4013.2864	229	176	119	39385
180	7	10464.3968	21419	15738	2205	39385
180	8	1171.0916	48	46	41	39385
180	9	1722.0453	89	79	49	39385
180	10	1036.3946	50	47	42	39385
181	1	3602.6225	346	163	83	35990
181	2	1558.8523	187	100	69	35990
181	3	11515.9613	15274	12724	7472	35990
181	4	634.6739	18	18	13	35990
181	5	1872.3079	130	116	86	35990
181	6	3664.2059	193	151	97	35990
181	7	9560.9563	19675	14460	2055	35990
181	8	1070.7227	50	49	32	35990
181	9	1574.4881	82	72	49	35990
181	10	935.2047	35	34	30	35990
182	1	3274.4520	369	172	87	32489
182	2	1400.3561	170	102	71	32489
182	3	10437.8920	14033	11654	6829	32489
182	4	569.6645	14	14	11	32489
182	5	1670.4749	85	79	59	32489
182	6	3302.2468	185	139	84	32489
182	7	8578.3227	17461	12939	1843	32489
182	8	964.5004	41	40	33	32489
182	9	1439.1599	98	84	54	32489
182	10	851.9276	33	32	28	32489
183	1	2975.0724	321	167	85	29676
183	2	1273.3954	146	86	62	29676
183	3	9597.2792	12881	10746	6332	29676
183	4	521.7728	11	11	10	29676
183	5	1521.1792	88	77	56	29676
183	6	2992.0026	167	130	66	29676
183	7	7872.0975	15937	11846	1740	29676
183	8	864.2216	25	25	20	29676
183	9	1293.6532	75	65	42	29676
183	10	765.3255	25	24	17	29676
184	1	2789.4836	330	184	90	27683
184	2	1191.4672	160	89	59	27683
184	3	8988.2678	11975	10010	5983	27683
184	4	488.7235	15	15	14	27683
184	5	1422.2709	97	84	62	27683
184	6	2795.2860	154	120	75	27683
184	7	7262.1573	14824	10928	1556	27683
184	8	815.9990	39	37	31	27683
184	9	1214.4671	67	58	37	27683
184	10	714.8749	22	21	12	27683
185	1	2552.8372	261	135	62	25525
185	2	1099.0315	134	82	48	25525
185	3	8253.9169	11122	9283	5454	25525
185	4	454.3195	18	17	15	25525
185	5	1329.4284	90	79	61	25525
185	6	2576.3984	164	125	76	25525
185	7	6712.0221	13606	10040	1425	25525
185	8	752.3181	35	34	27	25525
185	9	1125.1418	69	60	32	25525
185	10	669.5852	26	24	15	25525
186	1	2451.5704	259	133	62	24438
186	2	1055.3020	120	70	45	24438
186	3	7981.9959	10748	9019	5382	24438
186	4	431.3470	13	13	11	24438
186	5	1269.7049	95	88	52	24438
186	6	2456.9380	137	112	68	24438
186	7	6364.9463	12952	9477	1331	24438
186	8	719.2445	25	23	19	24438
186	9	1069.8246	62	55	37	24438
186	10	637.1231	27	26	19	24438
187	1	2269.2918	250	134	71	22887
187	2	982.5334	128	75	49	22887
187	3	7539.6017	10021	8483	5153	22887
187	4	406.0914	12	12	6	22887
187	5	1181.0611	76	68	53	22887
187	6	2309.8574	157	123	83	22887
187	7	5938.0547	12139	8999	1206	22887
187	8	680.2852	36	36	34	22887
187	9	986.7714	46	35	18	22887
187	10	593.4505	22	21	16	22887
188	1	2178.4913	220	111	63	21888
188	2	939.1680	110	66	45	21888
188	3	7178.2322	9655	8119	4839	21888
188	4	386.4196	14	14	10	21888
188	5	1119.9733	66	54	36	21888
188	6	2193.3305	114	84	52	21888
188	7	5718.1545	11612	8558	1249	21888
188	8	641.2943	23	22	15	21888
188	9	970.0637	56	48	30	21888
188	10	562.8712	18	18	12	21888
189	1	2061.5614	228	125	62	20577
189	2	886.3636	101	69	49	20577
189	3	6848.8182	9290	7760	4670	20577
189	4	363.0282	14	14	12	20577
189	5	1050.5140	60	53	41	20577
189	6	2053.4871	126	92	59	20577
189	7	5281.8374	10670	7872	1016	20577
189	8	602.6228	23	23	16	20577
189	9	893.5837	42	34	22	20577
189	10	535.1836	23	20	16	20577
190	1	1893.0668	219	113	58	19069
190	2	808.2278	94	55	35	19069
190	3	6343.8103	8529	7240	4369	19069
190	4	337.8483	8	8	6	19069
190	5	973.8473	65	59	41	19069
190	6	1898.1230	109	78	44	19069
190	7	4931.1278	9952	7371	1031	19069
190	8	559.5032	27	27	20	19069
190	9	827.4007	42	36	28	19069
190	10	496.0437	24	23	21	19069
191	1	1766.4567	216	101	50	17795
191	2	744.8303	86	43	37	17795
191	3	5890.0355	7956	6746	4002	17795
191	4	311.6340	8	8	6	17795
191	5	918.1302	52	47	34	17795
191	6	1780.8926	104	76	41	17795
191	7	4617.2864	9286	6877	1032	17795
191	8	528.5913	24	24	18	17795
191	9	779.3908	47	41	24	17795
191	10	457.7503	16	16	11	17795
192	1	1618.6157	187	101	55	16263
192	2	701.9418	98	59	49	16263
192	3	5458.6558	7305	6257	3761	16263
192	4	282.9779	5	5	4	16263
192	5	828.2640	54	51	36	16263
192	6	1619.4050	109	86	54	16263
192	7	4138.2989	8415	6152	820	16263
192	8	472.9823	24	22	11	16263
192	9	713.1662	42	37	28	16263
192	10	428.6917	24	24	21	16263
193	1	1452.2747	156	82	41	14687
193	2	622.7223	69	34	23	14687
193	3	4873.1862	6490	5509	3398	14687
193	4	257.4029	8	8	6	14687
193	5	754.1664	54	49	32	14687
193	6	1472.1062	80	63	42	14687
193	7	3808.3863	7758	5690	803	14687
193	8	427.2106	18	17	13	14687
193	9	641.0984	42	39	20	14687
193	10	378.4440	12	12	11	14687
194	1	1325.1514	151	80	41	13364
194	2	566.6536	73	52	37	13364
194	3	4499.6840	6056	5162	3182	13364
194	4	233.8513	8	8	8	13364
194	5	677.5860	43	39	30	13364
194	6	1323.0378	80	63	42	13364
194	7	3405.7972	6880	5075	652	13364
194	8	392.4486	21	20	15	13364
194	9	588.1091	30	24	14	13364
194	10	351.6796	22	20	15	13364
195	1	1221.8562	140	67	36	12421
195	2	531.1947	75	52	32	12421
195	3	4236.4336	5653	4828	3040	12421
195	4	221.4323	9	9	9	12421
195	5	632.3599	50	44	27	12421
195	6	1223.6822	79	57	39	12421
195	7	3133.0324	6354	4676	612	12421
195	8	361.6109	19	19	14	12421
195	9	539.1063	30	27	18	12421
195	10	320.2887	12	11	8	12421
196	1	1135.0935	119	64	33	11523
196	2	483.9607	62	36	26	11523
196	3	3896.0402	5269	4462	2730	11523
196	4	201.6061	8	7	7	11523
196	5	589.7935	47	40	34	11523
196	6	1141.0738	70	58	36	11523
196	7	2948.4029	5892	4369	617	11523
196	8	331.6189	9	9	6	11523
196	9	494.0995	27	25	17	11523
196	10	301.3108	20	19	13	11523
197	1	1070.8201	131	69	50	10742
197	2	457.0348	59	42	32	10742
197	3	3595.9025	4812	4095	2488	10742
197	4	188.8385	8	7	6	10742
197	5	552.2214	45	42	29	10742
197	6	1056.1306	58	45	27	10742
197	7	2757.9924	5566	4142	569	10742
197	8	311.6768	16	15	11	10742
197	9	469.0627	30	25	16	10742
197	10	282.3192	17	16	13	10742
198	1	1010.3210	113	70	46	10175
198	2	419.7667	49	32	26	10175
198	3	3479.7060	4663	3977	2492	10175
198	4	180.9089	7	7	6	10175
198	5	523.1384	35	31	22	10175
198	6	1004.3802	71	56	38	10175
198	7	2573.7254	5190	3834	528	10175
198	8	287.7275	6	6	5	10175
198	9	437.0433	27	21	7	10175
198	10	258.2805	14	14	9	10175
199	1	947.1898	109	52	33	9616
199	2	399.3544	43	25	16	9616
199	3	3291.3700	4406	3751	2341	9616
199	4	164.7009	1	1	1	9616
199	5	488.1633	31	29	19	9616
199	6	940.3530	53	45	22	9616
199	7	2444.5451	4916	3657	483	9616
199	8	278.9391	14	13	11	9616
199	9	416.0613	34	28	18	9616
199	10	245.3226	9	8	8	9616
200	1	894.7701	90	47	27	9145
200	2	387.6538	59	37	25	9145
200	3	3168.3555	4289	3645	2292	9145
200	4	159.5536	6	6	4	9145
200	5	465.3455	33	31	21	9145
200	6	880.5685	48	32	15	9145
200	7	2292.3758	4570	3346	459	9145
200	8	265.7963	16	14	9	9145
200	9	395.9313	22	19	15	9145
200	10	234.6475	12	12	10	9145
201	1	849.0377	97	57	38	8618
201	2	366.6332	50	33	21	8618
201	3	2977.5000	3969	3412	2183	8618
201	4	149.8973	10	10	10	8618
201	5	440.9609	37	34	21	8618
201	6	843.9790	55	49	35	8618
201	7	2162.3556	4354	3243	474	8618
201	8	247.1482	12	11	10	8618
201	9	364.1500	23	21	15	8618
201	10	216.3387	11	11	8	8618
202	1	762.3453	89	47	16	7838
202	2	323.3331	37	23	13	7838
202	3	2674.0646	3594	3089	1919	7838
202	4	137.5375	5	5	5	7838
202	5	401.2621	29	29	23	7838
202	6	770.1307	46	37	22	7838
202	7	1990.8367	3995	2961	424	7838
202	8	231.8650	15	13	11	7838
202	9	342.0352	18	17	11	7838
202	10	204.5905	10	10	7	7838
203	1	706.6931	88	40	24	7223
203	2	299.0457	35	26	17	7223
203	3	2492.1016	3341	2895	1793	7223
203	4	127.1441	4	4	3	7223
203	5	372.1716	33	31	27	7223
203	6	698.2082	53	39	27	7223
203	7	1815.8444	3627	2687	402	7223
203	8	211.4245	12	12	11	7223
203	9	311.9214	19	18	14	7223
203	10	188.4465	11	10	7	7223
204	1	652.0067	62	37	24	6731
204	2	276.3288	38	24	18	6731
204	3	2313.8934	3082	2656	1666	6731
204	4	122.2300	9	9	8	6731
204	5	337.4207	21	18	13	6731
204	6	662.5441	49	41	26	6731
204	7	1705.3967	3433	2623	319	6731
204	8	192.3518	6	6	6	6731
204	9	293.6302	21	17	13	6731
204	10	175.1969	10	10	10	6731
205	1	609.4331	70	36	17	6196
205	2	251.8549	29	20	12	6196
205	3	2143.2592	2877	2497	1584	6196
205	4	109.8000	5	5	4	6196
205	5	318.9357	20	20	18	6196
205	6	604.1254	39	35	23	6196
205	7	1555.1412	3118	2332	309	6196
205	8	179.0749	10	9	5	6196
205	9	265.5404	21	15	9	6196
205	10	158.8349	7	7	6	6196
206	1	545.7832	59	30	16	5674
206	2	238.8484	38	25	18	5674
206	3	1974.0267	2605	2263	1431	5674
206	4	99.2849	4	4	4	5674
206	5	289.3127	28	24	16	5674
206	6	547.8358	36	27	20	5674
206	7	1419.7666	2864	2151	284	5674
206	8	167.9821	13	13	13	5674
206	9	242.4828	15	13	8	5674
206	10	148.6769	12	12	11	5674
207	1	509.2144	64	28	14	5288
207	2	219.4775	31	16	11	5288
207	3	1840.1803	2443	2096	1379	5288
207	4	95.2100	7	7	7	5288
207	5	266.0286	20	19	14	5288
207	6	520.2799	42	37	24	5288
207	7	1330.0155	2654	1980	290	5288
207	8	149.4957	6	6	5	5288
207	9	226.7491	18	17	9	5288
207	10	131.3486	3	3	2	5288
208	1	476.0576	53	31	15	4907
208	2	201.6883	34	18	11	4907
208	3	1715.8670	2308	1979	1289	4907
208	4	84.5572	4	4	4	4907
208	5	250.0303	19	17	14	4907
208	6	471.8802	31	24	13	4907
208	7	1228.1575	2424	1814	271	4907
208	8	137.4561	6	5	4	4907
208	9	213.4098	16	14	9	4907
208	10	127.8952	12	12	7	4907
209	1	453.2460	48	25	9	4779
209	2	199.1933	32	25	13	4779
209	3	1671.6961	2200	1904	1245	4779
209	4	82.0499	2	2	2	4779
209	5	238.8024	16	15	11	4779
209	6	462.9596	32	26	15	4779
209	7	1201.8607	2416	1802	284	4779
209	8	136.4933	9	8	6	4779
209	9	209.3035	17	15	10	4779
209	10	123.3954	7	7	6	4779
210	1	438.5821	53	30	23	4450
210	2	181.9068	28	13	4	4450
210	3	1546.0746	2097	1808	1146	4450
210	4	78.9573	5	5	4	4450
210	5	222.5413	14	13	10	4450
210	6	431.9948	31	25	17	4450
210	7	1113.8083	2197	1629	225	4450
210	8	130.2468	8	8	7	4450
210	9	189.2785	10	10	6	4450
210	10	116.6092	7	7	6	4450
211	1	406.9363	59	38	17	4172
211	2	170.9628	24	9	5	4172
211	3	1455.4079	1963	1692	1074	4172
211	4	73.0430	5	5	3	4172
211	5	212.8680	22	18	14	4172
211	6	404.7001	30	26	19	4172
211	7	1036.3618	2038	1495	218	4172
211	8	122.1485	7	7	6	4172
211	9	183.3037	19	17	11	4172
211	10	106.2668	5	5	4	4172
212	1	370.6081	55	32	19	3822
212	2	167.5350	34	24	21	3822
212	3	1326.3655	1769	1520	964	3822
212	4	66.0644	3	3	2	3822
212	5	190.3131	16	13	11	3822
212	6	369.2427	33	22	13	3822
212	7	954.9014	1884	1421	207	3822
212	8	116.0794	11	11	11	3822
212	9	165.3330	12	9	8	3822
212	10	95.5564	5	5	2	3822
213	1	350.5038	47	27	16	3587
213	2	154.9149	28	16	14	3587
213	3	1234.3979	1648	1403	902	3587
213	4	63.8252	3	3	2	3587
213	5	182.3042	16	15	8	3587
213	6	352.7941	24	20	13	3587
213	7	898.4949	1801	1299	183	3587
213	8	101.1355	4	4	3	3587
213	9	156.1852	13	11	5	3587
213	10	92.4428	3	3	3	3587
214	1	327.9897	47	27	17	3397
214	2	137.9794	18	14	10	3397
214	3	1207.9158	1614	1412	913	3397
214	4	58.3066	2	2	2	3397
214	5	171.5255	15	12	9	3397
214	6	322.4714	24	22	16	3397
214	7	842.4126	1652	1229	178	3397
214	8	97.4859	5	5	3	3397
214	9	140.9917	6	6	3	3397
214	10	89.9210	14	12	6	3397
215	1	308.2447	32	17	8	3190
215	2	127.2129	16	9	7	3190
215	3	1137.5889	1518	1344	858	3190
215	4	58.7560	6	6	6	3190
215	5	160.2770	14	13	10	3190
215	6	303.1326	21	18	13	3190
215	7	780.0168	1557	1113	162	3190
215	8	95.4486	9	9	6	3190
215	9	133.9398	11	8	6	3190
215	10	85.3816	6	5	5	3190
216	1	262.3392	25	14	9	2785
216	2	122.2208	29	21	18	2785
216	3	993.5350	1292	1131	760	2785
216	4	49.0220	3	3	2	2785
216	5	135.1670	9	8	7	2785
216	6	263.9555	16	13	12	2785
216	7	688.3744	1391	1052	163	2785
216	8	79.0709	7	7	3	2785
216	9	118.0826	6	5	4	2785
216	10	73.2328	7	7	6	2785
217	1	250.1491	30	15	8	2611
217	2	106.2667	10	7	7	2611
217	3	933.9876	1270	1087	706	2611
217	4	45.4031	3	3	3	2611
217	5	129.0410	15	14	7	2611
217	6	244.0642	12	6	4	2611
217	7	644.8073	1252	914	143	2611
217	8	77.7036	4	4	4	2611
217	9	113.0146	11	10	5	2611
217	10	66.5626	4	4	4	2611
218	1	233.8356	30	17	11	2442
218	2	97.9510	12	9	5	2442
218	3	860.9751	1153	1010	645	2442
218	4	41.7561	3	3	3	2442
218	5	122.3682	10	7	6	2442
218	6	233.0712	20	13	8	2442
218	7	612.6977	1193	897	132	2442
218	8	71.7994	8	8	7	2442
218	9	105.8177	9	9	7	2442
218	10	61.7277	4	4	2	2442
219	1	223.5413	29	18	8	2308
219	2	95.9604	12	9	7	2308
219	3	833.1383	1099	955	632	2308
219	4	39.6647	2	2	2	2308
219	5	115.9990	15	13	7	2308
219	6	219.1405	16	14	8	2308
219	7	559.2021	1119	829	117	2308
219	8	65.8271	4	4	4	2308
219	9	98.4086	9	6	4	2308
219	10	57.1179	3	2	1	2308
220	1	208.3483	34	18	14	2204
220	2	90.7210	12	7	6	2204
220	3	789.1790	1055	929	611	2204
220	4	40.5065	6	6	4	2204
220	5	111.3044	15	13	10	2204
220	6	210.7509	23	17	11	2204
220	7	533.4175	1036	779	136	2204
220	8	66.9841	9	9	8	2204
220	9	97.0160	10	10	8	2204
220	10	55.7720	4	4	3	2204
221	1	194.6756	21	14	10	2045
221	2	84.8898	9	6	6	2045
221	3	731.9909	983	858	543	2045
221	4	36.4721	3	3	3	2045
221	5	104.2947	11	9	5	2045
221	6	193.7910	12	9	7	2045
221	7	501.7148	992	752	102	2045
221	8	59.4121	3	3	3	2045
221	9	86.7812	9	7	7	2045
221	10	50.9781	2	2	1	2045
222	1	186.4562	29	19	7	1959
222	2	78.9150	8	7	5	1959
222	3	707.3534	930	815	558	1959
222	4	36.1489	5	5	4	1959
222	5	97.9305	9	9	4	1959
222	6	186.2182	12	9	8	1959
222	7	481.3583	958	708	95	1959
222	8	55.9344	2	2	2	1959
222	9	79.8194	3	3	1	1959
222	10	48.8654	3	3	2	1959
223	1	165.1784	18	12	7	1710
223	2	68.8118	5	3	3	1710
223	3	616.0120	836	731	464	1710
223	4	29.0118	2	2	2	1710
223	5	81.7180	1	1	0	1710
223	6	163.9227	15	15	9	1710
223	7	419.8988	819	611	88	1710
223	8	48.0664	3	3	3	1710
223	9	72.3333	6	5	3	1710
223	10	45.0466	5	5	4	1710
224	1	155.4890	10	5	3	1686
224	2	67.9977	9	5	3	1686
224	3	614.0193	842	737	488	1686
224	4	31.1905	5	5	3	1686
224	5	84.7658	9	9	9	1686
224	6	157.9697	15	12	8	1686
224	7	411.0514	783	590	90	1686
224	8	48.2600	3	3	3	1686
224	9	72.0420	6	5	5	1686
224	10	43.2143	4	4	3	1686
225	1	149.8686	22	12	5	1566
225	2	65.4042	13	6	5	1566
225	3	570.5661	751	667	439	1566
225	4	27.8653	2	2	1	1566
225	5	76.3964	5	5	4	1566
225	6	149.4843	16	11	6	1566
225	7	376.3512	746	548	79	1566
225	8	43.4523	1	1	1	1566
225	9	65.6897	6	5	4	1566
225	10	40.9218	4	4	4	1566
226	1	131.4162	18	7	4	1394
226	2	58.7008	12	11	11	1394
226	3	504.9154	685	589	383	1394
226	4	24.1626	2	2	2	1394
226	5	76.4485	14	14	12	1394
226	6	129.0840	13	10	8	1394
226	7	334.8708	639	472	71	1394
226	8	37.9627	1	1	1	1394
226	9	60.6030	7	7	4	1394
226	10	35.8355	3	3	2	1394
227	1	131.6688	21	13	10	1346
227	2	54.9748	9	7	7	1346
227	3	481.7804	644	575	358	1346
227	4	22.5797	0	0	0	1346
227	5	72.5356	15	15	13	1346
227	6	125.2736	10	8	6	1346
227	7	323.6206	629	476	70	1346
227	8	38.7209	4	4	4	1346
227	9	60.0136	10	8	3	1346
227	10	34.8315	4	4	4	1346
228	1	119.1233	14	12	9	1200
228	2	52.0078	8	7	6	1200
228	3	427.5854	578	503	323	1200
228	4	21.8552	2	2	1	1200
228	5	61.8722	9	8	6	1200
228	6	114.4997	15	14	10	1200
228	7	283.9342	562	402	54	1200
228	8	36.9841	4	4	4	1200
228	9	51.3715	6	5	2	1200
228	10	30.7665	2	2	1	1200
229	1	103.9602	13	10	6	1125
229	2	40.8532	4	2	2	1125
229	3	427.8449	561	507	345	1125
229	4	21.5198	3	3	3	1125
229	5	57.4564	10	10	8	1125
229	6	102.8605	14	13	8	1125
229	7	269.5583	513	395	62	1125
229	8	31.0503	3	3	2	1125
229	9	44.1305	3	3	2	1125
229	10	25.7654	1	1	1	1125
230	1	107.5721	17	10	6	1138
230	2	55.0539	16	15	12	1138
230	3	409.4907	555	480	322	1138
230	4	20.3791	3	3	3	1138
230	5	53.3774	4	4	3	1138
230	6	106.3973	11	11	7	1138
230	7	271.3662	514	389	70	1138
230	8	32.0154	6	5	3	1138
230	9	48.3685	4	3	2	1138
230	10	33.9792	8	8	6	1138
231	1	97.4450	11	9	6	1069
231	2	46.1321	11	10	8	1069
231	3	407.6970	547	484	334	1069
231	4	18.2229	2	2	2	1069
231	5	52.0283	5	5	4	1069
231	6	95.7942	10	9	6	1069
231	7	251.9053	473	368	61	1069
231	8	29.2162	3	3	2	1069
231	9	44.1979	6	5	4	1069
231	10	26.3605	1	1	1	1069
232	1	97.6052	19	14	10	1005
232	2	46.2112	14	10	9	1005
232	3	364.2610	478	409	271	1005
232	4	16.8772	0	0	0	1005
232	5	47.9386	5	4	4	1005
232	6	96.5132	13	13	11	1005
232	7	244.7326	471	354	61	1005
232	8	27.9920	2	2	2	1005
232	9	39.0925	2	2	2	1005
232	10	23.7765	1	1	1	1005
233	1	91.1427	13	7	3	1023
233	2	41.8202	8	6	5	1023
233	3	382.6065	519	447	305	1023
233	4	18.2125	3	3	2	1023
233	5	49.5222	6	6	6	1023
233	6	99.0357	15	14	9	1023
233	7	248.4827	457	353	60	1023
233	8	27.6026	0	0	0	1023
233	9	41.3139	1	1	1	1023
233	10	23.2614	1	1	0	1023
234	1	89.1401	15	11	8	917
234	2	36.9973	7	6	4	917
234	3	341.0940	446	398	274	917
234	4	14.5479	0	0	0	917
234	5	43.6370	4	4	4	917
234	6	81.4805	5	5	3	917
234	7	219.6326	429	317	59	917
234	8	25.9608	3	3	2	917
234	9	41.5096	7	7	4	917
234	10	22.9998	1	1	1	917
235	1	85.7023	19	12	5	882
235	2	35.6795	6	4	3	882
235	3	329.3349	446	387	268	882
235	4	15.7473	3	3	2	882
235	5	41.4167	3	2	2	882
235	6	85.3839	13	12	10	882
235	7	200.1961	379	290	40	882
235	8	24.2404	2	1	1	882
235	9	40.2173	7	5	4	882
235	10	24.0820	4	4	4	882
236	1	77.6905	9	6	5	819
236	2	32.6909	6	5	2	819
236	3	313.0604	424	363	248	819
236	4	13.5414	1	1	1	819
236	5	38.6073	4	4	3	819
236	6	77.7191	8	7	6	819
236	7	189.2101	361	257	38	819
236	8	21.6459	1	1	1	819
236	9	34.8940	3	3	3	819
236	10	19.9405	2	2	1	819
237	1	65.3648	2	0	0	740
237	2	31.7121	6	5	5	740
237	3	280.7774	365	327	231	740
237	4	13.6531	2	2	1	740
237	5	34.5887	3	3	2	740
237	6	66.8923	6	5	1	740
237	7	177.2557	349	254	44	740
237	8	21.8029	3	3	2	740
237	9	30.1359	3	3	3	740
237	10	17.8175	1	1	1	740
238	1	72.4892	11	6	4	735
238	2	35.1745	8	8	7	735
238	3	253.5434	346	295	188	735
238	4	12.4053	0	0	0	735
238	5	37.3144	4	4	3	735
238	6	75.0083	13	10	9	735
238	7	173.9648	342	245	32	735
238	8	21.9795	4	4	3	735
238	9	34.2841	7	7	5	735
238	10	18.8368	0	0	0	735
239	1	65.9249	13	8	4	720
239	2	32.0352	10	6	4	720
239	3	265.2587	345	307	205	720
239	4	12.7639	2	2	1	720
239	5	35.1743	4	4	4	720
239	6	65.0966	9	5	2	720
239	7	170.3668	326	238	37	720
239	8	22.3314	4	4	3	720
239	9	31.2639	4	3	3	720
239	10	19.7839	3	3	3	720
240	1	66.5109	9	7	6	725
240	2	33.3645	12	8	8	725
240	3	280.4383	366	322	223	725
240	4	10.9552	0	0	0	725
240	5	34.2123	6	6	6	725
240	6	64.9648	7	6	5	725
240	7	165.8046	314	238	40	725
240	8	21.9844	4	4	3	725
240	9	29.0986	5	5	3	725
240	10	17.6666	2	2	2	725
241	1	64.6647	10	6	4	715
241	2	30.9866	8	6	5	715
241	3	274.0396	357	322	220	715
241	4	13.1579	2	2	2	715
241	5	33.7974	5	5	4	715
241	6	66.7672	11	8	7	715
241	7	166.2289	314	234	41	715
241	8	19.9459	2	2	2	715
241	9	27.9086	3	3	2	715
241	10	17.5036	3	2	1	715
242	1	71.3207	12	8	5	774
242	2	32.5367	11	8	4	774
242	3	292.5105	385	344	236	774
242	4	11.9438	0	0	0	774
242	5	41.2970	9	9	8	774
242	6	75.8578	13	12	10	774
242	7	171.4876	334	241	27	774
242	8	22.8676	3	2	2	774
242	9	33.3494	5	5	5	774
242	10	20.8289	2	2	1	774
243	1	59.7349	7	5	5	653
243	2	28.1584	5	5	4	653
243	3	258.5121	327	298	212	653
243	4	10.1509	1	1	1	653
243	5	30.3242	4	4	2	653
243	6	59.4390	12	10	7	653
243	7	145.9493	291	208	41	653
243	8	18.7777	4	4	4	653
243	9	25.7787	1	1	1	653
243	10	16.1750	1	1	1	653
244	1	61.6898	13	7	4	671
244	2	32.1918	7	6	5	671
244	3	249.2961	324	289	193	671
244	4	10.3438	0	0	0	671
244	5	36.0487	7	7	6	671
244	6	64.1957	14	13	6	671
244	7	154.5568	298	223	33	671
244	8	17.9945	2	2	2	671
244	9	28.4005	5	4	1	671
244	10	16.2823	1	1	1	671
245	1	57.3397	12	7	4	641
245	2	29.5886	9	8	3	641
245	3	251.2331	316	291	212	641
245	4	12.3120	3	3	3	641
245	5	30.5142	3	3	3	641
245	6	58.3777	9	7	6	641
245	7	142.2621	283	217	44	641
245	8	17.5927	2	2	2	641
245	9	25.2906	2	2	1	641
245	10	16.4895	2	2	2	641
246	1	58.6310	12	8	6	635
246	2	29.0308	9	9	8	635
246	3	249.4585	333	297	196	635
246	4	10.3625	1	1	1	635
246	5	28.9093	1	1	1	635
246	6	55.0161	5	3	1	635
246	7	141.4564	263	187	38	635
246	8	16.0033	1	1	1	635
246	9	26.2648	2	2	2	635
246	10	19.8676	8	8	8	635
247	1	55.7044	8	5	4	632
247	2	32.8032	12	11	10	632
247	3	244.0226	340	294	191	632
247	4	12.4231	3	3	3	632
247	5	30.0942	3	3	3	632
247	6	60.9662	15	14	10	632
247	7	135.9879	244	181	29	632
247	8	17.6155	3	3	2	632
247	9	25.0940	1	1	1	632
247	10	17.2894	3	3	3	632
248	1	50.7223	8	5	4	557
248	2	26.3609	6	6	6	557
248	3	203.5199	265	238	163	557
248	4	9.9525	2	2	1	557
248	5	28.4966	6	5	4	557
248	6	54.5164	11	10	7	557
248	7	130.5104	248	188	37	557
248	8	18.5611	5	5	5	557
248	9	20.8276	4	4	4	557
248	10	13.5321	2	2	2	557
249	1	51.8301	8	6	3	581
249	2	21.6548	3	3	2	581
249	3	227.6142	298	269	189	581
249	4	12.4166	3	3	3	581
249	5	28.2052	5	5	4	581
249	6	54.4478	10	8	5	581
249	7	131.6312	251	173	32	581
249	8	16.2933	1	1	1	581
249	9	22.7647	0	0	0	581
249	10	14.1423	2	2	1	581
250	1	49.9896	12	8	6	552
250	2	25.9126	6	4	4	552
250	3	212.7355	283	251	162	552
250	4	9.5936	0	0	0	552
250	5	25.2159	3	3	3	552
250	6	48.9107	10	7	4	552
250	7	129.0929	233	184	32	552
250	8	14.5061	1	1	1	552
250	9	22.2889	2	2	1	552
250	10	13.7544	2	2	2	552
251	1	52.7569	7	5	2	574
251	2	20.6898	3	1	0	574
251	3	203.5844	260	231	151	574
251	4	8.7642	0	0	0	574
251	5	26.2029	1	1	1	574
251	6	54.4054	9	7	4	574
251	7	148.6709	282	225	44	574
251	8	17.3409	3	3	3	574
251	9	25.7511	5	5	5	574
251	10	15.8332	4	4	4	574
252	1	49.9189	8	2	1	621
252	2	25.6704	8	6	3	621
252	3	234.8226	310	269	181	621
252	4	13.8426	3	3	3	621
252	5	32.0725	6	6	4	621
252	6	57.7669	7	5	5	621
252	7	140.1725	263	208	39	621
252	8	23.4988	9	9	8	621
252	9	27.1764	5	5	4	621
252	10	16.0584	2	2	2	621
253	1	51.7759	10	8	7	571
253	2	24.1772	7	3	2	571
253	3	213.2635	272	236	166	571
253	4	9.4098	1	1	1	571
253	5	27.0799	4	3	3	571
253	6	54.2793	8	7	6	571
253	7	136.6081	259	200	44	571
253	8	16.4569	3	3	3	571
253	9	22.9136	4	4	2	571
253	10	15.0357	3	3	3	571
254	1	55.5777	15	9	4	595
254	2	22.0307	6	1	1	595
254	3	222.7061	287	258	181	595
254	4	13.1565	4	4	4	595
254	5	27.3604	5	4	2	595
254	6	58.2738	13	12	9	595
254	7	135.0935	258	190	37	595
254	8	18.3820	3	3	3	595
254	9	27.4550	3	3	3	595
254	10	14.9645	1	1	1	595
255	1	53.4194	7	5	4	596
255	2	26.4884	10	7	5	596
255	3	233.7773	313	269	198	596
255	4	10.8138	2	2	1	596
255	5	27.1003	2	2	2	596
255	6	53.4113	6	5	4	596
255	7	133.7613	247	184	31	596
255	8	16.7179	2	2	2	596
255	9	24.9385	4	4	4	596
255	10	15.5718	3	3	1	596
256	1	49.7023	12	7	5	573
256	2	27.9069	8	7	6	573
256	3	224.3535	300	263	185	573
256	4	12.6891	6	6	5	573
256	5	26.2911	4	3	2	573
256	6	51.7145	5	5	4	573
256	7	124.0608	228	163	31	573
256	8	17.1142	3	3	3	573
256	9	23.6581	4	4	2	573
256	10	15.5094	3	3	2	573
257	1	53.6893	12	10	7	562
257	2	24.3476	6	5	5	562
257	3	214.3209	281	243	173	562
257	4	9.6041	1	1	1	562
257	5	26.7860	6	6	4	562
257	6	53.4434	10	10	9	562
257	7	122.8374	235	179	30	562
257	8	21.7635	8	8	8	562
257	9	23.0692	2	2	1	562
257	10	12.1382	1	1	1	562
258	1	47.2595	11	8	4	521
258	2	20.9023	6	4	4	521
258	3	200.3982	254	222	168	521
258	4	7.9377	0	0	0	521
258	5	23.8705	4	3	1	521
258	6	45.5432	3	2	2	521
258	7	123.9804	232	184	48	521
258	8	14.5938	2	2	2	521
258	9	22.4960	5	2	2	521
258	10	14.0182	4	4	2	521
259	1	51.9449	15	11	10	523
259	2	21.6997	4	3	2	523
259	3	186.6127	254	217	148	523
259	4	7.7763	0	0	0	523
259	5	25.5575	4	4	4	523
259	6	48.6193	6	5	4	523
259	7	130.0086	233	180	39	523
259	8	14.0091	1	1	1	523
259	9	23.8920	5	5	4	523
259	10	12.8800	1	1	1	523
260	1	44.3455	5	3	3	524
260	2	23.5300	7	4	4	524
260	3	209.9182	288	264	175	524
260	4	8.8070	1	1	1	524
260	5	23.2343	5	5	5	524
260	6	48.5770	10	9	7	524
260	7	115.2877	200	140	28	524
260	8	13.5211	1	1	1	524
260	9	24.0178	5	5	4	524
260	10	12.7615	2	0	0	524
261	1	49.7452	7	3	0	569
261	2	23.8894	7	4	4	569
261	3	206.7174	281	242	149	569
261	4	9.6404	1	1	1	569
261	5	29.1900	7	7	6	569
261	6	53.3433	9	9	7	569
261	7	142.7957	252	198	47	569
261	8	15.4044	1	1	0	569
261	9	23.2867	2	2	2	569
261	10	14.9874	2	2	2	569
262	1	48.8068	6	5	4	530
262	2	28.8745	14	10	8	530
262	3	201.3439	260	227	162	530
262	4	9.3702	3	2	1	530
262	5	23.4489	3	3	2	530
262	6	50.6454	12	8	7	530
262	7	116.5573	226	166	27	530
262	8	13.1666	1	1	0	530
262	9	24.4540	3	3	3	530
262	10	13.3324	2	2	2	530
263	1	50.3794	7	5	3	559
263	2	28.3680	13	10	7	559
263	3	205.0974	271	236	154	559
263	4	10.9687	4	4	4	559
263	5	25.1003	2	2	2	559
263	6	51.7588	6	6	5	559
263	7	137.0836	253	182	42	559
263	8	15.9131	1	1	1	559
263	9	20.8273	1	1	1	559
263	10	13.5034	1	1	1	559
264	1	46.0599	9	6	3	557
264	2	25.1820	9	6	6	557
264	3	220.0779	297	269	191	557
264	4	7.8234	0	0	0	557
264	5	24.6734	2	2	2	557
264	6	51.4102	8	7	7	557
264	7	125.5870	222	176	30	557
264	8	17.1964	4	4	4	557
264	9	23.9381	3	3	3	557
264	10	15.0519	3	3	2	557
265	1	49.6143	5	3	2	580
265	2	29.7003	13	10	7	580
265	3	226.0111	295	269	191	580
265	4	9.1212	0	0	0	580
265	5	28.9798	6	5	4	580
265	6	52.5389	8	6	6	580
265	7	126.9395	244	174	30	580
265	8	16.1228	2	2	2	580
265	9	26.0458	5	5	3	580
265	10	14.9259	2	2	2	580
266	1	44.8557	9	5	3	520
266	2	21.3864	3	2	2	520
266	3	193.0163	265	229	149	520
266	4	10.4986	3	3	3	520
266	5	25.0277	5	4	4	520
266	6	52.8645	13	13	10	520
266	7	126.6933	220	176	46	520
266	8	13.9056	1	1	1	520
266	9	19.8656	1	1	1	520
266	10	11.8860	0	0	0	520
267	1	51.7778	16	10	9	529
267	2	23.8068	7	7	6	529
267	3	204.0774	269	237	162	529
267	4	7.7486	0	0	0	529
267	5	25.8672	5	4	4	529
267	6	47.6435	8	5	4	529
267	7	120.4820	220	159	33	529
267	8	15.6407	3	3	3	529
267	9	19.0581	0	0	0	529
267	10	12.8976	1	1	1	529
268	1	48.8832	5	4	3	543
268	2	26.4626	9	9	8	543
268	3	194.8738	259	230	148	543
268	4	9.0643	1	1	1	543
268	5	29.9995	7	6	5	543
268	6	51.0783	7	7	6	543
268	7	127.9249	245	188	35	543
268	8	15.0850	2	2	2	543
268	9	25.4706	5	5	4	543
268	10	14.1576	3	3	2	543
269	1	60.8439	22	19	15	565
269	2	23.7545	5	4	4	565
269	3	210.7766	276	241	167	565
269	4	10.3796	2	2	2	565
269	5	25.2500	2	2	1	565
269	6	54.7456	11	10	7	565
269	7	124.6735	237	177	33	565
269	8	17.1941	3	3	2	565
269	9	23.8077	5	4	3	565
269	10	13.5742	2	2	1	565
270	1	50.9138	15	13	11	497
270	2	19.3907	4	3	2	497
270	3	182.3267	239	206	136	497
270	4	12.0030	4	4	3	497
270	5	27.5959	9	9	8	497
270	6	43.9019	3	3	3	497
270	7	111.4872	214	165	23	497
270	8	14.2876	2	2	2	497
270	9	21.9305	5	5	3	497
270	10	13.1623	2	2	2	497
271	1	47.8979	11	7	7	528
271	2	28.1424	11	11	6	528
271	3	200.4306	269	242	156	528
271	4	8.2705	1	1	0	528
271	5	31.0137	10	10	9	528
271	6	49.7614	10	9	6	528
271	7	111.5354	209	151	31	528
271	8	15.8241	2	2	2	528
271	9	23.1349	4	3	3	528
271	10	11.9892	1	1	1	528
272	1	53.7928	11	5	4	605
272	2	27.2505	6	6	5	605
272	3	236.9934	302	268	197	605
272	4	10.6716	3	3	2	605
272	5	26.5310	2	2	2	605
272	6	55.3597	11	10	7	605
272	7	136.8719	261	200	38	605
272	8	15.9307	2	2	2	605
272	9	28.0319	6	6	6	605
272	10	13.5667	1	0	0	605
273	1	53.1828	14	8	6	624
273	2	31.9883	14	10	7	624
273	3	244.4222	307	273	206	624
273	4	10.5856	2	2	2	624
273	5	26.8964	5	5	4	624
273	6	59.6504	12	9	6	624
273	7	138.8683	259	190	42	624
273	8	18.3811	4	4	4	624
273	9	25.8774	6	3	3	624
273	10	14.1472	1	1	0	624
274	1	51.1694	7	6	5	590
274	2	28.1061	10	9	6	590
274	3	232.0073	295	269	193	590
274	4	9.2284	0	0	0	590
274	5	27.1449	7	4	2	590
274	6	55.1797	11	8	6	590
274	7	131.8014	249	186	42	590
274	8	16.0490	2	2	2	590
274	9	24.5359	6	5	5	590
274	10	14.7783	3	3	3	590
275	1	58.6963	12	5	4	633
275	2	36.1581	13	12	10	633
275	3	241.3055	332	277	183	633
275	4	11.2388	3	3	3	633
275	5	28.7086	5	5	4	633
275	6	58.1936	7	6	5	633
275	7	139.0625	254	195	29	633
275	8	18.5899	3	3	2	633
275	9	24.6094	1	1	1	633
275	10	16.4376	3	3	2	633
276	1	47.2882	9	7	5	544
276	2	28.1103	13	11	9	544
276	3	219.0146	274	249	180	544
276	4	7.4145	0	0	0	544
276	5	27.8320	8	8	6	544
276	6	43.4065	3	2	0	544
276	7	121.7129	230	164	33	544
276	8	14.7005	4	3	3	544
276	9	21.2577	2	2	1	544
276	10	13.2630	1	1	1	544
277	1	64.6439	15	12	10	661
277	2	32.9973	12	9	6	661
277	3	243.6986	326	287	199	661
277	4	10.7360	1	1	1	661
277	5	31.0508	4	4	4	661
277	6	63.6859	10	9	8	661
277	7	153.7644	288	224	44	661
277	8	17.4332	2	2	2	661
277	9	27.0604	2	2	2	661
277	10	15.9294	1	1	1	661
278	1	67.0546	22	13	12	658
278	2	31.0773	9	7	4	658
278	3	246.5477	326	291	189	658
278	4	10.7199	1	1	1	658
278	5	31.0482	3	3	2	658
278	6	61.0736	14	11	7	658
278	7	146.0451	273	201	35	658
278	8	18.1077	1	1	1	658
278	9	29.7011	6	6	6	658
278	10	16.6244	3	3	2	658
279	1	61.0445	16	12	6	661
279	2	30.1524	9	5	4	661
279	3	243.4175	328	292	192	661
279	4	10.8996	1	1	0	661
279	5	31.5180	5	4	4	661
279	6	60.7302	8	5	5	661
279	7	151.7282	277	207	42	661
279	8	20.2553	4	4	2	661
279	9	31.0504	7	7	4	661
279	10	20.2036	6	6	5	661
280	1	58.3639	10	5	5	669
280	2	32.4890	12	10	7	669
280	3	263.7738	356	308	214	669
280	4	10.0630	0	0	0	669
280	5	32.5922	4	4	4	669
280	6	61.1276	8	7	5	669
280	7	148.0054	269	204	32	669
280	8	19.2961	4	4	2	669
280	9	26.5186	3	3	3	669
280	10	16.7705	3	3	3	669
281	1	71.1214	14	8	6	782
281	2	35.7268	8	6	5	782
281	3	294.6606	393	332	233	782
281	4	14.5747	4	4	2	782
281	5	37.0896	5	4	4	782
281	6	76.0256	14	12	9	782
281	7	177.2693	330	250	49	782
281	8	23.2059	4	4	4	782
281	9	33.1900	7	5	4	782
281	10	19.1356	3	2	2	782
282	1	69.7317	10	7	3	790
282	2	46.6634	21	20	14	790
282	3	288.2539	385	324	213	790
282	4	13.0702	2	2	2	790
282	5	38.5322	7	7	5	790
282	6	71.6156	8	6	2	790
282	7	182.4362	346	259	46	790
282	8	24.0145	4	4	4	790
282	9	36.0365	6	6	6	790
282	10	19.6453	1	1	1	790
283	1	72.6394	9	6	3	849
283	2	45.2375	20	15	10	849
283	3	313.1128	419	375	243	849
283	4	13.6878	2	2	2	849
283	5	38.6319	6	5	4	849
283	6	81.6204	17	13	11	849
283	7	202.8489	364	275	63	849
283	8	22.0911	2	2	2	849
283	9	36.4377	5	5	5	849
283	10	22.6923	5	5	3	849
284	1	85.7752	21	13	9	933
284	2	46.8711	14	12	8	933
284	3	355.1703	477	419	276	933
284	4	15.6579	1	1	1	933
284	5	49.7137	9	9	7	933
284	6	90.3454	12	11	10	933
284	7	202.5635	388	273	37	933
284	8	24.5928	1	1	0	933
284	9	39.6246	7	7	6	933
284	10	22.6853	3	3	3	933
285	1	82.4888	20	14	10	898
285	2	44.1903	23	17	12	898
285	3	350.3074	465	414	288	898
285	4	15.4952	2	2	2	898
285	5	39.7982	4	4	4	898
285	6	83.3647	18	16	12	898
285	7	197.0100	354	264	61	898
285	8	24.0721	2	2	2	898
285	9	37.8310	5	5	5	898
285	10	23.4419	5	5	5	898
286	1	81.8093	10	8	6	916
286	2	45.0784	20	14	10	916
286	3	339.8940	464	404	255	916
286	4	14.5525	1	1	0	916
286	5	40.9977	5	3	3	916
286	6	89.4243	21	19	16	916
286	7	211.9367	377	292	64	916
286	8	26.6538	5	5	5	916
286	9	40.9272	8	6	4	916
286	10	24.7264	5	5	4	916
287	1	92.8635	26	14	11	934
287	2	44.7641	10	7	5	934
287	3	324.0864	441	384	233	934
287	4	16.8660	2	2	1	934
287	5	48.1029	10	10	6	934
287	6	96.4298	20	16	14	934
287	7	217.2884	415	291	60	934
287	8	28.4919	3	3	3	934
287	9	41.1755	5	5	3	934
287	10	23.9314	2	2	2	934
288	1	94.4395	16	13	8	990
288	2	51.5117	16	12	12	990
288	3	357.8828	487	420	260	990
288	4	16.1478	1	1	1	990
288	5	52.0884	10	10	7	990
288	6	94.3938	16	14	12	990
288	7	228.3070	432	319	59	990
288	8	27.5206	3	3	3	990
288	9	44.3048	8	8	7	990
288	10	23.4029	1	1	1	990
289	1	96.4773	16	8	4	1021
289	2	52.8723	21	18	9	1021
289	3	367.8602	468	414	273	1021
289	4	16.9963	0	0	0	1021
289	5	48.3100	5	5	3	1021
289	6	100.9197	14	13	9	1021
289	7	234.7984	480	347	58	1021
289	8	30.6346	5	5	5	1021
289	9	46.8603	11	11	8	1021
289	10	25.2711	1	1	1	1021
290	1	117.7259	35	21	16	1201
290	2	56.8695	24	16	10	1201
290	3	448.5791	561	498	356	1201
290	4	21.2260	4	4	4	1201
290	5	56.0624	5	5	5	1201
290	6	115.7400	18	17	14	1201
290	7	269.2365	535	407	71	1201
290	8	33.7557	5	5	5	1201
290	9	52.9480	11	11	8	1201
290	10	28.8568	3	3	2	1201
291	1	101.9082	20	13	11	1102
291	2	52.2511	23	15	11	1102
291	3	412.2936	530	474	310	1102
291	4	22.9179	8	8	6	1102
291	5	50.0738	6	6	6	1102
291	6	101.3832	14	13	7	1102
291	7	254.6043	484	373	68	1102
291	8	32.1495	6	6	6	1102
291	9	44.6895	4	4	3	1102
291	10	29.7292	7	7	6	1102
292	1	111.5740	22	13	6	1239
292	2	56.9826	17	7	7	1239
292	3	476.7881	629	551	389	1239
292	4	21.7048	3	3	3	1239
292	5	60.5832	12	11	8	1239
292	6	123.6727	24	21	16	1239
292	7	265.9077	512	366	52	1239
292	8	34.1521	4	4	3	1239
292	9	53.3617	7	6	5	1239
292	10	34.2733	9	9	8	1239
293	1	121.6629	26	20	14	1263
293	2	60.0470	17	15	14	1263
293	3	457.0928	599	515	350	1263
293	4	22.7091	4	4	4	1263
293	5	60.1602	6	6	5	1263
293	6	119.6748	20	16	8	1263
293	7	294.3575	570	417	71	1263
293	8	38.2954	7	7	7	1263
293	9	55.7954	8	8	7	1263
293	10	33.2046	6	6	4	1263
294	1	119.6756	28	19	10	1296
294	2	69.3962	36	25	17	1296
294	3	489.8555	639	574	385	1296
294	4	22.4422	4	4	4	1296
294	5	67.6448	18	16	13	1296
294	6	118.6235	15	13	10	1296
294	7	281.0925	534	389	72	1296
294	8	38.2878	6	5	5	1296
294	9	56.7088	11	11	9	1296
294	10	32.2728	5	5	5	1296
295	1	125.4655	16	10	6	1380
295	2	62.1565	15	11	8	1380
295	3	521.8018	704	602	412	1380
295	4	23.6593	5	5	5	1380
295	5	67.2169	9	9	9	1380
295	6	130.7938	19	14	10	1380
295	7	321.2381	597	437	84	1380
295	8	37.5531	4	4	3	1380
295	9	58.2842	10	10	7	1380
295	10	31.8309	1	1	1	1380
296	1	142.9821	31	23	18	1527
296	2	74.0427	29	21	16	1527
296	3	566.9557	746	658	448	1527
296	4	26.6725	5	5	2	1527
296	5	74.4810	11	11	8	1527
296	6	141.2298	18	16	12	1527
296	7	348.0551	660	518	97	1527
296	8	44.1770	7	7	7	1527
296	9	67.2201	12	11	6	1527
296	10	41.1845	8	8	7	1527
297	1	154.4004	27	17	10	1631
297	2	77.6065	27	17	12	1631
297	3	605.9116	811	718	465	1631
297	4	30.7196	6	6	6	1631
297	5	82.7415	19	19	11	1631
297	6	156.4155	23	18	15	1631
297	7	366.3804	696	513	84	1631
297	8	46.5062	6	6	4	1631
297	9	68.2719	9	8	7	1631
297	10	42.0457	7	7	7	1631
298	1	156.5726	30	19	8	1680
298	2	71.4853	25	15	7	1680
298	3	618.2343	831	737	462	1680
298	4	26.6926	0	0	0	1680
298	5	86.1409	13	13	12	1680
298	6	154.8260	17	12	4	1680
298	7	402.4011	747	569	119	1680
298	8	48.2103	6	6	5	1680
298	9	70.5149	5	5	4	1680
298	10	44.9214	6	6	3	1680
299	1	156.3781	26	16	8	1757
299	2	84.0955	25	22	18	1757
299	3	650.5418	860	762	504	1757
299	4	32.5109	8	8	8	1757
299	5	87.9725	20	18	12	1757
299	6	170.0898	21	19	15	1757
299	7	407.5446	773	592	114	1757
299	8	53.3486	10	10	10	1757
299	9	72.3878	10	9	8	1757
299	10	42.1303	4	4	4	1757
300	1	177.9643	39	22	15	1797
300	2	86.6937	29	22	14	1797
300	3	639.3792	876	759	468	1797
300	4	30.4268	3	2	2	1797
300	5	91.4934	14	14	14	1797
300	6	166.4497	11	8	4	1797
300	7	418.7057	797	611	98	1797
300	8	52.9049	8	8	7	1797
300	9	84.8741	16	16	13	1797
300	10	48.1079	4	4	3	1797
301	1	172.4250	36	19	12	1893
301	2	96.7996	35	24	20	1893
301	3	688.6467	897	782	530	1893
301	4	32.4669	4	4	4	1893
301	5	92.4295	16	13	12	1893
301	6	184.1566	28	21	16	1893
301	7	441.0074	851	620	127	1893
301	8	54.8817	9	9	6	1893
301	9	82.5146	13	13	11	1893
301	10	47.6712	4	4	4	1893
302	1	167.9135	32	22	11	1808
302	2	84.2022	22	15	13	1808
302	3	668.6589	889	784	509	1808
302	4	28.8405	1	1	1	1808
302	5	88.8911	14	13	10	1808
302	6	177.7370	26	23	17	1808
302	7	411.3580	792	580	102	1808
302	8	58.7953	13	13	12	1808
302	9	74.4096	10	8	5	1808
302	10	47.1937	9	9	7	1808
303	1	208.9828	56	38	28	2083
303	2	101.8689	35	27	25	2083
303	3	740.4709	982	848	544	2083
303	4	36.2653	4	4	4	2083
303	5	101.4126	15	11	8	2083
303	6	200.5736	30	24	16	2083
303	7	490.0329	935	706	134	2083
303	8	61.8949	11	11	10	2083
303	9	88.3494	10	10	7	2083
303	10	53.1481	5	5	4	2083
304	1	197.6151	55	34	22	2040
304	2	91.8802	30	17	11	2040
304	3	752.7226	993	861	572	2040
304	4	40.9738	11	11	10	2040
304	5	96.9544	10	8	5	2040
304	6	191.4918	20	16	10	2040
304	7	469.2773	897	658	111	2040
304	8	62.4298	11	11	10	2040
304	9	86.7444	8	8	7	2040
304	10	49.9101	5	5	4	2040
305	1	210.4655	47	30	15	2225
305	2	103.3927	30	17	11	2225
305	3	807.6322	1075	927	624	2225
305	4	36.1985	1	1	1	2225
305	5	109.6184	17	16	14	2225
305	6	212.5518	32	25	16	2225
305	7	521.8645	994	733	134	2225
305	8	65.7512	11	11	10	2225
305	9	97.7229	10	10	8	2225
305	10	59.8021	8	8	7	2225
306	1	225.0672	55	37	22	2336
306	2	105.9541	26	18	16	2336
306	3	857.7338	1148	982	665	2336
306	4	39.7788	4	4	3	2336
306	5	117.4559	23	22	17	2336
306	6	226.1061	31	26	21	2336
306	7	535.7833	1011	763	132	2336
306	8	64.6906	8	8	8	2336
306	9	103.4103	20	18	13	2336
306	10	60.0196	10	10	5	2336
307	1	213.3856	44	23	14	2367
307	2	102.1605	32	18	12	2367
307	3	893.3806	1158	1035	714	2367
307	4	37.8110	1	1	1	2367
307	5	118.7020	26	21	16	2367
307	6	223.3540	34	25	19	2367
307	7	538.7003	1027	774	131	2367
307	8	70.8182	11	11	11	2367
307	9	106.7517	24	23	17	2367
307	10	61.9354	10	10	9	2367
308	1	242.4356	53	31	20	2567
308	2	107.7832	32	17	13	2567
308	3	945.9403	1254	1101	731	2567
308	4	44.1969	2	2	2	2567
308	5	132.9794	26	23	18	2567
308	6	238.7767	32	25	18	2567
308	7	595.8360	1123	877	162	2567
308	8	76.6118	14	14	12	2567
308	9	113.7094	19	18	18	2567
308	10	68.7305	12	12	9	2567
309	1	259.4819	57	35	25	2668
309	2	114.1698	20	16	13	2668
309	3	999.4572	1360	1184	773	2668
309	4	44.1971	4	4	4	2668
309	5	124.0276	14	12	9	2668
309	6	252.4600	36	32	23	2668
309	7	616.3933	1138	863	176	2668
309	8	77.5834	13	13	13	2668
309	9	113.2484	17	16	12	2668
309	10	66.9804	9	9	6	2668
310	1	248.1105	53	30	14	2726
310	2	112.2246	22	16	14	2726
310	3	1012.0427	1319	1170	791	2726
310	4	45.2524	3	3	2	2726
310	5	139.2603	28	27	23	2726
310	6	256.5139	32	29	21	2726
310	7	646.6319	1228	912	173	2726
310	8	79.2318	13	13	12	2726
310	9	115.0631	14	13	9	2726
310	10	71.6681	14	14	11	2726
311	1	265.0277	59	32	19	2783
311	2	126.0469	37	27	16	2783
311	3	995.1485	1286	1112	749	2783
311	4	52.3444	10	10	8	2783
311	5	141.9157	29	27	22	2783
311	6	259.3044	27	24	18	2783
311	7	660.8003	1287	952	176	2783
311	8	86.8060	16	16	16	2783
311	9	122.2777	21	20	15	2783
311	10	73.3287	11	10	5	2783
312	1	243.4605	40	25	14	2671
312	2	119.1040	26	16	15	2671
312	3	969.2469	1265	1086	743	2671
312	4	44.7056	5	5	4	2671
312	5	127.7332	14	12	11	2671
312	6	261.3462	38	30	20	2671
312	7	645.5311	1249	951	184	2671
312	8	78.8130	12	12	10	2671
312	9	115.2271	15	13	10	2671
312	10	65.8320	7	7	5	2671
313	1	257.5025	54	24	11	2803
313	2	134.9925	43	29	23	2803
313	3	1026.9030	1377	1187	797	2803
313	4	49.7768	6	6	6	2803
313	5	144.4964	26	26	20	2803
313	6	265.1064	33	23	17	2803
313	7	658.2073	1235	938	172	2803
313	8	82.3994	11	11	11	2803
313	9	116.6336	15	12	11	2803
313	10	66.9826	3	2	2	2803
314	1	264.8242	54	21	12	2864
314	2	126.4196	36	22	14	2864
314	3	1068.6836	1394	1230	833	2864
314	4	52.6418	9	9	7	2864
314	5	148.3965	31	29	23	2864
314	6	278.4571	47	40	29	2864
314	7	638.1333	1248	905	135	2864
314	8	88.1206	14	14	11	2864
314	9	124.6362	22	20	16	2864
314	10	73.6864	9	9	9	2864
315	1	269.8967	50	36	23	2846
315	2	128.5088	35	28	23	2846
315	3	1058.7507	1374	1213	818	2846
315	4	48.5659	7	7	7	2846
315	5	134.8428	18	15	13	2846
315	6	264.4477	30	25	17	2846
315	7	663.1398	1289	954	175	2846
315	8	85.4471	16	16	15	2846
315	9	120.3511	17	14	11	2846
315	10	72.0489	10	10	9	2846
316	1	267.0337	51	34	22	2888
316	2	128.6465	37	32	24	2888
316	3	1081.3635	1445	1272	841	2888
316	4	51.3551	6	6	5	2888
316	5	142.0743	15	14	11	2888
316	6	272.6246	26	22	16	2888
316	7	656.9484	1263	925	171	2888
316	8	88.3271	16	15	14	2888
316	9	127.2967	19	18	15	2888
316	10	72.3300	10	10	7	2888
317	1	282.3302	46	25	11	3030
317	2	133.4477	32	23	19	3030
317	3	1135.7431	1472	1293	875	3030
317	4	50.9536	5	5	5	3030
317	5	145.8503	21	18	17	3030
317	6	276.9390	29	23	13	3030
317	7	713.9777	1386	1034	192	3030
317	8	85.8247	13	13	8	3030
317	9	128.0985	16	15	11	3030
317	10	76.8346	10	9	7	3030
318	1	291.0163	71	30	19	3063
318	2	142.4771	44	33	29	3063
318	3	1135.9603	1514	1314	892	3063
318	4	54.2271	7	7	5	3063
318	5	156.0657	29	26	21	3063
318	6	285.8302	35	26	20	3063
318	7	689.5849	1322	993	164	3063
318	8	92.4585	16	16	14	3063
318	9	136.9078	17	17	15	3063
318	10	78.4709	8	7	6	3063
319	1	300.4817	69	46	28	3030
319	2	133.5131	34	26	18	3030
319	3	1144.0002	1507	1327	904	3030
319	4	53.2623	8	8	6	3030
319	5	152.8969	24	24	20	3030
319	6	281.8179	38	32	27	3030
319	7	667.4150	1304	966	142	3030
319	8	87.6623	13	13	12	3030
319	9	133.5370	24	19	13	3030
319	10	75.4135	9	8	4	3030
320	1	288.9251	64	39	23	2992
320	2	128.5302	31	20	16	2992
320	3	1116.9262	1473	1291	895	2992
320	4	50.4211	4	4	3	2992
320	5	146.6205	20	19	17	2992
320	6	275.7398	37	31	19	2992
320	7	688.9232	1312	991	174	2992
320	8	83.8665	11	11	10	2992
320	9	128.2488	22	21	17	2992
320	10	83.7983	18	17	13	2992
321	1	293.4893	56	42	29	3056
321	2	132.5925	37	26	18	3056
321	3	1131.0513	1491	1304	877	3056
321	4	51.9062	6	5	4	3056
321	5	145.4076	17	16	11	3056
321	6	277.8210	38	30	19	3056
321	7	713.6154	1362	1026	185	3056
321	8	91.7002	14	14	13	3056
321	9	137.7232	24	23	21	3056
321	10	80.6929	11	11	10	3056
322	1	280.2820	68	33	17	2979
322	2	126.8617	32	21	17	2979
322	3	1114.6886	1462	1307	866	2979
322	4	51.8026	7	7	7	2979
322	5	145.5753	20	18	13	2979
322	6	275.6976	36	32	23	2979
322	7	690.9824	1318	1015	164	2979
322	8	84.0057	11	11	10	2979
322	9	133.5723	19	19	15	2979
322	10	75.5314	6	6	5	2979
323	1	282.1803	55	30	21	3009
323	2	126.6546	29	22	15	3009
323	3	1149.8211	1510	1338	927	3009
323	4	50.4007	3	3	3	3009
323	5	148.8143	23	20	17	3009
323	6	278.4493	43	33	28	3009
323	7	674.7815	1301	977	163	3009
323	8	87.5894	13	13	11	3009
323	9	133.8949	23	22	18	3009
323	10	76.4135	9	9	9	3009
324	1	297.4948	69	41	22	3153
324	2	132.9575	30	20	16	3153
324	3	1183.6748	1532	1366	941	3153
324	4	52.6500	3	3	3	3153
324	5	156.9670	23	21	19	3153
324	6	288.3938	28	18	14	3153
324	7	728.2019	1428	1076	193	3153
324	8	89.4613	8	8	8	3153
324	9	140.5736	23	21	15	3153
324	10	82.6247	9	9	9	3153
325	1	267.2794	49	33	24	2828
325	2	124.6814	33	23	18	2828
325	3	1063.1348	1416	1238	847	2828
325	4	48.6789	7	7	5	2828
325	5	143.3669	24	22	19	2828
325	6	260.9565	39	34	17	2828
325	7	654.3969	1233	911	166	2828
325	8	75.5198	3	3	3	2828
325	9	121.6705	17	15	13	2828
325	10	68.3134	7	7	6	2828
326	1	285.8390	64	39	20	2989
326	2	126.4324	31	23	17	2989
326	3	1127.9038	1478	1297	883	2989
326	4	51.9699	7	7	5	2989
326	5	150.5491	21	21	17	2989
326	6	274.1192	28	20	13	2989
326	7	681.2586	1321	984	174	2989
326	8	82.5333	7	7	7	2989
326	9	128.9769	21	20	13	2989
326	10	79.4171	11	11	11	2989
327	1	270.1055	41	25	13	2937
327	2	127.6430	33	22	18	2937
327	3	1092.3698	1443	1274	840	2937
327	4	51.5014	5	5	3	2937
327	5	138.7494	16	14	8	2937
327	6	273.4668	31	26	19	2937
327	7	692.6233	1326	1026	179	2937
327	8	84.8397	11	11	10	2937
327	9	127.8834	20	19	18	2937
327	10	77.8175	11	11	11	2937
328	1	266.7830	51	27	18	2925
328	2	121.6770	33	24	20	2925
328	3	1125.5639	1442	1287	885	2925
328	4	50.8628	5	5	5	2925
328	5	152.6955	30	30	26	2925
328	6	266.1985	34	29	24	2925
328	7	653.5863	1282	956	157	2925
328	8	90.6745	18	18	17	2925
328	9	125.7644	22	18	14	2925
328	10	71.1942	8	8	7	2925
329	1	272.4012	69	38	22	2865
329	2	122.5108	34	25	18	2865
329	3	1090.5440	1428	1266	871	2865
329	4	47.7194	3	3	3	2865
329	5	132.2556	13	10	7	2865
329	6	263.3760	29	27	20	2865
329	7	656.4342	1257	961	161	2865
329	8	84.7295	12	12	12	2865
329	9	127.5057	18	17	15	2865
329	10	67.5232	2	2	1	2865
330	1	266.6405	59	31	14	2908
330	2	124.7458	35	23	18	2908
330	3	1110.6443	1448	1303	912	2908
330	4	47.6636	4	4	4	2908
330	5	143.8232	22	20	20	2908
330	6	261.9288	33	26	19	2908
330	7	659.5764	1255	967	150	2908
330	8	85.0670	12	12	12	2908
330	9	125.4367	22	16	12	2908
330	10	82.4737	18	18	15	2908
331	1	276.1460	60	28	16	2941
331	2	126.7124	29	23	19	2941
331	3	1100.7207	1419	1285	867	2941
331	4	48.9840	4	4	3	2941
331	5	144.7768	20	18	16	2941
331	6	275.5782	45	33	27	2941
331	7	680.9354	1330	1031	158	2941
331	8	84.0271	11	11	11	2941
331	9	124.9570	11	8	7	2941
331	10	78.1624	12	11	9	2941
332	1	280.0798	65	44	31	2881
332	2	124.2246	31	22	17	2881
332	3	1067.4700	1392	1215	823	2881
332	4	49.6071	4	4	4	2881
332	5	151.7401	31	30	22	2881
332	6	261.4519	23	18	15	2881
332	7	654.7389	1286	960	142	2881
332	8	82.0929	9	9	8	2881
332	9	127.5153	21	20	16	2881
332	10	82.0791	19	19	17	2881
333	1	262.3554	52	32	20	2794
333	2	120.5382	30	22	19	2794
333	3	1069.6893	1411	1220	860	2794
333	4	48.6498	9	9	7	2794
333	5	139.1279	18	18	15	2794
333	6	255.1285	36	23	18	2794
333	7	619.2101	1192	929	144	2794
333	8	84.4723	15	15	12	2794
333	9	119.5799	18	17	13	2794
333	10	75.2486	13	13	11	2794
334	1	256.0221	51	25	14	2755
334	2	122.2017	33	25	18	2755
334	3	1040.0240	1365	1220	817	2755
334	4	49.0222	6	6	6	2755
334	5	134.6504	17	16	14	2755
334	6	256.9949	40	33	22	2755
334	7	624.7786	1210	876	140	2755
334	8	78.1299	8	7	6	2755
334	9	124.4234	21	20	17	2755
334	10	68.7535	4	4	4	2755
335	1	255.0811	50	29	23	2746
335	2	117.3761	24	20	17	2746
335	3	1059.0122	1380	1230	837	2746
335	4	48.8340	8	8	7	2746
335	5	139.1450	24	20	16	2746
335	6	250.3508	32	25	16	2746
335	7	608.8370	1189	871	128	2746
335	8	78.3848	10	10	10	2746
335	9	115.9308	16	13	12	2746
335	10	73.0487	13	13	11	2746
336	1	258.7135	50	33	18	2729
336	2	114.7810	24	19	13	2729
336	3	1035.4717	1358	1188	800	2729
336	4	47.5317	6	6	3	2729
336	5	129.4857	17	14	10	2729
336	6	247.0534	33	27	16	2729
336	7	625.2112	1201	897	138	2729
336	8	77.0113	8	8	7	2729
336	9	121.3208	20	18	13	2729
336	10	72.4195	12	10	7	2729
337	1	252.5193	53	32	20	2616
337	2	115.1340	32	26	23	2616
337	3	995.5457	1322	1162	789	2616
337	4	47.8209	7	7	6	2616
337	5	127.4764	15	14	10	2616
337	6	233.9089	23	17	11	2616
337	7	590.2095	1139	858	127	2616
337	8	77.3269	10	10	9	2616
337	9	110.1964	11	9	9	2616
337	10	65.8621	4	4	4	2616
338	1	239.0294	40	25	19	2597
338	2	106.7345	26	17	14	2597
338	3	995.4273	1277	1135	796	2597
338	4	46.1134	8	8	7	2597
338	5	130.8143	22	21	18	2597
338	6	235.8012	27	20	17	2597
338	7	583.3688	1158	871	123	2597
338	8	73.6337	9	9	9	2597
338	9	113.8930	15	14	13	2597
338	10	72.1838	15	15	15	2597
339	1	229.6640	45	29	18	2517
339	2	104.8519	30	17	15	2517
339	3	962.6625	1227	1083	760	2517
339	4	44.6874	6	6	5	2517
339	5	123.1559	21	20	14	2517
339	6	229.6703	23	17	12	2517
339	7	581.6064	1137	854	126	2517
339	8	71.6691	7	7	5	2517
339	9	103.7298	10	9	6	2517
339	10	65.3028	11	11	10	2517
340	1	242.2433	57	28	19	2493
340	2	100.8861	18	13	11	2493
340	3	924.4835	1216	1078	721	2493
340	4	48.1960	9	9	9	2493
340	5	133.5935	18	18	15	2493
340	6	229.9363	22	17	14	2493
340	7	568.6585	1126	863	113	2493
340	8	70.4713	6	6	6	2493
340	9	107.3573	12	10	9	2493
340	10	67.1739	9	9	8	2493
341	1	225.1965	32	17	13	2476
341	2	99.1593	19	17	13	2476
341	3	949.6605	1207	1078	773	2476
341	4	46.0435	9	9	7	2476
341	5	118.9463	12	12	12	2476
341	6	226.2997	26	23	17	2476
341	7	557.9751	1125	850	114	2476
341	8	73.6607	12	12	11	2476
341	9	112.4426	24	23	20	2476
341	10	66.6156	10	10	10	2476
342	1	232.5435	42	24	15	2453
342	2	99.7179	18	10	5	2453
342	3	950.2373	1246	1095	761	2453
342	4	46.0571	8	8	7	2453
342	5	126.4065	21	19	17	2453
342	6	219.7687	24	20	11	2453
342	7	534.5047	1059	799	97	2453
342	8	68.6406	8	8	5	2453
342	9	111.1415	18	17	14	2453
342	10	63.9818	9	9	5	2453
343	1	232.8076	43	24	18	2496
343	2	100.0628	12	9	9	2496
343	3	944.6080	1243	1085	754	2496
343	4	42.0373	3	3	2	2496
343	5	129.0663	20	19	15	2496
343	6	228.2967	22	18	13	2496
343	7	574.4859	1121	838	127	2496
343	8	73.3537	11	10	9	2496
343	9	106.8604	13	12	9	2496
343	10	64.4209	8	8	7	2496
344	1	238.6471	44	32	17	2479
344	2	98.2359	13	7	6	2479
344	3	936.5959	1211	1061	716	2479
344	4	40.7084	4	4	3	2479
344	5	119.3121	13	12	10	2479
344	6	226.6192	18	15	12	2479
344	7	580.4779	1147	852	116	2479
344	8	69.7769	11	10	7	2479
344	9	105.0787	11	11	9	2479
344	10	63.5476	7	7	5	2479
345	1	217.0673	42	31	20	2234
345	2	89.9993	11	10	7	2234
345	3	836.3908	1086	944	642	2234
345	4	39.1844	4	4	3	2234
345	5	116.7013	22	20	17	2234
345	6	201.7682	17	13	10	2234
345	7	509.5769	1010	780	114	2234
345	8	68.2021	16	15	12	2234
345	9	96.3478	17	14	10	2234
345	10	58.7611	9	9	9	2234
346	1	221.4217	38	23	16	2378
346	2	101.2684	27	21	16	2378
346	3	896.1065	1166	1037	724	2378
346	4	39.4268	4	4	3	2378
346	5	111.6271	10	10	9	2378
346	6	216.8196	25	21	13	2378
346	7	552.7759	1068	829	126	2378
346	8	67.3116	8	8	8	2378
346	9	105.9184	20	19	15	2378
346	10	65.3226	12	12	10	2378
347	1	216.6306	44	29	19	2236
347	2	90.7427	14	13	9	2236
347	3	832.2384	1077	939	639	2236
347	4	42.4381	9	9	8	2236
347	5	115.4690	16	16	16	2236
347	6	203.2605	18	12	7	2236
347	7	514.8001	1023	762	97	2236
347	8	63.7889	9	9	9	2236
347	9	97.0002	14	14	9	2236
347	10	59.6308	12	12	11	2236
348	1	205.2710	35	15	12	2230
348	2	93.4616	19	15	14	2230
348	3	831.8382	1035	926	658	2230
348	4	38.7401	3	3	3	2230
348	5	110.4735	11	11	10	2230
348	6	200.5162	17	13	8	2230
348	7	531.2038	1080	833	124	2230
348	8	60.1405	5	5	4	2230
348	9	100.1093	18	17	16	2230
348	10	58.2455	7	7	7	2230
349	1	204.1992	36	27	16	2148
349	2	92.5770	17	12	10	2148
349	3	806.6192	1040	917	627	2148
349	4	36.6080	4	3	3	2148
349	5	109.5023	18	17	13	2148
349	6	197.2961	23	18	17	2148
349	7	484.0439	972	705	94	2148
349	8	62.3458	9	9	8	2148
349	9	94.3495	17	17	12	2148
349	10	60.4589	12	12	11	2148
350	1	193.7521	24	16	10	2125
350	2	77.2365	8	5	3	2125
350	3	818.6893	1061	938	658	2125
350	4	33.6146	2	2	2	2125
350	5	105.6150	14	13	11	2125
350	6	196.4570	25	22	16	2125
350	7	491.0735	961	728	99	2125
350	8	61.3897	9	9	7	2125
350	9	88.4135	10	10	8	2125
350	10	58.7589	11	10	10	2125
351	1	189.9545	31	16	7	2074
351	2	93.7045	27	21	16	2074
351	3	764.4839	994	875	584	2074
351	4	37.2206	7	5	3	2074
351	5	103.5115	13	12	9	2074
351	6	190.7627	13	12	9	2074
351	7	481.0029	952	711	108	2074
351	8	63.4391	11	11	9	2074
351	9	90.2926	12	11	9	2074
351	10	59.6273	14	13	11	2074
352	1	202.6848	45	24	13	2128
352	2	88.9542	18	14	9	2128
352	3	793.4124	1030	915	620	2128
352	4	40.7029	8	8	8	2128
352	5	105.5927	13	13	8	2128
352	6	198.3115	21	18	11	2128
352	7	497.8683	975	736	117	2128
352	8	59.2540	5	5	5	2128
352	9	89.9500	8	8	8	2128
352	10	51.2691	5	3	3	2128
353	1	200.0268	40	29	23	2033
353	2	81.4184	12	6	6	2033
353	3	766.4733	995	901	593	2033
353	4	35.1235	3	3	2	2033
353	5	97.0927	7	7	5	2033
353	6	184.9696	17	14	11	2033
353	7	466.2520	924	692	93	2033
353	8	57.3029	8	8	6	2033
353	9	89.3976	16	16	10	2033
353	10	54.9430	11	11	9	2033
354	1	187.6786	31	21	16	1968
354	2	82.5883	15	12	11	1968
354	3	758.1231	983	866	604	1968
354	4	31.7512	2	2	1	1968
354	5	90.1298	6	6	4	1968
354	6	179.5803	20	17	12	1968
354	7	445.9535	885	653	83	1968
354	8	56.9509	7	7	5	1968
354	9	85.5593	13	12	10	1968
354	10	49.6849	6	6	4	1968
355	1	177.4660	35	15	11	1959
355	2	79.5160	18	12	10	1959
355	3	750.6609	955	849	590	1959
355	4	35.2338	6	6	6	1959
355	5	91.9695	9	6	6	1959
355	6	177.3985	18	14	9	1959
355	7	448.0761	885	663	108	1959
355	8	58.7104	9	8	6	1959
355	9	88.0181	15	15	12	1959
355	10	51.9505	9	9	8	1959
356	1	179.6320	29	15	12	1935
356	2	90.9839	31	26	24	1935
356	3	744.9894	1001	875	592	1935
356	4	35.8293	7	7	6	1935
356	5	88.3577	6	4	4	1935
356	6	172.2218	18	16	10	1935
356	7	432.7139	819	623	80	1935
356	8	52.9848	4	4	2	1935
356	9	85.9988	13	12	10	1935
356	10	51.2879	7	6	5	1935
357	1	169.6624	25	19	7	1914
357	2	77.8004	16	14	14	1914
357	3	753.3871	961	857	605	1914
357	4	30.3024	1	1	1	1914
357	5	91.0046	15	13	7	1914
357	6	174.3904	18	16	11	1914
357	7	436.2947	855	664	96	1914
357	8	49.9324	3	3	3	1914
357	9	84.7102	16	14	13	1914
357	10	46.5153	4	4	3	1914
358	1	169.2710	24	13	9	1811
358	2	75.3316	15	8	6	1811
358	3	679.4988	884	792	539	1811
358	4	30.8350	3	3	2	1811
358	5	87.4207	5	5	4	1811
358	6	165.2642	15	15	10	1811
358	7	421.9919	843	638	87	1811
358	8	51.1602	4	4	4	1811
358	9	80.9453	12	12	11	1811
358	10	49.2817	6	6	6	1811
359	1	176.6215	28	21	10	1903
359	2	76.9943	11	8	6	1903
359	3	710.6644	944	810	555	1903
359	4	32.9157	2	2	2	1903
359	5	96.5435	16	15	12	1903
359	6	173.7088	11	10	9	1903
359	7	445.1238	862	657	104	1903
359	8	62.5118	15	15	14	1903
359	9	80.9262	12	10	9	1903
359	10	46.9903	2	2	2	1903
360	1	162.3946	30	12	8	1794
360	2	75.2744	15	12	12	1794
360	3	696.2205	903	795	544	1794
360	4	30.2713	3	3	2	1794
360	5	90.7131	15	14	14	1794
360	6	161.6028	14	11	8	1794
360	7	396.9530	783	575	78	1794
360	8	54.0437	11	10	9	1794
360	9	77.6191	10	10	9	1794
360	10	48.9075	10	10	10	1794
361	1	166.1532	27	16	11	1783
361	2	77.9898	15	12	11	1783
361	3	655.3078	862	746	503	1783
361	4	31.4113	3	3	3	1783
361	5	88.5778	10	9	6	1783
361	6	160.8477	13	12	10	1783
361	7	429.5254	838	626	93	1783
361	8	50.0938	4	4	4	1783
361	9	77.6256	8	8	7	1783
361	10	45.4676	3	3	3	1783
362	1	166.6520	24	16	10	1784
362	2	76.8864	16	11	11	1784
362	3	684.2936	876	788	545	1784
362	4	29.7154	2	2	2	1784
362	5	85.1347	10	9	7	1784
362	6	159.9226	11	5	3	1784
362	7	410.2827	823	603	94	1784
362	8	49.7882	5	5	5	1784
362	9	76.0003	11	10	9	1784
362	10	45.3239	6	6	5	1784
363	1	162.3497	29	18	9	1750
363	2	75.2853	16	14	13	1750
363	3	648.7955	814	723	515	1750
363	4	29.3731	3	3	3	1750
363	5	87.8326	12	12	11	1750
363	6	161.2896	11	9	6	1750
363	7	410.8172	842	616	72	1750
363	8	49.3675	4	4	4	1750
363	9	76.4180	10	9	9	1750
363	10	48.4715	9	9	7	1750
364	1	156.6734	22	15	10	1608
364	2	65.0625	4	4	4	1608
364	3	573.1170	762	665	428	1608
364	4	26.8708	1	1	1	1608
364	5	81.5048	10	9	7	1608
364	6	153.1445	16	12	9	1608
364	7	387.3811	775	565	78	1608
364	8	45.9786	4	4	4	1608
364	9	74.2310	9	9	9	1608
364	10	44.0356	5	5	4	1608
365	1	146.7578	30	21	14	1577
365	2	63.0146	9	5	4	1577
365	3	575.2707	735	636	428	1577
365	4	27.5551	2	2	1	1577
365	5	79.6755	11	9	9	1577
365	6	146.9540	13	12	9	1577
365	7	378.9345	753	567	82	1577
365	8	46.0773	6	6	6	1577
365	9	69.7259	11	10	9	1577
365	10	43.0346	7	7	7	1577
366	1	145.1901	22	13	5	1555
366	2	65.2423	15	11	9	1555
366	3	590.1356	762	678	466	1555
366	4	25.0180	0	0	0	1555
366	5	79.3517	16	13	6	1555
366	6	147.5267	17	16	10	1555
366	7	348.5568	702	520	62	1555
366	8	44.4152	4	4	3	1555
366	9	67.0428	10	10	8	1555
366	10	42.5194	7	7	6	1555
367	1	159.7816	27	22	16	1615
367	2	67.5809	14	12	9	1615
367	3	573.1288	722	638	414	1615
367	4	25.7098	1	1	1	1615
367	5	83.0155	13	12	12	1615
367	6	153.6717	15	10	9	1615
367	7	394.9780	808	604	80	1615
367	8	42.4818	1	1	1	1615
367	9	71.8594	8	8	8	1615
367	10	42.7917	6	6	6	1615
368	1	137.1874	24	16	5	1480
368	2	62.9832	15	11	10	1480
368	3	544.5937	695	616	423	1480
368	4	26.3865	2	2	1	1480
368	5	74.5883	9	8	7	1480
368	6	138.6407	10	8	6	1480
368	7	348.4851	704	538	66	1480
368	8	42.7946	7	7	5	1480
368	9	64.8793	9	9	7	1480
368	10	39.4610	5	4	4	1480
369	1	134.6538	24	15	8	1463
369	2	61.2940	8	8	8	1463
369	3	555.3170	703	617	456	1463
369	4	25.8980	4	4	4	1463
369	5	69.0006	5	5	3	1463
369	6	132.2643	9	9	7	1463
369	7	340.4959	692	521	72	1463
369	8	41.6088	5	5	5	1463
369	9	63.0115	8	8	6	1463
369	10	39.4554	5	5	3	1463
370	1	144.8120	33	19	11	1514
370	2	66.7768	14	11	11	1514
370	3	566.7019	751	663	446	1514
370	4	27.0261	3	3	2	1514
370	5	76.6266	10	8	5	1514
370	6	139.7179	11	11	9	1514
370	7	346.2753	673	507	63	1514
370	8	39.9679	2	2	2	1514
370	9	64.9092	9	8	8	1514
370	10	41.1867	8	7	7	1514
371	1	130.8413	26	15	6	1397
371	2	58.0970	12	10	10	1397
371	3	517.1663	688	605	408	1397
371	4	25.3500	1	1	1	1397
371	5	74.4555	14	13	10	1397
371	6	128.3614	14	10	8	1397
371	7	324.5161	622	479	72	1397
371	8	38.5984	3	3	3	1397
371	9	62.0329	10	9	6	1397
371	10	37.5809	7	7	7	1397
372	1	132.3658	31	16	11	1387
372	2	59.3531	12	11	10	1387
372	3	518.3030	684	601	410	1387
372	4	23.6519	0	0	0	1387
372	5	66.9657	6	6	5	1387
372	6	123.8211	9	4	4	1387
372	7	322.3597	624	450	60	1387
372	8	40.0340	4	4	4	1387
372	9	66.4159	16	14	12	1387
372	10	33.7292	1	1	0	1387
373	1	123.4316	14	7	4	1346
373	2	52.2296	6	3	2	1346
373	3	507.0556	669	579	387	1346
373	4	24.2889	3	3	3	1346
373	5	69.3232	9	9	8	1346
373	6	127.7157	21	15	8	1346
373	7	312.2439	612	453	66	1346
373	8	34.3791	0	0	0	1346
373	9	59.9683	8	8	7	1346
373	10	35.3638	4	4	4	1346
374	1	120.6205	15	3	2	1312
374	2	53.3417	6	4	4	1312
374	3	492.1524	640	562	380	1312
374	4	22.9654	1	1	1	1312
374	5	66.8850	7	6	5	1312
374	6	120.0489	10	5	5	1312
374	7	312.9543	627	481	56	1312
374	8	34.8595	0	0	0	1312
374	9	53.9491	3	2	2	1312
374	10	34.2229	3	3	3	1312
375	1	112.5817	13	8	3	1234
375	2	49.6997	8	6	5	1234
375	3	475.6014	610	544	386	1234
375	4	21.0485	2	2	1	1234
375	5	58.1432	4	4	4	1234
375	6	112.2913	10	8	5	1234
375	7	282.4106	566	411	61	1234
375	8	37.7218	8	8	6	1234
375	9	54.2556	9	9	8	1234
375	10	30.2462	4	3	3	1234
376	1	121.1106	17	11	7	1286
376	2	49.6413	8	4	2	1286
376	3	483.4781	621	542	373	1286
376	4	22.2790	2	2	2	1286
376	5	59.8888	4	3	3	1286
376	6	116.7158	7	7	5	1286
376	7	306.7799	614	483	63	1286
376	8	34.6709	1	1	1	1286
376	9	56.6114	6	6	5	1286
376	10	34.8242	6	6	6	1286
377	1	105.4496	17	7	5	1163
377	2	50.7915	13	11	9	1163
377	3	446.3702	586	506	361	1163
377	4	20.4446	4	4	2	1163
377	5	60.9898	11	11	8	1163
377	6	104.8438	4	4	3	1163
377	7	260.4872	514	375	56	1163
377	8	32.5107	3	3	2	1163
377	9	53.4589	10	9	9	1163
377	10	27.6536	1	1	1	1163
378	1	110.8777	18	13	9	1161
378	2	44.5911	5	4	3	1161
378	3	436.0359	549	485	340	1161
378	4	19.7891	2	2	2	1161
378	5	57.4093	5	4	4	1161
378	6	108.4669	5	4	3	1161
378	7	268.6252	564	431	56	1161
378	8	34.5169	6	6	6	1161
378	9	46.7644	1	1	1	1161
378	10	33.9234	6	6	5	1161
379	1	98.3677	17	10	5	1060
379	2	46.2847	7	7	6	1060
379	3	394.2075	508	445	316	1060
379	4	16.9540	1	1	1	1060
379	5	54.3320	7	7	6	1060
379	6	100.4022	13	9	7	1060
379	7	245.4560	495	369	39	1060
379	8	30.6413	3	2	2	1060
379	9	47.0785	7	6	5	1060
379	10	26.2758	2	2	2	1060
380	1	98.5967	20	13	9	1078
380	2	46.2453	9	8	8	1078
380	3	418.5492	528	471	347	1078
380	4	18.8194	2	2	2	1078
380	5	50.5230	5	5	4	1078
380	6	92.4997	6	6	3	1078
380	7	249.3252	496	371	62	1078
380	8	30.6531	3	3	3	1078
380	9	45.7912	7	7	5	1078
380	10	26.9970	2	2	2	1078
381	1	101.3445	15	8	6	1097
381	2	41.5682	8	4	2	1097
381	3	428.9699	562	489	339	1097
381	4	20.8564	6	6	5	1097
381	5	47.6250	1	0	0	1097
381	6	97.5926	8	8	6	1097
381	7	254.3954	483	376	60	1097
381	8	29.2397	2	2	2	1097
381	9	45.8717	7	7	4	1097
381	10	29.5365	5	5	5	1097
382	1	93.1970	16	8	4	1021
382	2	41.5885	8	7	3	1021
382	3	387.4474	489	422	312	1021
382	4	17.5743	2	2	1	1021
382	5	49.0638	4	4	4	1021
382	6	93.7725	7	7	4	1021
382	7	234.1945	480	358	61	1021
382	8	28.1530	2	2	2	1021
382	9	50.0518	11	10	9	1021
382	10	25.9576	2	2	1	1021
383	1	88.7637	16	7	6	959
383	2	37.2596	8	5	2	959
383	3	371.6749	485	426	304	959
383	4	16.7169	2	2	1	959
383	5	49.1277	7	7	5	959
383	6	84.3146	4	4	3	959
383	7	220.2362	427	324	48	959
383	8	24.1874	1	1	1	959
383	9	39.8853	4	3	2	959
383	10	26.8334	5	5	5	959
384	1	88.8888	15	10	7	912
384	2	35.2752	4	4	3	912
384	3	336.0314	432	386	270	912
384	4	15.4067	2	2	1	912
384	5	45.6327	8	5	5	912
384	6	84.2723	7	6	4	912
384	7	217.8070	435	340	45	912
384	8	25.7048	2	2	2	912
384	9	41.4605	7	7	7	912
384	10	21.5209	0	0	0	912
385	1	77.7582	8	5	1	861
385	2	38.7921	9	9	8	861
385	3	321.5102	410	364	258	861
385	4	14.4398	0	0	0	861
385	5	41.7447	5	5	5	861
385	6	77.7948	8	8	7	861
385	7	199.5193	403	288	43	861
385	8	24.7010	4	4	2	861
385	9	38.3440	6	6	4	861
385	10	26.3955	8	8	5	861
386	1	77.7395	9	1	1	885
386	2	35.5801	7	4	3	885
386	3	342.0875	441	399	288	885
386	4	16.9893	3	3	3	885
386	5	47.2695	7	6	6	885
386	6	77.4389	6	4	1	885
386	7	201.4982	404	300	45	885
386	8	25.5323	2	2	2	885
386	9	39.4520	5	4	3	885
386	10	21.4125	1	1	1	885
387	1	72.4651	10	6	3	791
387	2	35.4287	6	5	4	791
387	3	284.3340	344	307	219	791
387	4	14.3701	1	1	1	791
387	5	43.1098	9	9	6	791
387	6	75.2293	7	3	2	791
387	7	189.9130	409	309	37	791
387	8	21.3837	0	0	0	791
387	9	33.6987	2	2	1	791
387	10	21.0676	3	3	3	791
388	1	81.8862	18	11	6	823
388	2	34.2675	5	4	3	823
388	3	305.5276	393	345	237	823
388	4	13.3995	1	1	0	823
388	5	41.9740	5	5	2	823
388	6	77.0455	6	3	2	823
388	7	189.9049	389	303	28	823
388	8	21.7974	0	0	0	823
388	9	35.5682	3	3	2	823
388	10	21.6293	3	3	2	823
389	1	62.0201	6	3	3	719
389	2	25.4032	1	1	1	719
389	3	283.4710	365	315	233	719
389	4	11.4096	0	0	0	719
389	5	33.1162	0	0	0	719
389	6	65.5073	2	2	1	719
389	7	168.1854	335	249	34	719
389	8	19.9793	2	2	2	719
389	9	32.7394	7	6	4	719
389	10	17.1682	1	1	1	719
390	1	69.0294	10	6	4	743
390	2	29.1536	5	4	4	743
390	3	293.5801	375	330	237	743
390	4	11.5078	0	0	0	743
390	5	36.5539	6	5	4	743
390	6	64.5789	3	2	1	743
390	7	165.0604	333	240	36	743
390	8	19.1535	1	1	1	743
390	9	32.9642	5	5	5	743
390	10	21.4183	5	5	4	743
391	1	59.9461	8	3	1	665
391	2	24.4140	6	3	2	665
391	3	252.6973	316	292	198	665
391	4	11.1288	1	1	1	665
391	5	32.5593	3	2	2	665
391	6	59.5876	4	3	3	665
391	7	156.9953	315	241	34	665
391	8	18.9596	3	3	2	665
391	9	29.6538	4	4	4	665
391	10	19.0579	5	5	4	665
392	1	62.5491	12	8	4	639
392	2	25.8553	4	3	3	639
392	3	239.3838	324	282	188	639
392	4	9.6775	0	0	0	639
392	5	29.8708	2	1	1	639
392	6	57.1569	2	1	0	639
392	7	148.8569	286	228	35	639
392	8	16.1844	0	0	0	639
392	9	31.1553	5	5	4	639
392	10	18.3098	4	4	4	639
393	1	57.4560	10	6	4	606
393	2	24.1556	2	2	2	606
393	3	225.4670	286	254	174	606
393	4	9.8401	1	1	0	606
393	5	28.4087	1	1	0	606
393	6	53.7690	4	1	1	606
393	7	146.1604	290	226	30	606
393	8	19.2938	4	4	4	606
393	9	26.8367	7	6	5	606
393	10	14.6126	1	1	1	606
394	1	56.7181	12	5	4	615
394	2	26.3015	4	3	3	615
394	3	238.4708	311	268	196	615
394	4	11.5052	2	2	2	615
394	5	29.6437	2	2	2	615
394	6	54.1533	4	3	1	615
394	7	134.1285	269	186	21	615
394	8	18.6809	3	3	3	615
394	9	27.6562	5	5	5	615
394	10	17.7422	3	3	3	615
395	1	57.2147	10	7	6	571
395	2	23.5275	6	5	3	571
395	3	217.0401	277	243	175	571
395	4	9.9166	1	1	1	571
395	5	28.0511	3	3	2	571
395	6	51.3166	1	0	0	571
395	7	129.6497	269	182	19	571
395	8	16.5926	2	2	1	571
395	9	23.6116	1	1	1	571
395	10	14.0795	1	1	1	571
396	1	51.6320	7	2	1	552
396	2	24.1616	8	2	1	552
396	3	198.3067	251	221	153	552
396	4	9.9567	0	0	0	552
396	5	28.0136	2	1	0	552
396	6	52.8874	7	3	1	552
396	7	131.3709	269	194	24	552
396	8	17.5721	2	2	2	552
396	9	24.0191	5	4	3	552
396	10	14.0799	1	1	0	552
397	1	49.2774	8	7	5	486
397	2	22.0545	7	5	3	486
397	3	168.5312	211	194	119	486
397	4	9.1924	2	2	2	486
397	5	23.8659	3	2	2	486
397	6	44.4380	1	1	0	486
397	7	118.1831	245	188	21	486
397	8	15.6650	4	4	2	486
397	9	20.3963	2	2	2	486
397	10	14.3965	3	3	3	486
398	1	47.7966	7	5	5	503
398	2	18.8732	1	1	1	503
398	3	184.0767	229	199	148	503
398	4	8.4383	2	2	0	503
398	5	23.4344	0	0	0	503
398	6	49.3633	9	7	6	503
398	7	120.2384	247	182	26	503
398	8	14.3586	1	1	1	503
398	9	22.1011	3	3	3	503
398	10	14.3193	4	4	4	503
399	1	42.3975	2	2	2	477
399	2	20.9393	4	3	3	477
399	3	177.3379	222	200	139	477
399	4	8.7539	2	2	2	477
399	5	21.8550	1	1	1	477
399	6	43.3463	4	3	1	477
399	7	117.6744	238	168	24	477
399	8	12.4394	0	0	0	477
399	9	20.6942	3	3	3	477
399	10	11.5622	1	1	1	477
400	1	47.2228	11	2	1	499
400	2	19.8925	2	1	0	499
400	3	182.0220	231	204	138	499
400	4	10.6313	2	2	2	499
400	5	25.9805	3	3	3	499
400	6	45.2226	2	2	0	499
400	7	116.5831	241	186	21	499
400	8	13.5599	0	0	0	499
400	9	24.5356	6	6	4	499
400	10	13.3496	1	1	1	499
401	1	43.2562	4	3	1	485
401	2	19.7057	2	1	1	485
401	3	186.7864	237	203	154	485
401	4	8.0333	0	0	0	485
401	5	23.7355	1	1	1	485
401	6	46.8195	4	4	3	485
401	7	107.3019	230	161	13	485
401	8	13.9285	1	1	1	485
401	9	22.9497	4	4	4	485
401	10	12.4831	2	2	1	485
402	1	39.9054	4	4	3	445
402	2	19.0696	6	5	3	445
402	3	170.1516	215	193	139	445
402	4	8.6458	1	1	1	445
402	5	22.4921	5	5	3	445
402	6	41.9037	7	7	6	445
402	7	101.3928	204	148	22	445
402	8	11.6952	1	1	1	445
402	9	19.0084	1	1	1	445
402	10	10.7351	1	1	1	445
403	1	37.5626	3	2	0	443
403	2	24.4251	12	12	11	443
403	3	169.9986	216	186	141	443
403	4	10.1478	5	5	4	443
403	5	21.5408	2	2	1	443
403	6	39.2671	3	3	3	443
403	7	96.6212	194	143	19	443
403	8	12.3707	2	2	1	443
403	9	21.1231	6	6	5	443
403	10	9.9429	0	0	0	443
404	1	40.9389	6	5	3	420
404	2	17.0635	1	1	1	420
404	3	148.4241	175	154	108	420
404	4	7.0082	0	0	0	420
404	5	21.5162	2	2	1	420
404	6	41.0166	3	3	1	420
404	7	100.9215	227	168	18	420
404	8	12.8698	1	1	1	420
404	9	19.0424	3	3	3	420
404	10	11.1983	2	2	2	420
405	1	36.1161	9	6	4	372
405	2	17.5299	6	5	5	372
405	3	135.0748	171	144	95	372
405	4	6.6551	1	1	1	372
405	5	17.7668	1	1	0	372
405	6	37.2397	6	5	5	372
405	7	87.4076	174	131	16	372
405	8	10.4756	1	1	1	372
405	9	14.9026	3	2	2	372
405	10	8.8318	0	0	0	372
406	1	34.5650	5	3	3	353
406	2	13.5177	2	2	1	353
406	3	124.3852	168	138	94	353
406	4	6.3977	0	0	0	353
406	5	18.3759	2	2	1	353
406	6	32.9489	2	1	1	353
406	7	86.9097	169	140	20	353
406	8	10.8612	1	1	1	353
406	9	14.0176	1	0	0	353
406	10	11.0209	3	3	3	353
407	1	34.3471	4	3	3	351
407	2	13.9953	1	1	1	351
407	3	129.1257	175	152	94	351
407	4	6.0853	0	0	0	351
407	5	16.7431	1	1	1	351
407	6	31.6918	1	1	0	351
407	7	85.4127	166	127	17	351
407	8	10.3983	1	1	1	351
407	9	14.4691	2	1	1	351
407	10	8.7315	0	0	0	351
408	1	24.6406	3	1	0	283
408	2	13.2982	5	4	2	283
408	3	100.7658	127	109	75	283
408	4	4.8359	1	1	0	283
408	5	16.3242	4	4	4	283
408	6	27.9081	5	3	1	283
408	7	66.0511	135	100	9	283
408	8	8.4433	1	1	1	283
408	9	12.4430	1	1	1	283
408	10	8.2900	1	1	1	283
409	1	31.5011	6	4	3	329
409	2	11.7186	1	1	1	329
409	3	124.5623	162	142	92	329
409	4	5.9482	1	1	1	329
409	5	16.8086	2	2	2	329
409	6	29.3112	5	4	2	329
409	7	79.3010	150	111	18	329
409	8	8.5800	1	1	0	329
409	9	13.6968	1	1	1	329
409	10	7.5722	0	0	0	329
410	1	25.4820	4	1	1	295
410	2	12.7024	2	2	1	295
410	3	110.1098	156	135	82	295
410	4	5.6272	1	1	1	295
410	5	16.8222	4	4	2	295
410	6	30.2722	5	5	5	295
410	7	66.9743	121	99	12	295
410	8	8.5587	1	1	1	295
410	9	11.7994	1	1	0	295
410	10	6.6518	0	0	0	295
411	1	27.0828	3	1	1	293
411	2	11.3629	0	0	0	293
411	3	106.4152	142	121	86	293
411	4	5.7510	1	1	1	293
411	5	14.1174	1	1	1	293
411	6	25.4883	0	0	0	293
411	7	72.0838	141	102	20	293
411	8	8.8245	2	2	2	293
411	9	14.2170	3	3	2	293
411	10	7.6572	0	0	0	293
412	1	26.5600	3	1	1	304
412	2	14.7381	4	3	3	304
412	3	110.7536	147	123	78	304
412	4	6.2219	2	2	1	304
412	5	14.3536	2	1	0	304
412	6	26.9317	1	1	1	304
412	7	71.5068	137	103	20	304
412	8	9.2448	1	1	1	304
412	9	14.5925	4	4	3	304
412	10	9.0972	3	3	3	304
413	1	25.0770	5	5	4	256
413	2	14.6103	7	5	5	256
413	3	90.7599	116	102	73	256
413	4	5.7017	1	1	1	256
413	5	12.2280	2	2	1	256
413	6	25.7739	3	3	2	256
413	7	58.8920	121	92	10	256
413	8	6.8333	0	0	0	256
413	9	9.4758	0	0	0	256
413	10	6.6481	1	1	1	256
414	1	25.6935	5	5	4	263
414	2	11.1552	2	2	2	263
414	3	91.2956	118	96	69	263
414	4	4.3242	0	0	0	263
414	5	15.1977	2	2	2	263
414	6	24.8072	2	2	2	263
414	7	65.6436	131	100	19	263
414	8	7.1451	0	0	0	263
414	9	10.4554	1	1	1	263
414	10	7.2825	2	2	2	263
415	1	20.7385	3	0	0	240
415	2	11.5143	3	3	3	240
415	3	90.7798	129	110	79	240
415	4	5.4592	2	2	2	240
415	5	13.6799	2	2	2	240
415	6	22.3452	3	3	3	240
415	7	51.0157	94	74	11	240
415	8	8.2692	2	2	2	240
415	9	9.4172	2	1	1	240
415	10	6.7812	0	0	0	240
416	1	23.2799	9	6	4	242
416	2	10.3712	3	3	2	242
416	3	93.6289	118	109	73	242
416	4	4.9137	1	1	1	242
416	5	10.2326	0	0	0	242
416	6	21.3447	2	1	1	242
416	7	54.4214	105	84	12	242
416	8	7.4846	2	2	2	242
416	9	10.0744	1	1	1	242
416	10	6.2485	1	1	1	242
417	1	22.2647	0	0	0	246
417	2	11.9163	2	2	2	246
417	3	90.8160	130	110	71	246
417	4	4.8258	1	1	1	246
417	5	13.4540	3	3	2	246
417	6	22.6272	1	1	1	246
417	7	54.8979	105	65	10	246
417	8	6.3582	0	0	0	246
417	9	11.7371	3	2	1	246
417	10	7.1029	1	1	1	246
418	1	21.1229	2	1	1	219
418	2	8.3713	1	1	0	219
418	3	76.4077	106	89	55	219
418	4	3.7759	0	0	0	219
418	5	11.8857	1	1	1	219
418	6	22.5948	4	2	2	219
418	7	52.3649	104	73	10	219
418	8	7.8466	1	1	1	219
418	9	9.2012	0	0	0	219
418	10	5.4287	0	0	0	219
419	1	21.0549	4	3	3	223
419	2	10.5341	4	4	4	223
419	3	78.8613	103	86	62	223
419	4	3.9071	1	1	0	223
419	5	11.4877	2	2	2	223
419	6	21.9461	3	3	3	223
419	7	52.9843	103	80	13	223
419	8	7.1781	1	1	1	223
419	9	10.4097	2	2	2	223
419	10	4.6366	0	0	0	223
420	1	16.6304	1	0	0	183
420	2	7.0505	1	1	1	183
420	3	71.3841	90	78	58	183
420	4	2.6943	0	0	0	183
420	5	8.0741	0	0	0	183
420	6	16.5110	0	0	0	183
420	7	43.5719	88	70	9	183
420	8	5.0239	1	1	1	183
420	9	8.1871	2	2	1	183
420	10	3.8726	0	0	0	183
421	1	17.5459	1	1	0	216
421	2	7.9533	3	2	1	216
421	3	94.6544	120	111	85	216
421	4	4.8128	1	1	1	216
421	5	10.8519	3	2	1	216
421	6	17.6398	3	2	2	216
421	7	44.7365	84	60	14	216
421	8	5.6423	1	1	1	216
421	9	7.8370	0	0	0	216
421	10	4.3262	0	0	0	216
422	1	15.4012	3	1	0	179
422	2	8.7574	3	2	2	179
422	3	70.0409	94	85	57	179
422	4	3.2605	1	1	1	179
422	5	11.0235	3	3	3	179
422	6	15.4721	2	2	1	179
422	7	39.8267	72	56	8	179
422	8	4.4095	0	0	0	179
422	9	5.9194	0	0	0	179
422	10	4.8889	1	1	1	179
423	1	19.5022	3	1	1	213
423	2	8.0752	1	0	0	213
423	3	79.4194	99	89	58	213
423	4	3.5793	0	0	0	213
423	5	10.4535	0	0	0	213
423	6	23.1569	5	5	4	213
423	7	48.3892	103	77	5	213
423	8	6.9339	2	2	1	213
423	9	8.4465	0	0	0	213
423	10	5.0438	0	0	0	213
424	1	16.1737	3	1	1	190
424	2	9.3379	3	3	3	190
424	3	74.2669	100	91	57	190
424	4	2.9305	0	0	0	190
424	5	8.6147	1	1	1	190
424	6	16.5423	3	3	2	190
424	7	41.9993	75	52	12	190
424	8	6.1804	2	2	2	190
424	9	9.1273	2	2	2	190
424	10	4.8270	1	1	1	190
425	1	17.7193	5	4	4	181
425	2	10.1893	3	2	2	181
425	3	68.0748	95	81	52	181
425	4	4.3214	2	2	2	181
425	5	8.5343	1	1	1	181
425	6	16.2626	2	1	0	181
425	7	39.3869	72	50	9	181
425	8	4.6981	0	0	0	181
425	9	7.8158	1	1	1	181
425	10	3.9975	0	0	0	181
426	1	16.2933	2	1	0	188
426	2	8.8587	3	3	2	188
426	3	67.9882	78	68	51	188
426	4	3.5506	0	0	0	188
426	5	9.2242	1	1	1	188
426	6	16.9467	2	1	0	188
426	7	46.6053	100	77	12	188
426	8	5.3691	0	0	0	188
426	9	7.9572	1	1	1	188
426	10	5.2064	1	1	1	188
427	1	20.3789	7	5	3	200
427	2	9.1327	4	3	1	200
427	3	72.4972	92	74	55	200
427	4	3.7460	1	1	1	200
427	5	9.8360	2	2	2	200
427	6	19.6847	3	3	2	200
427	7	46.8183	90	67	14	200
427	8	4.5470	0	0	0	200
427	9	8.6809	1	1	0	200
427	10	4.6782	0	0	0	200
428	1	19.0788	4	0	0	200
428	2	9.4811	1	1	1	200
428	3	72.6534	96	83	57	200
428	4	3.2433	0	0	0	200
428	5	11.0014	3	3	3	200
428	6	18.7840	1	1	1	200
428	7	46.5966	93	63	10	200
428	8	5.0684	0	0	0	200
428	9	9.1032	1	1	1	200
428	10	4.9897	1	1	1	200
429	1	15.7675	2	0	0	183
429	2	6.9775	0	0	0	183
429	3	64.2929	87	75	47	183
429	4	3.1941	0	0	0	183
429	5	9.5005	1	1	1	183
429	6	18.3953	2	2	2	183
429	7	46.2164	87	64	15	183
429	8	5.3462	1	1	1	183
429	9	7.2535	1	1	0	183
429	10	6.0559	2	2	2	183
430	1	15.0322	3	2	2	173
430	2	6.1601	0	0	0	173
430	3	69.4896	94	84	56	173
430	4	2.9221	0	0	0	173
430	5	8.1079	1	1	0	173
430	6	15.4720	1	1	1	173
430	7	39.1153	71	56	10	173
430	8	5.3702	2	2	1	173
430	9	7.2309	1	1	0	173
430	10	4.0996	0	0	0	173
431	1	15.8882	3	1	0	173
431	2	6.4778	0	0	0	173
431	3	64.7392	86	77	49	173
431	4	3.2983	0	0	0	173
431	5	9.9929	2	2	2	173
431	6	16.1774	1	1	1	173
431	7	39.8830	80	61	6	173
431	8	4.3084	0	0	0	173
431	9	7.9333	1	1	1	173
431	10	4.3015	0	0	0	173
432	1	14.6795	1	0	0	166
432	2	6.6109	0	0	0	166
432	3	64.4829	82	74	53	166
432	4	3.1116	1	1	1	166
432	5	8.9730	2	2	1	166
432	6	17.3239	3	3	3	166
432	7	35.8840	77	57	4	166
432	8	4.6701	0	0	0	166
432	9	6.2020	0	0	0	166
432	10	4.0620	0	0	0	166
433	1	16.8643	3	3	3	175
433	2	8.7717	3	2	2	175
433	3	63.8872	83	72	51	175
433	4	2.7697	0	0	0	175
433	5	11.8495	5	5	5	175
433	6	13.6108	0	0	0	175
433	7	40.5816	77	53	12	175
433	8	4.0791	0	0	0	175
433	9	8.4931	3	3	3	175
433	10	4.0930	1	1	0	175
434	1	17.3635	4	4	4	172
434	2	6.9386	1	1	1	172
434	3	63.9339	84	70	48	172
434	4	2.9986	0	0	0	172
434	5	8.9639	2	2	2	172
434	6	17.6996	7	7	4	172
434	7	36.7427	72	47	8	172
434	8	4.5732	0	0	0	172
434	9	8.1731	2	2	2	172
434	10	4.6128	0	0	0	172
435	1	16.6503	5	1	0	183
435	2	7.8123	2	1	1	183
435	3	71.3483	91	79	59	183
435	4	3.5048	0	0	0	183
435	5	8.1646	0	0	0	183
435	6	16.2023	0	0	0	183
435	7	43.3036	84	61	10	183
435	8	4.4493	0	0	0	183
435	9	7.3866	1	1	0	183
435	10	4.1780	0	0	0	183
436	1	18.9513	9	3	3	167
436	2	6.9102	1	0	0	167
436	3	58.5178	81	70	44	167
436	4	2.4828	0	0	0	167
436	5	8.8406	1	1	1	167
436	6	16.2876	2	2	2	167
436	7	37.8739	69	50	10	167
436	8	4.0745	0	0	0	167
436	9	8.0954	2	2	2	167
436	10	4.9657	2	2	2	167
437	1	14.9546	2	0	0	178
437	2	7.3090	0	0	0	178
437	3	73.8769	91	83	65	178
437	4	3.0084	1	1	0	178
437	5	7.9970	1	1	1	178
437	6	16.8418	3	3	2	178
437	7	39.0349	80	49	9	178
437	8	4.2859	0	0	0	178
437	9	6.8760	0	0	0	178
437	10	3.8154	0	0	0	178
438	1	12.4589	1	0	0	143
438	2	7.8126	4	3	2	143
438	3	56.3353	67	59	46	143
438	4	2.2283	0	0	0	143
438	5	6.4111	1	1	1	143
438	6	11.6732	0	0	0	143
438	7	32.9849	68	53	12	143
438	8	3.5109	0	0	0	143
438	9	5.2971	1	1	1	143
438	10	4.2874	1	1	1	143
439	1	14.3965	5	1	0	165
439	2	6.5721	0	0	0	165
439	3	55.6714	72	65	40	165
439	4	2.3855	0	0	0	165
439	5	9.4339	3	3	3	165
439	6	16.1417	2	2	2	165
439	7	42.3312	78	56	18	165
439	8	5.9925	2	2	2	165
439	9	8.3274	3	3	2	165
439	10	3.7476	0	0	0	165
440	1	16.5312	3	3	1	191
440	2	5.9299	0	0	0	191
440	3	81.2251	102	96	69	191
440	4	2.9055	0	0	0	191
440	5	9.8797	1	1	1	191
440	6	16.5631	3	3	1	191
440	7	40.6775	79	64	8	191
440	8	5.4300	1	1	1	191
440	9	7.1922	1	1	1	191
440	10	4.6659	1	1	0	191
441	1	14.0825	1	1	1	158
441	2	7.8568	4	4	2	158
441	3	61.5049	83	69	50	158
441	4	2.4857	0	0	0	158
441	5	8.1850	2	2	1	158
441	6	12.8751	0	0	0	158
441	7	38.0186	68	49	11	158
441	8	3.6369	0	0	0	158
441	9	6.1335	0	0	0	158
441	10	3.2210	0	0	0	158
442	1	16.2103	3	1	0	184
442	2	11.9587	5	4	3	184
442	3	66.8750	92	78	45	184
442	4	2.7165	0	0	0	184
442	5	8.9472	1	1	1	184
442	6	17.5260	2	2	1	184
442	7	39.4040	76	48	7	184
442	8	8.3870	4	4	4	184
442	9	7.8151	1	1	1	184
442	10	4.1602	0	0	0	184
443	1	19.3130	7	2	1	213
443	2	11.3477	4	4	4	213
443	3	79.5648	108	97	64	213
443	4	4.2196	1	1	1	213
443	5	9.3118	0	0	0	213
443	6	18.4993	3	3	2	213
443	7	49.9101	86	61	17	213
443	8	4.8433	0	0	0	213
443	9	9.5357	2	2	2	213
443	10	6.4549	2	2	2	213
444	1	15.5374	1	0	0	190
444	2	9.5003	3	3	2	190
444	3	76.6774	105	91	68	190
444	4	3.8930	1	1	1	190
444	5	11.5204	3	3	3	190
444	6	18.2666	3	3	3	190
444	7	38.0812	73	52	9	190
444	8	4.6406	0	0	0	190
444	9	7.5514	1	1	1	190
444	10	4.3315	0	0	0	190
445	1	12.1974	4	3	1	144
445	2	6.6149	4	3	2	144
445	3	58.8217	68	60	50	144
445	4	5.0488	4	4	4	144
445	5	7.1272	1	1	1	144
445	6	12.9646	3	3	3	144
445	7	28.4779	58	39	4	144
445	8	3.2730	0	0	0	144
445	9	5.4835	1	1	1	144
445	10	3.9911	1	1	1	144
446	1	13.0620	2	1	0	166
446	2	8.7441	4	3	2	166
446	3	65.9684	87	82	56	166
446	4	2.8486	0	0	0	166
446	5	6.6674	0	0	0	166
446	6	13.9689	1	0	0	166
446	7	37.5722	68	47	10	166
446	8	5.0329	1	1	1	166
446	9	8.2379	3	3	2	166
446	10	3.8977	0	0	0	166
447	1	16.7183	3	2	1	180
447	2	7.2233	2	1	1	180
447	3	64.7705	94	80	48	180
447	4	2.4742	0	0	0	180
447	5	8.7948	1	1	1	180
447	6	19.1007	3	3	3	180
447	7	45.0074	76	61	12	180
447	8	4.5151	0	0	0	180
447	9	7.9252	1	1	1	180
447	10	3.4705	0	0	0	180
448	1	16.3293	3	3	2	182
448	2	8.6624	3	3	3	182
448	3	67.4809	85	79	55	182
448	4	2.8196	0	0	0	182
448	5	9.3254	2	2	1	182
448	6	15.9779	0	0	0	182
448	7	44.6068	87	67	12	182
448	8	5.8601	2	2	1	182
448	9	7.4454	0	0	0	182
448	10	3.4922	0	0	0	182
449	1	15.9022	2	2	2	182
449	2	10.6656	3	3	3	182
449	3	66.1710	86	79	49	182
449	4	3.3870	0	0	0	182
449	5	7.7477	1	1	1	182
449	6	17.4444	3	3	3	182
449	7	41.2519	82	66	10	182
449	8	4.9433	1	1	0	182
449	9	8.6551	3	2	2	182
449	10	5.8317	1	1	1	182
450	1	18.4364	5	4	3	187
450	2	6.8421	2	0	0	187
450	3	71.7761	92	86	52	187
450	4	2.8678	0	0	0	187
450	5	8.5682	2	2	1	187
450	6	19.0665	3	3	2	187
450	7	40.0596	78	54	9	187
450	8	4.6646	0	0	0	187
450	9	7.1772	1	1	1	187
450	10	7.5418	4	4	4	187
451	1	14.8315	0	0	0	182
451	2	7.6276	3	2	2	182
451	3	69.8814	89	81	55	182
451	4	3.2367	1	1	1	182
451	5	8.9470	2	2	1	182
451	6	15.1387	1	0	0	182
451	7	45.4597	85	68	12	182
451	8	4.4848	0	0	0	182
451	9	7.9940	1	1	0	182
451	10	4.3986	0	0	0	182
452	1	17.1759	7	4	1	184
452	2	8.1944	1	1	1	184
452	3	63.6122	79	70	45	184
452	4	2.8564	0	0	0	184
452	5	10.5784	4	4	3	184
452	6	17.7266	3	3	3	184
452	7	41.7843	83	61	9	184
452	8	6.1808	1	1	1	184
452	9	11.3580	6	5	5	184
452	10	4.5331	0	0	0	184
453	1	20.3886	6	5	4	215
453	2	7.5253	2	2	1	215
453	3	84.2511	109	99	66	215
453	4	2.6352	0	0	0	215
453	5	9.8775	3	3	3	215
453	6	17.9367	0	0	0	215
453	7	49.0206	88	72	15	215
453	8	8.3675	4	4	4	215
453	9	8.6382	1	1	1	215
453	10	6.3592	2	2	2	215
454	1	22.7751	4	4	2	251
454	2	12.5815	4	4	3	251
454	3	94.0680	131	115	75	251
454	4	3.8576	0	0	0	251
454	5	11.3343	1	1	1	251
454	6	22.4959	3	3	2	251
454	7	59.4306	103	72	17	251
454	8	9.3039	4	4	4	251
454	9	9.5455	1	1	0	251
454	10	5.6073	0	0	0	251
455	1	17.9094	3	2	0	202
455	2	9.2376	3	2	1	202
455	3	78.7837	101	93	58	202
455	4	4.0712	1	1	1	202
455	5	10.1545	1	1	1	202
455	6	17.9597	4	4	2	202
455	7	44.9229	87	66	8	202
455	8	4.9717	0	0	0	202
455	9	9.4790	2	2	1	202
455	10	4.5103	0	0	0	202
456	1	20.8046	3	2	2	225
456	2	9.4739	3	2	1	225
456	3	84.9732	110	96	65	225
456	4	5.1002	1	1	1	225
456	5	11.2888	2	2	0	225
456	6	20.6873	2	1	1	225
456	7	50.5526	101	77	5	225
456	8	5.9839	0	0	0	225
456	9	9.4336	1	1	1	225
456	10	6.7017	2	2	2	225
457	1	18.8402	2	2	0	201
457	2	10.7051	3	2	2	201
457	3	69.4054	90	76	50	201
457	4	3.2139	0	0	0	201
457	5	11.0970	1	1	1	201
457	6	20.2712	1	1	1	201
457	7	45.7677	101	72	4	201
457	8	5.9327	1	1	1	201
457	9	10.5519	2	2	2	201
457	10	5.2148	0	0	0	201
458	1	17.5737	1	1	0	203
458	2	8.4243	3	3	3	203
458	3	74.3813	91	84	55	203
458	4	3.1220	0	0	0	203
458	5	9.9229	0	0	0	203
458	6	20.9267	7	6	3	203
458	7	50.5078	100	73	12	203
458	8	5.0370	0	0	0	203
458	9	8.7240	1	1	1	203
458	10	4.3803	0	0	0	203
459	1	19.0773	3	2	1	217
459	2	7.4148	2	2	1	217
459	3	81.6466	106	95	65	217
459	4	3.1160	0	0	0	217
459	5	11.2120	3	3	3	217
459	6	20.5772	5	5	4	217
459	7	50.5125	91	69	16	217
459	8	6.4524	1	1	1	217
459	9	11.8879	5	5	5	217
459	10	5.1033	1	1	1	217
460	1	18.1263	1	1	0	217
460	2	8.9572	2	2	2	217
460	3	86.9374	118	97	67	217
460	4	6.2205	3	3	3	217
460	5	11.1342	2	2	1	217
460	6	18.5680	1	1	1	217
460	7	47.0200	88	67	10	217
460	8	6.2075	1	1	1	217
460	9	8.6563	0	0	0	217
460	10	5.1724	1	1	1	217
461	1	21.1818	5	3	2	216
461	2	10.2963	4	2	2	216
461	3	84.1466	114	103	69	216
461	4	3.4750	0	0	0	216
461	5	10.3726	1	1	0	216
461	6	20.4665	4	4	2	216
461	7	45.1434	85	59	9	216
461	8	6.0321	1	1	1	216
461	9	9.0063	1	1	1	216
461	10	5.8795	1	1	1	216
462	1	21.7320	5	4	3	217
462	2	10.8060	3	3	3	217
462	3	76.5182	107	95	60	217
462	4	3.9269	1	1	1	217
462	5	9.7289	0	0	0	217
462	6	22.8841	3	3	3	217
462	7	52.2441	98	75	12	217
462	8	5.2827	0	0	0	217
462	9	8.7315	0	0	0	217
462	10	5.1454	0	0	0	217
463	1	21.2171	8	6	5	220
463	2	9.1979	2	2	2	220
463	3	84.9652	117	98	68	220
463	4	3.2677	0	0	0	220
463	5	10.0749	2	0	0	220
463	6	19.7343	3	2	2	220
463	7	50.1936	83	67	13	220
463	8	5.3970	0	0	0	220
463	9	9.5033	3	3	3	220
463	10	6.4490	2	2	2	220
464	1	21.2867	4	4	2	230
464	2	11.9560	3	3	3	230
464	3	85.3552	116	100	61	230
464	4	3.4841	0	0	0	230
464	5	14.2266	5	5	4	230
464	6	19.2616	1	1	0	230
464	7	51.6733	98	71	11	230
464	8	5.9919	0	0	0	230
464	9	10.4996	2	2	2	230
464	10	6.2648	1	1	1	230
465	1	25.1785	7	6	5	241
465	2	10.4338	2	1	1	241
465	3	92.6556	118	100	73	241
465	4	4.3934	1	1	1	241
465	5	10.0756	0	0	0	241
465	6	22.8839	4	4	2	241
465	7	50.6478	103	79	8	241
465	8	7.9954	4	4	2	241
465	9	11.6443	2	2	2	241
465	10	5.0918	0	0	0	241
466	1	18.6385	4	1	0	228
466	2	9.9137	2	2	2	228
466	3	86.6287	119	99	65	228
466	4	6.5077	3	3	3	228
466	5	13.3902	4	4	4	228
466	6	19.7482	2	1	1	228
466	7	48.9456	88	68	9	228
466	8	7.7460	3	3	3	228
466	9	10.3461	2	2	1	228
466	10	6.1353	1	1	1	228
467	1	21.9724	5	3	3	219
467	2	7.3578	0	0	0	219
467	3	87.5791	118	103	71	219
467	4	3.2232	0	0	0	219
467	5	10.9588	3	3	3	219
467	6	18.1399	1	1	1	219
467	7	47.8662	88	69	12	219
467	8	6.9200	1	1	1	219
467	9	9.9199	3	3	3	219
467	10	5.0626	0	0	0	219
468	1	22.4352	5	4	3	258
468	2	9.5067	1	1	1	258
468	3	105.7329	131	115	85	258
468	4	4.8352	2	2	1	258
468	5	12.7495	5	4	3	258
468	6	23.8006	6	6	4	258
468	7	57.7244	106	79	16	258
468	8	6.0180	1	1	0	258
468	9	9.6905	1	1	1	258
468	10	5.5072	0	0	0	258
469	1	22.3454	6	2	1	234
469	2	11.7809	4	4	3	234
469	3	83.6374	114	99	63	234
469	4	3.7040	0	0	0	234
469	5	11.1919	0	0	0	234
469	6	22.0129	1	0	0	234
469	7	54.9285	106	76	9	234
469	8	6.8883	1	1	1	234
469	9	9.8312	0	0	0	234
469	10	7.6793	2	2	1	234
470	1	18.4136	5	1	0	213
470	2	9.8104	4	3	2	213
470	3	81.6814	107	95	67	213
470	4	3.4774	0	0	0	213
470	5	9.8628	1	1	0	213
470	6	18.3906	0	0	0	213
470	7	51.4764	92	69	16	213
470	8	5.4275	1	1	0	213
470	9	8.1460	1	1	1	213
470	10	6.3138	2	2	2	213
471	1	22.7182	4	2	1	247
471	2	11.9807	3	3	3	247
471	3	94.6927	128	114	71	247
471	4	3.9499	0	0	0	247
471	5	10.5641	0	0	0	247
471	6	23.1673	3	3	2	247
471	7	53.3644	103	79	7	247
471	8	8.3967	3	3	2	247
471	9	11.8068	3	3	3	247
471	10	6.3587	0	0	0	247
472	1	24.2262	1	1	0	264
472	2	12.0992	3	3	3	264
472	3	95.6675	126	103	68	264
472	4	5.2413	1	1	1	264
472	5	14.2977	3	3	3	264
472	6	25.0959	3	3	1	264
472	7	61.0581	123	88	9	264
472	8	7.6709	2	1	1	264
472	9	12.5785	2	1	1	264
472	10	6.0648	0	0	0	264
473	1	22.5948	4	3	2	232
473	2	13.9430	7	6	6	232
473	3	83.4068	113	100	61	232
473	4	3.2405	0	0	0	232
473	5	12.6690	3	3	3	232
473	6	20.9403	2	2	2	232
473	7	52.5747	99	73	12	232
473	8	7.6454	2	2	2	232
473	9	10.2076	2	2	2	232
473	10	4.7782	0	0	0	232
474	1	22.1493	1	0	0	273
474	2	12.7543	4	3	2	273
474	3	102.2991	126	107	80	273
474	4	5.1098	2	2	1	273
474	5	12.4305	1	1	1	273
474	6	26.2953	2	2	1	273
474	7	63.7878	129	94	18	273
474	8	9.0562	4	4	2	273
474	9	11.9353	3	3	2	273
474	10	7.1824	1	1	1	273
475	1	24.4945	7	5	1	255
475	2	11.2321	2	2	2	255
475	3	86.9679	118	94	62	255
475	4	4.9312	1	1	1	255
475	5	14.8053	3	3	3	255
475	6	23.8262	1	1	0	255
475	7	62.5321	119	87	14	255
475	8	8.3663	2	2	2	255
475	9	11.5771	2	2	2	255
475	10	6.2676	0	0	0	255
476	1	24.6024	5	4	2	271
476	2	9.3580	0	0	0	271
476	3	106.9642	140	124	81	271
476	4	4.2431	1	1	1	271
476	5	17.5641	5	5	5	271
476	6	21.9527	1	1	1	271
476	7	59.1783	114	89	15	271
476	8	9.0797	3	3	3	271
476	9	12.1386	2	2	1	271
476	10	5.9191	0	0	0	271
477	1	31.9127	12	10	9	292
477	2	13.5281	3	3	3	292
477	3	112.4307	141	127	85	292
477	4	5.1512	1	1	1	292
477	5	14.3383	3	3	3	292
477	6	24.6226	1	1	1	292
477	7	61.2017	126	86	14	292
477	8	9.5786	2	2	2	292
477	9	12.8883	3	2	2	292
477	10	6.3479	0	0	0	292
478	1	26.3243	6	3	3	270
478	2	15.3427	8	6	5	270
478	3	98.9937	134	116	70	270
478	4	3.8852	0	0	0	270
478	5	13.2936	2	2	2	270
478	6	23.7304	2	2	1	270
478	7	60.7750	113	80	14	270
478	8	7.1957	0	0	0	270
478	9	10.7353	1	1	1	270
478	10	9.7242	4	4	4	270
479	1	27.7618	9	6	5	278
479	2	11.3699	1	1	1	278
479	3	105.9969	143	127	82	278
479	4	5.5213	2	2	2	278
479	5	15.8078	4	3	3	278
479	6	24.9347	3	3	2	278
479	7	59.7265	114	82	14	278
479	8	7.9146	0	0	0	278
479	9	12.5239	2	2	2	278
479	10	6.4424	0	0	0	278
480	1	29.8699	11	8	6	264
480	2	11.4591	4	4	3	264
480	3	94.3829	122	108	68	264
480	4	4.8238	1	1	1	264
480	5	12.3603	1	1	0	264
480	6	23.8523	2	2	2	264
480	7	57.5870	116	83	9	264
480	8	9.0373	2	2	2	264
480	9	14.0112	5	5	4	264
480	10	6.6163	0	0	0	264
481	1	28.2410	8	5	3	295
481	2	12.1173	3	2	1	295
481	3	104.4432	127	119	72	295
481	4	4.9821	0	0	0	295
481	5	14.2733	1	1	1	295
481	6	27.9454	2	2	2	295
481	7	73.1783	149	115	18	295
481	8	7.4313	0	0	0	295
481	9	12.3978	1	0	0	295
481	10	9.9898	4	3	3	295
482	1	31.7844	6	3	2	324
482	2	17.9460	10	9	8	324
482	3	112.7313	158	132	81	324
482	4	5.8337	1	1	1	324
482	5	18.3102	3	3	3	324
482	6	34.2151	8	7	5	324
482	7	74.0136	138	103	12	324
482	8	7.9396	0	0	0	324
482	9	13.7349	0	0	0	324
482	10	7.4911	0	0	0	324
483	1	22.1816	2	1	1	248
483	2	10.2258	2	1	1	248
483	3	94.6516	122	103	72	248
483	4	3.7089	0	0	0	248
483	5	12.0474	1	1	1	248
483	6	23.2393	1	1	1	248
483	7	56.9539	116	87	10	248
483	8	6.2961	0	0	0	248
483	9	12.0455	3	2	2	248
483	10	6.6497	1	1	1	248
484	1	27.3010	4	4	2	294
484	2	12.7625	2	2	2	294
484	3	110.4150	144	126	82	294
484	4	4.8620	1	1	0	294
484	5	15.1231	3	3	3	294
484	6	26.5213	2	2	1	294
484	7	70.4907	134	96	14	294
484	8	8.5129	2	2	2	294
484	9	11.1616	2	2	1	294
484	10	6.8499	0	0	0	294
485	1	28.5796	5	0	0	307
485	2	13.5434	4	3	2	307
485	3	109.0678	151	133	78	307
485	4	5.0386	0	0	0	307
485	5	18.0565	5	5	4	307
485	6	30.1051	5	5	4	307
485	7	70.3540	130	103	18	307
485	8	9.1924	2	2	2	307
485	9	12.8415	2	2	0	307
485	10	10.2212	3	3	3	307
486	1	30.9137	6	4	3	323
486	2	13.1110	2	2	2	323
486	3	126.2644	171	150	104	323
486	4	4.7639	0	0	0	323
486	5	15.8711	3	2	2	323
486	6	29.5766	6	6	5	323
486	7	68.5970	127	89	17	323
486	8	9.3497	2	2	2	323
486	9	15.0908	4	4	3	323
486	10	9.4620	2	2	2	323
487	1	25.8927	4	2	1	286
487	2	13.5332	3	3	3	286
487	3	103.9686	135	123	79	286
487	4	4.9744	1	1	1	286
487	5	13.1264	0	0	0	286
487	6	27.2808	6	4	2	286
487	7	66.1985	130	88	17	286
487	8	9.2927	3	3	2	286
487	9	13.5630	3	2	1	286
487	10	8.1695	1	1	1	286
488	1	27.5180	6	3	3	267
488	2	10.9948	1	1	0	267
488	3	96.1316	122	106	73	267
488	4	4.4371	0	0	0	267
488	5	13.3793	0	0	0	267
488	6	24.5253	0	0	0	267
488	7	62.9392	135	81	10	267
488	8	7.1491	0	0	0	267
488	9	12.4195	2	2	2	267
488	10	7.5060	1	1	1	267
489	1	22.1279	5	2	1	252
489	2	9.3490	2	2	2	252
489	3	96.9650	133	118	77	252
489	4	4.6481	1	1	1	252
489	5	10.6175	1	1	1	252
489	6	25.5077	5	5	3	252
489	7	60.8759	104	80	18	252
489	8	6.8529	0	0	0	252
489	9	8.7584	0	0	0	252
489	10	6.2973	1	1	1	252
490	1	27.1946	5	5	2	281
490	2	13.0218	1	1	1	281
490	3	100.5139	134	104	72	281
490	4	5.1143	1	1	0	281
490	5	11.8266	0	0	0	281
490	6	24.5480	2	1	1	281
490	7	70.5682	134	100	24	281
490	8	8.1661	1	1	1	281
490	9	10.8664	0	0	0	281
490	10	9.1799	3	3	3	281
491	1	25.6598	6	4	2	276
491	2	12.3860	4	2	2	276
491	3	111.8588	151	131	88	276
491	4	4.3734	0	0	0	276
491	5	13.5087	1	1	1	276
491	6	22.9572	2	2	1	276
491	7	55.3968	105	66	9	276
491	8	10.8269	4	4	4	276
491	9	11.5032	2	2	1	276
491	10	7.5292	1	1	1	276
492	1	27.1550	4	4	3	281
492	2	11.8163	1	1	1	281
492	3	103.5697	143	116	72	281
492	4	6.3142	2	2	2	281
492	5	13.2022	2	2	2	281
492	6	28.4669	7	5	4	281
492	7	61.8338	117	74	10	281
492	8	8.9568	2	2	2	281
492	9	11.6852	2	2	2	281
492	10	8.0000	1	1	1	281
493	1	24.7395	6	3	3	277
493	2	9.9083	0	0	0	277
493	3	105.0674	140	118	82	277
493	4	5.4772	2	2	1	277
493	5	15.1063	4	4	3	277
493	6	28.8416	8	7	7	277
493	7	59.5823	112	80	5	277
493	8	9.0919	3	3	3	277
493	9	12.8320	2	2	2	277
493	10	6.3532	0	0	0	277
494	1	22.7570	2	2	0	256
494	2	8.8413	1	0	0	256
494	3	94.0984	127	109	73	256
494	4	4.3661	0	0	0	256
494	5	11.9040	2	2	0	256
494	6	23.7861	3	2	2	256
494	7	63.5936	115	88	18	256
494	8	6.8607	1	1	0	256
494	9	10.4104	1	1	1	256
494	10	9.3823	4	4	3	256
495	1	23.8301	4	3	3	242
495	2	10.4836	2	2	1	242
495	3	92.4357	116	103	70	242
495	4	3.6243	0	0	0	242
495	5	11.6393	1	1	1	242
495	6	23.1530	3	3	2	242
495	7	51.7818	114	85	8	242
495	8	6.0877	0	0	0	242
495	9	10.9384	0	0	0	242
495	10	8.0260	2	2	2	242
496	1	24.0225	5	4	2	263
496	2	8.8315	0	0	0	263
496	3	100.6957	138	108	75	263
496	4	4.0024	0	0	0	263
496	5	11.4688	0	0	0	263
496	6	24.4699	3	3	1	263
496	7	59.3809	108	78	11	263
496	8	11.5621	6	6	5	263
496	9	11.0963	1	1	1	263
496	10	7.4696	2	2	2	263
497	1	21.0927	4	3	0	232
497	2	9.4856	3	2	2	232
497	3	89.2904	122	103	67	232
497	4	4.2040	1	1	1	232
497	5	12.5267	2	2	2	232
497	6	21.4524	2	2	2	232
497	7	53.2012	96	77	12	232
497	8	6.6441	1	1	1	232
497	9	8.9138	1	1	0	232
497	10	5.1890	0	0	0	232
498	1	22.1820	3	1	1	242
498	2	12.2184	3	3	3	242
498	3	89.0480	115	99	57	242
498	4	4.0410	0	0	0	242
498	5	11.0139	1	1	1	242
498	6	21.4514	2	1	1	242
498	7	56.8412	113	71	17	242
498	8	6.3943	0	0	0	242
498	9	12.5248	4	4	2	242
498	10	6.2852	1	1	1	242
499	1	25.8341	7	6	3	245
499	2	10.8919	5	4	3	245
499	3	95.2000	131	124	72	245
499	4	3.9514	0	0	0	245
499	5	10.6228	0	0	0	245
499	6	20.8617	2	2	2	245
499	7	52.7371	96	62	9	245
499	8	6.5021	0	0	0	245
499	9	12.0179	3	3	3	245
499	10	6.3809	1	1	1	245
500	1	21.5118	2	1	0	249
500	2	10.4904	3	3	2	249
500	3	96.2398	131	112	74	249
500	4	4.2860	0	0	0	249
500	5	13.0501	4	3	3	249
500	6	21.5060	1	0	0	249
500	7	56.9003	104	78	11	249
500	8	7.4808	1	1	1	249
500	9	10.4966	2	2	1	249
500	10	7.0380	1	1	1	249
