length	ct_index	w_count	hard0	hard30	hard50	all_count
50	1	22.9712	3	1	1	233
50	2	7.6621	0	0	0	233
50	3	93.8324	155	123	70	233
50	4	4.6245	0	0	0	233
50	5	10.6260	1	1	1	233
50	6	19.0599	0	0	0	233
50	7	45.8647	72	51	6	233
50	8	7.0727	0	0	0	233
50	9	12.1933	1	0	0	233
50	10	9.0928	1	1	1	233
51	1	23.3290	2	2	0	242
51	2	9.2709	1	1	1	242
51	3	103.2705	182	155	79	242
51	4	5.3897	1	1	1	242
51	5	9.9413	0	0	0	242
51	6	19.2097	4	4	3	242
51	7	39.8316	50	31	4	242
51	8	6.9628	0	0	0	242
51	9	15.3311	1	1	1	242
51	10	9.4631	1	1	1	242
52	1	24.1599	7	4	2	228
52	2	8.5636	1	1	1	228
52	3	85.8325	147	114	56	228
52	4	4.9617	0	0	0	228
52	5	10.2979	0	0	0	228
52	6	19.0228	2	2	0	228
52	7	43.8414	65	52	5	228
52	8	7.6126	1	1	1	228
52	9	15.1594	5	3	3	228
52	10	8.5483	0	0	0	228
53	1	23.2889	3	3	1	219
53	2	8.1688	1	0	0	219
53	3	84.7345	139	107	59	219
53	4	4.3853	0	0	0	219
53	5	9.4693	0	0	0	219
53	6	19.1058	2	2	1	219
53	7	43.1601	72	49	5	219
53	8	6.7051	0	0	0	219
53	9	12.4375	2	2	1	219
53	10	7.5447	0	0	0	219
54	1	16.3803	2	2	1	180
54	2	7.1494	1	1	1	180
54	3	78.2460	132	111	64	180
54	4	3.1591	0	0	0	180
54	5	6.7710	0	0	0	180
54	6	13.8227	1	1	1	180
54	7	31.4727	41	29	4	180
54	8	5.2236	0	0	0	180
54	9	10.6041	2	1	0	180
54	10	7.1711	1	1	1	180
55	1	18.6204	2	1	1	193
55	2	7.2536	1	1	1	193
55	3	77.3700	129	96	58	193
55	4	3.7025	0	0	0	193
55	5	7.6620	0	0	0	193
55	6	17.7212	3	3	1	193
55	7	37.1115	56	39	2	193
55	8	6.1432	1	1	0	193
55	9	10.4835	0	0	0	193
55	10	6.9321	1	1	0	193
56	1	26.2890	2	1	1	280
56	2	10.9642	2	2	1	280
56	3	107.6288	175	147	75	280
56	4	5.3580	0	0	0	280
56	5	11.9070	0	0	0	280
56	6	25.1087	3	3	3	280
56	7	58.3779	96	70	6	280
56	8	8.5109	0	0	0	280
56	9	15.6737	2	0	0	280
56	10	10.1818	0	0	0	280
57	1	27.7511	2	2	1	273
57	2	8.6065	0	0	0	273
57	3	108.2992	183	141	72	273
57	4	5.3955	0	0	0	273
57	5	12.8062	2	2	1	273
57	6	23.3353	2	2	2	273
57	7	53.3479	82	66	6	273
57	8	8.3949	1	1	0	273
57	9	15.7178	1	0	0	273
57	10	9.3458	0	0	0	273
58	1	28.3637	2	2	1	286
58	2	10.0746	1	1	0	286
58	3	110.2298	179	138	73	286
58	4	5.6795	0	0	0	286
58	5	14.8036	3	3	3	286
58	6	26.1311	4	4	4	286
58	7	54.6830	93	57	5	286
58	8	9.7348	1	1	1	286
58	9	15.9688	3	0	0	286
58	10	10.3313	0	0	0	286
59	1	38.8508	10	9	8	365
59	2	12.2161	0	0	0	365
59	3	151.3684	248	216	126	365
59	4	7.5094	0	0	0	365
59	5	15.2465	2	2	1	365
59	6	27.1722	0	0	0	365
59	7	65.2853	101	70	9	365
59	8	10.4252	0	0	0	365
59	9	22.7022	4	3	3	365
59	10	14.2239	0	0	0	365
60	1	47.5851	5	3	2	475
60	2	15.6382	1	1	1	475
60	3	197.7858	318	265	153	475
60	4	8.5740	0	0	0	475
60	5	18.6196	0	0	0	475
60	6	37.4192	2	2	2	475
60	7	88.0622	144	98	12	475
60	8	15.5471	3	3	0	475
60	9	28.5791	2	1	0	475
60	10	17.1899	0	0	0	475
61	1	48.2659	4	3	3	486
61	2	17.3163	0	0	0	486
61	3	199.1513	336	288	160	486
61	4	10.8968	2	2	1	486
61	5	22.5688	3	3	2	486
61	6	38.4226	1	1	1	486
61	7	84.8531	132	88	7	486
61	8	16.8466	3	3	3	486
61	9	27.6906	4	0	0	486
61	10	19.9880	1	1	1	486
62	1	49.0826	6	4	3	482
62	2	17.0988	1	1	0	482
62	3	187.3844	308	257	128	482
62	4	9.4734	0	0	0	482
62	5	23.3112	4	4	3	482
62	6	39.7366	2	2	0	482
62	7	93.6252	156	107	13	482
62	8	15.0872	1	1	1	482
62	9	28.5505	3	3	2	482
62	10	18.6502	1	0	0	482
63	1	39.0042	4	2	1	414
63	2	15.7457	3	3	3	414
63	3	171.3532	287	239	135	414
63	4	8.2238	0	0	0	414
63	5	18.4341	1	1	0	414
63	6	32.9308	2	1	0	414
63	7	76.4935	114	78	6	414
63	8	12.1998	0	0	0	414
63	9	24.2032	3	2	2	414
63	10	15.4114	0	0	0	414
64	1	42.4399	5	2	1	426
64	2	15.3653	2	2	2	426
64	3	159.6221	249	203	122	426
64	4	8.2378	0	0	0	426
64	5	17.7778	0	0	0	426
64	6	37.4381	3	2	1	426
64	7	87.4999	160	124	10	426
64	8	14.4348	1	1	1	426
64	9	25.0461	4	1	0	426
64	10	18.1383	2	2	1	426
65	1	36.7619	3	2	2	405
65	2	14.3642	2	1	0	405
65	3	169.3930	274	237	138	405
65	4	8.5538	0	0	0	405
65	5	16.7235	1	1	1	405
65	6	31.1902	3	2	2	405
65	7	76.1172	118	79	13	405
65	8	11.8425	0	0	0	405
65	9	24.6830	3	1	1	405
65	10	15.3705	1	1	1	405
66	1	39.2565	3	2	2	424
66	2	15.1129	2	2	2	424
66	3	175.8919	268	233	132	424
66	4	8.4694	0	0	0	424
66	5	16.1764	1	1	0	424
66	6	33.5317	2	1	1	424
66	7	77.4791	136	93	7	424
66	8	14.2634	3	3	2	424
66	9	26.6684	8	1	0	424
66	10	17.1504	1	1	0	424
67	1	45.6661	5	4	2	461
67	2	17.1270	2	2	2	461
67	3	186.2169	293	244	144	461
67	4	8.8737	0	0	0	461
67	5	21.9440	3	3	3	461
67	6	38.1890	2	1	1	461
67	7	85.5884	151	101	5	461
67	8	14.3295	0	0	0	461
67	9	26.7677	5	1	1	461
67	10	16.2982	0	0	0	461
68	1	46.7574	5	2	1	479
68	2	17.0097	2	1	1	479
68	3	183.7954	281	238	128	479
68	4	10.0116	1	1	0	479
68	5	22.3094	1	1	1	479
68	6	39.8562	1	0	0	479
68	7	94.0660	180	113	12	479
68	8	15.8358	1	1	1	479
68	9	29.8413	5	3	3	479
68	10	19.5174	2	2	2	479
69	1	59.5588	6	4	3	587
69	2	19.1615	0	0	0	587
69	3	232.5783	372	303	177	587
69	4	13.1452	1	1	1	587
69	5	24.8743	1	1	1	587
69	6	48.7269	2	2	1	587
69	7	112.9317	194	143	11	587
69	8	18.6220	1	1	1	587
69	9	35.2536	8	4	2	587
69	10	22.1471	2	1	1	587
70	1	73.7105	8	6	1	751
70	2	30.0981	4	4	4	751
70	3	292.1869	478	397	203	751
70	4	16.1833	0	0	0	751
70	5	32.6544	4	3	1	751
70	6	60.6879	6	5	3	751
70	7	141.9392	237	166	20	751
70	8	25.4264	2	2	2	751
70	9	47.1095	9	3	2	751
70	10	31.0043	3	2	2	751
71	1	82.9834	7	2	2	831
71	2	30.3368	1	1	0	831
71	3	341.6115	573	464	268	831
71	4	16.7274	0	0	0	831
71	5	35.3644	2	2	1	831
71	6	66.7204	3	3	2	831
71	7	146.4320	234	150	9	831
71	8	26.2027	0	0	0	831
71	9	51.1122	11	3	1	831
71	10	33.5090	0	0	0	831
72	1	70.4106	12	6	4	719
72	2	24.6506	2	2	2	719
72	3	292.8791	464	394	228	719
72	4	14.9791	2	2	1	719
72	5	31.3543	2	2	1	719
72	6	58.1627	4	4	1	719
72	7	136.1430	226	160	15	719
72	8	23.0855	1	1	1	719
72	9	40.3007	4	1	1	719
72	10	27.0341	2	1	1	719
73	1	78.1096	9	2	1	781
73	2	27.3255	2	2	2	781
73	3	307.2378	490	410	223	781
73	4	15.0686	0	0	0	781
73	5	34.4473	1	1	1	781
73	6	63.7861	1	1	0	781
73	7	148.6373	263	178	12	781
73	8	23.4837	0	0	0	781
73	9	50.0945	13	6	5	781
73	10	32.8095	2	2	2	781
74	1	73.9574	10	6	5	736
74	2	25.1189	1	1	1	736
74	3	292.9791	479	407	218	736
74	4	14.7043	0	0	0	736
74	5	32.7340	2	1	1	736
74	6	59.2979	2	2	1	736
74	7	139.5314	230	163	14	736
74	8	23.5190	1	1	1	736
74	9	44.8621	9	3	0	736
74	10	29.2961	2	2	2	736
75	1	74.3716	13	4	3	765
75	2	26.6529	1	0	0	765
75	3	310.9924	488	418	258	765
75	4	16.3761	1	1	1	765
75	5	33.2027	1	1	1	765
75	6	60.7995	4	3	2	765
75	7	141.7716	249	165	18	765
75	8	24.3607	1	1	1	765
75	9	46.1991	6	2	2	765
75	10	30.2732	1	1	1	765
76	1	81.6974	6	4	2	858
76	2	27.0699	0	0	0	858
76	3	346.3909	563	454	249	858
76	4	16.5516	0	0	0	858
76	5	38.7772	4	4	2	858
76	6	74.2927	8	8	5	858
76	7	166.8079	268	195	21	858
76	8	25.8151	0	0	0	858
76	9	45.8296	4	1	0	858
76	10	34.7675	5	4	3	858
77	1	80.0273	5	4	2	807
77	2	28.3303	1	1	1	807
77	3	308.5635	500	394	213	807
77	4	16.3777	1	1	1	807
77	5	35.0933	2	2	1	807
77	6	70.4663	8	6	3	807
77	7	160.2666	279	195	18	807
77	8	28.3145	3	3	3	807
77	9	46.2362	5	2	2	807
77	10	33.3241	3	3	3	807
78	1	84.0116	1	1	1	883
78	2	30.3580	3	3	2	883
78	3	361.0443	567	487	278	883
78	4	18.2880	0	0	0	883
78	5	39.3567	3	3	1	883
78	6	70.9275	4	3	2	883
78	7	166.6369	290	192	20	883
78	8	27.6451	2	2	2	883
78	9	51.8066	12	6	2	883
78	10	32.9253	1	1	1	883
79	1	111.9876	10	4	2	1143
79	2	42.0237	4	3	3	1143
79	3	448.3518	737	598	323	1143
79	4	22.4885	0	0	0	1143
79	5	48.8742	2	2	1	1143
79	6	96.8392	4	4	2	1143
79	7	222.6382	374	268	20	1143
79	8	36.4855	0	0	0	1143
79	9	68.6733	10	5	2	1143
79	10	44.6383	2	2	2	1143
80	1	147.8846	17	6	4	1486
80	2	54.9189	3	3	3	1486
80	3	591.2737	968	814	437	1486
80	4	31.7989	1	1	1	1486
80	5	66.1466	3	3	2	1486
80	6	120.3756	7	6	4	1486
80	7	275.1497	464	320	21	1486
80	8	47.7455	1	1	1	1486
80	9	89.5922	15	9	0	1486
80	10	61.1144	7	4	3	1486
81	1	176.4718	13	7	2	1821
81	2	69.2908	10	10	9	1821
81	3	714.8577	1157	958	507	1821
81	4	38.1212	2	2	1	1821
81	5	81.0146	3	3	2	1821
81	6	154.4888	11	10	7	1821
81	7	353.6755	607	437	36	1821
81	8	56.9204	1	1	1	1821
81	9	108.3437	14	6	4	1821
81	10	67.8158	3	1	1	1821
82	1	184.5397	22	8	5	1825
82	2	69.9011	7	6	5	1825
82	3	691.2348	1122	909	500	1825
82	4	38.9974	1	1	1	1825
82	5	83.4315	4	4	3	1825
82	6	154.3038	6	4	1	1825
82	7	350.3829	634	438	20	1825
82	8	62.2098	5	5	5	1825
82	9	111.2777	12	2	1	1825
82	10	78.7210	12	10	9	1825
83	1	148.7551	21	10	6	1477
83	2	54.1122	5	5	4	1477
83	3	570.6726	925	763	413	1477
83	4	30.3028	0	0	0	1477
83	5	66.7677	4	4	3	1477
83	6	127.4741	8	8	6	1477
83	7	285.5637	488	342	17	1477
83	8	51.6040	7	7	4	1477
83	9	86.9578	17	9	6	1477
83	10	54.7902	2	0	0	1477
84	1	113.0124	12	6	2	1178
84	2	41.1848	3	3	3	1178
84	3	472.6387	755	627	362	1178
84	4	23.1688	0	0	0	1178
84	5	52.2068	3	3	3	1178
84	6	97.1117	4	3	1	1178
84	7	225.9498	380	273	26	1178
84	8	38.0309	5	4	3	1178
84	9	69.1585	13	5	2	1178
84	10	45.5375	3	1	1	1178
85	1	113.3394	20	12	7	1158
85	2	42.2832	4	4	4	1158
85	3	468.1981	735	630	353	1158
85	4	23.9768	1	1	1	1158
85	5	52.1497	6	6	6	1158
85	6	90.5562	5	3	2	1158
85	7	218.5767	375	266	22	1158
85	8	34.1297	1	1	1	1158
85	9	69.9478	9	7	4	1158
85	10	44.8422	2	1	1	1158
86	1	119.4562	18	11	7	1186
86	2	40.9905	4	4	4	1186
86	3	481.1425	770	637	374	1186
86	4	22.9771	1	1	0	1186
86	5	51.8814	6	5	5	1186
86	6	101.8070	14	14	8	1186
86	7	218.4445	365	258	23	1186
86	8	36.7463	1	1	1	1186
86	9	67.4907	5	2	1	1186
86	10	45.0642	2	1	1	1186
87	1	117.4372	18	6	2	1203
87	2	41.5818	2	1	1	1203
87	3	484.0889	768	636	370	1203
87	4	24.5238	1	1	1	1203
87	5	50.7858	1	1	1	1203
87	6	97.8855	4	2	0	1203
87	7	222.9206	382	281	13	1203
87	8	39.2477	5	4	3	1203
87	9	74.1239	17	4	2	1203
87	10	50.4054	5	5	5	1203
88	1	134.2677	13	3	2	1390
88	2	51.4886	8	8	6	1390
88	3	560.8647	901	744	437	1390
88	4	29.0289	1	1	1	1390
88	5	62.2589	4	4	4	1390
88	6	113.8838	6	5	4	1390
88	7	252.4221	434	291	19	1390
88	8	46.0524	4	4	4	1390
88	9	83.4097	18	7	2	1390
88	10	56.3233	1	1	1	1390
89	1	144.4357	17	8	2	1484
89	2	53.1534	2	2	2	1484
89	3	590.9315	921	766	444	1484
89	4	30.4290	1	1	1	1484
89	5	67.2813	6	6	6	1484
89	6	119.5779	8	7	6	1484
89	7	279.4077	499	327	28	1484
89	8	48.3530	4	4	4	1484
89	9	90.8330	19	11	7	1484
89	10	59.5975	7	6	5	1484
90	1	197.7167	29	12	8	1955
90	2	70.0592	6	3	3	1955
90	3	780.5831	1262	1032	593	1955
90	4	42.1945	3	3	3	1955
90	5	84.5901	2	2	2	1955
90	6	160.0793	11	10	6	1955
90	7	362.0768	611	421	30	1955
90	8	62.8950	3	3	3	1955
90	9	117.4455	18	10	5	1955
90	10	77.3595	10	8	5	1955
91	1	259.2550	20	9	4	2668
91	2	102.8420	9	9	9	2668
91	3	1061.8074	1723	1434	787	2668
91	4	56.0401	3	3	2	2668
91	5	122.0135	11	9	8	2668
91	6	220.8549	18	16	10	2668
91	7	488.5298	847	567	37	2668
91	8	88.2721	5	5	5	2668
91	9	159.7248	24	10	6	2668
91	10	108.6604	8	5	4	2668
92	1	294.2154	21	9	4	3041
92	2	109.7994	5	4	3	3041
92	3	1203.3370	1918	1576	901	3041
92	4	66.0430	4	4	4	3041
92	5	135.8692	5	4	2	3041
92	6	258.5265	17	15	9	3041
92	7	571.9629	1027	711	31	3041
92	8	99.2913	3	2	2	3041
92	9	182.6201	31	11	6	3041
92	10	119.3349	10	8	3	3041
93	1	286.2162	36	12	6	2912
93	2	106.8894	6	6	5	2912
93	3	1127.6436	1791	1470	810	2912
93	4	61.9321	3	3	2	2912
93	5	132.7912	7	7	4	2912
93	6	245.0518	7	5	5	2912
93	7	568.5801	1018	715	42	2912
93	8	93.5440	8	7	3	2912
93	9	174.4363	30	15	11	2912
93	10	114.9151	6	5	3	2912
94	1	222.1566	18	6	4	2312
94	2	83.9867	5	5	4	2312
94	3	907.6009	1424	1194	700	2312
94	4	48.7379	1	1	1	2312
94	5	105.3618	8	8	5	2312
94	6	197.5414	15	13	7	2312
94	7	439.1381	812	571	32	2312
94	8	76.5143	8	8	5	2312
94	9	140.1191	17	9	8	2312
94	10	90.8429	4	3	2	2312
95	1	188.8340	19	8	4	1975
95	2	72.4625	5	5	4	1975
95	3	798.9374	1272	1071	615	1975
95	4	43.5448	4	4	4	1975
95	5	88.0841	9	9	7	1975
95	6	158.6258	10	9	5	1975
95	7	368.6951	632	449	41	1975
95	8	62.6014	4	3	3	1975
95	9	116.9418	14	5	4	1975
95	10	76.2724	6	5	4	1975
96	1	181.7873	18	11	7	1824
96	2	66.0829	5	5	4	1824
96	3	719.4058	1151	948	554	1824
96	4	39.3344	2	2	1	1824
96	5	83.2630	7	7	4	1824
96	6	153.1312	15	8	6	1824
96	7	342.2941	596	410	31	1824
96	8	61.0106	6	6	5	1824
96	9	107.9662	19	6	4	1824
96	10	69.7242	5	4	2	1824
97	1	189.4057	28	12	5	1900
97	2	71.1739	10	8	6	1900
97	3	742.4246	1189	975	570	1900
97	4	40.1098	2	2	1	1900
97	5	85.4436	3	3	2	1900
97	6	159.0236	8	8	5	1900
97	7	367.7562	634	436	40	1900
97	8	60.8042	2	2	1	1900
97	9	109.8391	20	6	4	1900
97	10	74.0196	4	4	2	1900
98	1	207.2780	29	15	9	2080
98	2	77.5014	9	7	7	2080
98	3	811.4396	1272	1063	613	2080
98	4	43.2924	1	1	0	2080
98	5	94.4737	6	6	4	2080
98	6	177.4108	9	8	8	2080
98	7	404.9273	723	512	42	2080
98	8	68.4992	7	7	7	2080
98	9	117.0136	16	4	3	2080
98	10	78.1649	8	7	5	2080
99	1	240.2885	23	8	2	2427
99	2	89.7976	8	6	3	2427
99	3	959.8465	1531	1274	725	2427
99	4	49.0758	0	0	0	2427
99	5	111.5334	6	6	6	2427
99	6	201.7739	5	5	3	2427
99	7	461.5479	823	567	38	2427
99	8	78.4585	4	4	4	2427
99	9	141.7349	24	14	6	2427
99	10	92.9424	3	2	1	2427
100	1	289.3978	38	17	5	2901
100	2	107.2109	8	7	5	2901
100	3	1139.7465	1795	1510	851	2901
100	4	59.9874	1	1	1	2901
100	5	131.7339	12	10	6	2901
100	6	245.7211	14	14	10	2901
100	7	554.6198	1000	682	39	2901
100	8	90.0473	1	1	1	2901
100	9	168.6317	19	12	6	2901
100	10	113.9043	13	10	10	2901
101	1	346.9347	45	19	9	3477
101	2	126.2901	8	8	6	3477
101	3	1363.6122	2121	1794	1046	3477
101	4	72.6900	4	4	4	3477
101	5	154.6058	8	6	2	3477
101	6	292.5566	16	11	7	3477
101	7	670.3513	1226	842	50	3477
101	8	111.1722	5	4	4	3477
101	9	204.6715	36	15	7	3477
101	10	134.1161	8	3	3	3477
102	1	345.1081	36	13	9	3536
102	2	131.0500	10	7	7	3536
102	3	1368.9456	2171	1808	1009	3536
102	4	76.2023	4	4	4	3536
102	5	162.2248	13	12	9	3536
102	6	291.6434	14	10	3	3536
102	7	691.6848	1236	888	72	3536
102	8	113.3248	7	7	5	3536
102	9	212.6272	33	20	9	3536
102	10	143.1888	12	10	10	3536
103	1	371.7616	51	28	16	3646
103	2	137.6129	12	8	8	3646
103	3	1405.4537	2175	1784	1061	3646
103	4	76.9993	3	3	2	3646
103	5	164.0339	5	5	3	3646
103	6	311.7747	21	16	7	3646
103	7	708.8203	1314	893	57	3646
103	8	118.0053	9	8	7	3646
103	9	207.3541	40	17	5	3646
103	10	144.1845	16	14	10	3646
104	1	352.2405	45	26	11	3502
104	2	129.9117	7	6	6	3502
104	3	1356.9808	2089	1740	1005	3502
104	4	72.2228	4	4	4	3502
104	5	154.0326	5	5	3	3502
104	6	299.6347	18	15	5	3502
104	7	686.7416	1287	867	62	3502
104	8	110.1088	4	4	4	3502
104	9	204.8306	35	15	7	3502
104	10	135.2960	8	4	3	3502
105	1	326.4393	44	25	12	3265
105	2	117.0281	8	6	6	3265
105	3	1254.8641	1940	1621	927	3265
105	4	66.6715	2	2	1	3265
105	5	148.9225	9	7	6	3265
105	6	286.4201	21	17	13	3265
105	7	658.1181	1202	864	67	3265
105	8	103.6376	5	5	3	3265
105	9	179.9375	27	11	7	3265
105	10	122.9607	7	5	4	3265
106	1	305.2034	38	18	7	3089
106	2	117.4419	14	10	6	3089
106	3	1216.1812	1915	1571	916	3089
106	4	62.5999	2	2	1	3089
106	5	134.6244	2	1	1	3089
106	6	260.5754	13	11	6	3089
106	7	594.2881	1059	745	54	3089
106	8	99.6848	8	8	6	3089
106	9	178.1732	29	13	11	3089
106	10	120.2275	9	8	6	3089
107	1	309.0750	28	10	7	3121
107	2	112.7529	8	7	6	3121
107	3	1180.4563	1842	1521	858	3121
107	4	66.2779	6	5	3	3121
107	5	144.1152	8	8	7	3121
107	6	269.1811	22	19	9	3121
107	7	629.0032	1149	799	73	3121
107	8	104.3429	7	7	7	3121
107	9	181.3852	38	15	10	3121
107	10	124.4100	13	11	8	3121
108	1	333.6139	49	24	7	3392
108	2	129.7603	14	12	12	3392
108	3	1325.4767	2006	1679	1018	3392
108	4	71.4416	6	6	6	3392
108	5	151.9433	6	6	4	3392
108	6	288.3822	19	14	8	3392
108	7	662.7332	1246	850	61	3392
108	8	106.9983	7	6	4	3392
108	9	190.7950	23	11	7	3392
108	10	130.8548	16	12	9	3392
109	1	372.1814	41	23	13	3675
109	2	137.6812	14	12	10	3675
109	3	1411.6484	2197	1830	1022	3675
109	4	75.3388	6	6	5	3675
109	5	165.2190	8	8	6	3675
109	6	316.6579	18	16	11	3675
109	7	723.1999	1341	904	64	3675
109	8	118.4446	10	10	8	3675
109	9	212.3381	28	13	9	3675
109	10	142.2912	12	10	8	3675
110	1	401.8258	48	21	11	4006
110	2	150.6540	16	13	8	4006
110	3	1533.1639	2378	1967	1127	4006
110	4	80.9204	0	0	0	4006
110	5	178.1401	4	4	3	4006
110	6	348.8562	18	16	10	4006
110	7	799.2856	1483	1019	72	4006
110	8	132.5917	12	12	11	4006
110	9	227.7273	39	15	8	4006
110	10	152.8361	8	5	3	4006
111	1	506.4082	63	33	22	4927
111	2	183.1422	13	11	11	4927
111	3	1862.4989	2915	2419	1351	4927
111	4	100.2629	3	3	2	4927
111	5	223.6027	6	6	5	4927
111	6	431.4868	23	19	16	4927
111	7	989.1005	1840	1272	76	4927
111	8	161.1002	9	9	8	4927
111	9	278.4268	36	18	11	4927
111	10	190.9694	19	17	11	4927
112	1	547.8157	63	26	15	5406
112	2	202.0401	13	12	9	5406
112	3	2086.4870	3293	2741	1558	5406
112	4	112.5683	7	7	6	5406
112	5	246.2000	12	12	9	5406
112	6	457.9191	19	12	8	5406
112	7	1051.1144	1923	1295	85	5406
112	8	179.6283	13	13	12	5406
112	9	312.1700	49	22	13	5406
112	10	210.0570	14	10	6	5406
113	1	514.7058	64	33	15	5105
113	2	188.5440	10	9	8	5105
113	3	1953.3535	3051	2518	1446	5105
113	4	105.8645	1	1	1	5105
113	5	233.0392	14	13	11	5105
113	6	447.0301	34	29	23	5105
113	7	1004.4494	1864	1270	70	5105
113	8	161.4516	8	8	5	5105
113	9	298.9956	43	28	14	5105
113	10	197.5663	16	12	9	5105
114	1	462.7165	71	37	16	4575
114	2	175.1664	18	17	14	4575
114	3	1760.0604	2714	2286	1280	4575
114	4	92.8797	1	1	0	4575
114	5	210.1897	18	18	14	4575
114	6	397.7287	25	20	14	4575
114	7	890.3451	1670	1147	73	4575
114	8	145.6726	7	7	6	4575
114	9	264.8721	40	20	10	4575
114	10	175.3699	11	8	6	4575
115	1	442.1848	60	24	10	4361
115	2	167.7813	23	21	15	4361
115	3	1648.2894	2574	2134	1202	4361
115	4	89.1206	5	5	2	4361
115	5	198.5117	13	12	8	4361
115	6	382.1338	28	25	18	4361
115	7	860.1677	1586	1103	81	4361
115	8	145.2864	12	12	9	4361
115	9	252.3780	40	20	14	4361
115	10	175.1454	20	15	12	4361
116	1	442.3264	53	27	13	4449
116	2	161.9282	10	8	5	4449
116	3	1702.6192	2645	2193	1276	4449
116	4	92.5319	4	4	4	4449
116	5	202.5243	15	15	11	4449
116	6	389.3045	24	22	18	4449
116	7	877.3074	1616	1139	88	4449
116	8	147.8718	15	14	13	4449
116	9	255.9269	50	23	16	4449
116	10	176.6597	17	10	8	4449
117	1	442.1117	50	22	12	4480
117	2	160.4406	8	8	7	4480
117	3	1724.7188	2676	2223	1298	4480
117	4	89.0251	1	1	0	4480
117	5	203.3548	14	13	10	4480
117	6	388.5444	27	20	10	4480
117	7	890.8360	1620	1188	79	4480
117	8	147.5862	15	15	13	4480
117	9	258.4271	50	29	16	4480
117	10	174.9545	19	13	12	4480
118	1	486.2997	68	34	13	4804
118	2	183.2550	24	20	18	4804
118	3	1836.2878	2819	2347	1361	4804
118	4	98.7468	4	4	4	4804
118	5	217.4331	10	10	5	4804
118	6	418.5548	28	25	14	4804
118	7	957.2195	1775	1234	91	4804
118	8	151.0836	8	7	5	4804
118	9	271.6652	55	24	11	4804
118	10	183.4544	13	10	7	4804
119	1	536.4416	73	40	23	5333
119	2	201.7520	19	17	15	5333
119	3	2042.1756	3177	2650	1529	5333
119	4	107.3008	1	1	1	5333
119	5	242.6262	15	14	11	5333
119	6	461.3566	22	18	7	5333
119	7	1065.2878	1955	1389	103	5333
119	8	174.8732	11	11	11	5333
119	9	299.4733	47	23	12	5333
119	10	201.7122	13	11	4	5333
120	1	620.2133	78	39	25	6114
120	2	227.8145	23	20	15	6114
120	3	2360.1568	3703	3048	1781	6114
120	4	123.0114	4	4	3	6114
120	5	279.8780	19	19	12	6114
120	6	524.9153	33	26	14	6114
120	7	1194.7011	2153	1496	107	6114
120	8	195.6165	13	13	12	6114
120	9	356.5440	70	38	22	6114
120	10	231.1468	18	10	6	6114
121	1	738.2794	99	38	21	7332
121	2	284.9505	34	31	22	7332
121	3	2761.4487	4228	3533	2005	7332
121	4	149.3592	2	2	2	7332
121	5	334.3912	16	16	13	7332
121	6	644.3471	36	30	25	7332
121	7	1479.3839	2817	1961	126	7332
121	8	237.6519	13	12	12	7332
121	9	419.3836	63	30	17	7332
121	10	282.8046	24	18	12	7332
122	1	914.5131	98	55	28	9054
122	2	337.6624	21	16	9	9054
122	3	3447.7196	5329	4416	2508	9054
122	4	187.4088	3	3	2	9054
122	5	416.3346	24	23	16	9054
122	6	787.2594	36	32	17	9054
122	7	1792.4665	3405	2345	134	9054
122	8	298.5112	21	18	14	9054
122	9	523.9710	85	33	21	9054
122	10	348.1535	32	24	18	9054
123	1	1035.1893	129	58	26	10187
123	2	388.7126	44	38	27	10187
123	3	3799.7189	5844	4814	2703	10187
123	4	209.9619	12	12	9	10187
123	5	467.4721	20	19	15	10187
123	6	899.5144	49	44	22	10187
123	7	2101.1808	3949	2776	189	10187
123	8	328.8461	23	21	19	10187
123	9	577.2805	92	51	26	10187
123	10	379.1248	25	18	9	10187
124	1	980.9356	111	44	15	9722
124	2	373.2880	32	24	22	9722
124	3	3617.2329	5564	4579	2568	9722
124	4	204.0562	16	16	12	9722
124	5	449.0463	23	23	15	9722
124	6	864.6683	59	54	31	9722
124	7	1989.5818	3771	2660	176	9722
124	8	316.4228	18	15	12	9722
124	9	553.6453	98	45	32	9722
124	10	373.1220	30	18	12	9722
125	1	806.9443	104	40	25	7927
125	2	299.9504	22	18	16	7927
125	3	2962.2126	4497	3673	2125	7927
125	4	161.0559	7	7	4	7927
125	5	366.4362	26	25	17	7927
125	6	709.2416	46	38	23	7927
125	7	1620.2528	3120	2154	159	7927
125	8	252.7944	13	12	10	7927
125	9	441.5362	60	34	22	7927
125	10	306.5748	32	22	14	7927
126	1	711.7400	102	58	33	6979
126	2	265.3048	27	19	18	6979
126	3	2628.1809	4013	3336	1905	6979
126	4	140.6821	2	2	1	6979
126	5	313.4612	14	11	10	6979
126	6	618.5222	48	41	25	6979
126	7	1405.8783	2668	1865	117	6979
126	8	220.0374	2	2	2	6979
126	9	393.2527	66	38	25	6979
126	10	281.9406	37	27	20	6979
127	1	688.9314	94	45	26	6874
127	2	258.5376	22	18	12	6874
127	3	2594.9647	4021	3312	1882	6874
127	4	142.1270	6	6	5	6874
127	5	310.4871	16	15	6	6874
127	6	603.5109	32	28	22	6874
127	7	1372.5559	2576	1804	124	6874
127	8	222.9503	14	14	13	6874
127	9	396.8795	69	46	29	6874
127	10	283.0555	24	16	14	6874
128	1	752.8482	121	49	26	7531
128	2	284.2886	26	22	19	7531
128	3	2847.3364	4411	3652	2053	7531
128	4	154.8024	7	7	4	7531
128	5	339.8172	20	19	15	7531
128	6	660.8276	38	33	24	7531
128	7	1523.4657	2803	1989	157	7531
128	8	242.2337	16	15	14	7531
128	9	417.5015	58	18	14	7531
128	10	307.8792	31	25	14	7531
129	1	841.4020	138	68	41	8247
129	2	313.7567	24	18	15	8247
129	3	3128.6057	4879	4011	2313	8247
129	4	171.2474	8	8	7	8247
129	5	367.4510	12	11	11	8247
129	6	713.2563	48	45	26	8247
129	7	1635.9747	2988	2087	163	8247
129	8	263.1503	15	14	12	8247
129	9	471.1183	97	41	27	8247
129	10	341.0375	38	26	21	8247
130	1	935.2736	117	59	30	9219
130	2	352.7255	32	26	22	9219
130	3	3469.8299	5421	4439	2539	9219
130	4	191.2123	7	6	5	9219
130	5	425.8937	25	23	16	9219
130	6	810.0740	54	46	31	9219
130	7	1839.7947	3418	2396	171	9219
130	8	299.7499	20	20	14	9219
130	9	522.5606	90	42	24	9219
130	10	371.8857	35	17	13	9219
131	1	1108.6324	143	69	34	10903
131	2	413.3742	36	29	23	10903
131	3	4058.5450	6191	5143	2925	10903
131	4	223.1853	12	11	8	10903
131	5	507.9247	32	27	22	10903
131	6	969.8167	68	49	28	10903
131	7	2232.2959	4267	2990	208	10903
131	8	347.3408	18	14	12	10903
131	9	608.1168	93	50	33	10903
131	10	433.7669	43	29	17	10903
132	1	1412.4017	160	72	35	13897
132	2	523.5132	42	34	25	13897
132	3	5170.0136	7888	6518	3754	13897
132	4	281.4114	8	8	8	13897
132	5	643.9732	39	36	26	13897
132	6	1240.0828	67	59	43	13897
132	7	2876.0975	5480	3774	269	13897
132	8	442.7913	16	15	12	13897
132	9	759.8109	132	63	33	13897
132	10	546.9039	65	34	25	13897
133	1	1745.4468	229	111	59	16959
133	2	651.5431	66	53	42	16959
133	3	6242.7675	9594	7907	4469	16959
133	4	342.0376	14	12	9	16959
133	5	791.7426	50	46	36	16959
133	6	1517.7440	73	56	38	16959
133	7	3547.8407	6695	4701	343	16959
133	8	544.1698	27	27	20	16959
133	9	926.6017	148	72	38	16959
133	10	649.1050	63	40	28	16959
134	1	2067.8907	259	110	58	20067
134	2	776.5707	72	56	48	20067
134	3	7262.7881	11205	9135	5025	20067
134	4	404.4490	15	15	11	20067
134	5	944.4652	48	45	34	20067
134	6	1832.1551	84	73	55	20067
134	7	4281.0331	8119	5727	454	20067
134	8	653.9018	36	32	26	20067
134	9	1086.0124	171	83	48	20067
134	10	757.7336	58	37	25	20067
135	1	2069.5827	267	125	51	20009
135	2	773.6597	71	56	49	20009
135	3	7283.0863	11133	9092	5117	20009
135	4	403.2279	17	17	13	20009
135	5	934.3569	42	41	29	20009
135	6	1820.5030	110	83	54	20009
135	7	4251.6292	8114	5738	417	20009
135	8	644.0369	33	32	27	20009
135	9	1063.8681	156	64	33	20009
135	10	765.0493	66	41	26	20009
136	1	1871.1973	231	102	52	18114
136	2	694.9808	55	42	38	18114
136	3	6534.8064	10013	8197	4549	18114
136	4	364.5145	12	12	10	18114
136	5	853.0455	39	37	33	18114
136	6	1662.0822	98	87	52	18114
136	7	3897.1944	7453	5254	382	18114
136	8	575.0378	22	20	16	18114
136	9	966.0494	131	63	42	18114
136	10	695.0903	60	48	30	18114
137	1	1752.2094	190	82	39	17125
137	2	650.1701	61	49	42	17125
137	3	6242.6240	9490	7835	4380	17125
137	4	340.2885	15	15	10	17125
137	5	809.2032	54	52	39	17125
137	6	1568.1300	95	82	47	17125
137	7	3665.3149	6998	4919	376	17125
137	8	545.1346	31	31	25	17125
137	9	906.2640	130	60	37	17125
137	10	645.6606	61	42	28	17125
138	1	1859.4496	243	115	63	17769
138	2	679.9339	60	39	36	17769
138	3	6381.8403	9752	7968	4481	17769
138	4	355.0961	14	14	11	17769
138	5	853.9215	60	53	38	17769
138	6	1648.6985	110	91	57	17769
138	7	3827.8667	7321	5163	391	17769
138	8	569.0808	30	29	24	17769
138	9	938.7276	120	61	31	17769
138	10	654.3852	59	39	18	17769
139	1	2152.1780	276	127	67	20498
139	2	778.8095	59	45	40	20498
139	3	7329.8259	11157	9087	5044	20498
139	4	402.7265	14	14	12	20498
139	5	991.9629	71	66	52	20498
139	6	1912.2026	122	99	61	20498
139	7	4466.5578	8590	6114	460	20498
139	8	648.4867	27	26	21	20498
139	9	1067.1466	115	62	39	20498
139	10	748.1033	67	41	23	20498
140	1	2623.5312	299	136	65	24929
140	2	968.1062	106	73	50	24929
140	3	8825.8642	13371	10846	5971	24929
140	4	491.2336	21	21	15	24929
140	5	1199.6996	72	69	55	24929
140	6	2346.8521	146	117	72	24929
140	7	5490.9532	10628	7479	530	24929
140	8	795.5846	31	28	22	24929
140	9	1281.2122	161	68	41	24929
140	10	905.9646	94	68	47	24929
141	1	3045.1340	399	192	96	28831
141	2	1103.5718	99	70	51	28831
141	3	10205.8122	15315	12641	7000	28831
141	4	554.0928	18	17	14	28831
141	5	1377.9586	76	70	46	28831
141	6	2704.3064	134	106	72	28831
141	7	6397.6206	12464	8933	625	28831
141	8	922.4786	42	40	35	28831
141	9	1498.4693	199	104	61	28831
141	10	1021.5547	85	50	35	28831
142	1	3405.8696	406	181	88	32094
142	2	1221.7063	91	60	45	32094
142	3	11264.9219	16939	13752	7585	32094
142	4	618.8769	13	12	10	32094
142	5	1540.3572	62	58	37	32094
142	6	3042.1988	168	138	85	32094
142	7	7202.4433	14090	10074	710	32094
142	8	1021.0763	36	35	26	32094
142	9	1641.0542	199	92	51	32094
142	10	1135.4913	90	53	36	32094
143	1	3569.1990	413	205	96	33604
143	2	1300.2659	108	79	63	33604
143	3	11807.2378	17656	14454	8065	33604
143	4	642.7577	11	10	7	33604
143	5	1622.4378	72	63	42	33604
143	6	3169.8038	145	114	68	33604
143	7	7496.0023	14807	10443	717	33604
143	8	1090.1314	64	61	50	33604
143	9	1720.6165	231	110	62	33604
143	10	1185.5477	97	55	29	33604
144	1	3612.7336	447	224	92	34002
144	2	1315.8569	124	94	83	34002
144	3	11955.3144	17910	14631	8111	34002
144	4	655.4244	29	27	23	34002
144	5	1628.7465	75	71	55	34002
144	6	3223.8602	191	142	89	34002
144	7	7591.7488	14833	10546	742	34002
144	8	1078.8275	47	43	33	34002
144	9	1734.1506	227	125	67	34002
144	10	1205.3355	119	80	52	34002
145	1	3678.6468	414	196	91	34748
145	2	1357.8945	141	105	87	34748
145	3	12159.2657	18218	14893	8185	34748
145	4	674.9975	29	28	20	34748
145	5	1668.2237	72	67	48	34748
145	6	3333.0934	219	176	120	34748
145	7	7775.4047	15287	10928	774	34748
145	8	1098.7761	36	34	30	34748
145	9	1761.6765	219	108	63	34748
145	10	1240.0208	113	65	35	34748
146	1	3731.4687	445	206	84	35320
146	2	1343.0777	114	80	71	35320
146	3	12452.0383	18622	15349	8528	35320
146	4	678.5958	24	23	17	35320
146	5	1693.7802	87	76	47	35320
146	6	3366.0345	204	170	115	35320
146	7	7885.1771	15443	10976	777	35320
146	8	1122.7862	49	47	40	35320
146	9	1787.6950	216	107	71	35320
146	10	1259.3461	116	77	54	35320
147	1	3750.1917	450	243	122	35214
147	2	1337.2293	120	80	64	35214
147	3	12363.4143	18477	15088	8407	35214
147	4	669.8265	17	16	11	35214
147	5	1708.5972	106	100	67	35214
147	6	3358.8942	180	154	91	35214
147	7	7901.4718	15475	11101	815	35214
147	8	1123.8578	61	58	49	35214
147	9	1762.0711	212	109	68	35214
147	10	1238.4429	116	71	42	35214
148	1	3895.9618	498	253	121	36417
148	2	1391.3567	106	76	59	36417
148	3	12661.2149	18975	15452	8504	36417
148	4	695.4773	24	21	19	36417
148	5	1762.2089	100	95	70	36417
148	6	3492.7505	188	152	101	36417
148	7	8254.7432	16149	11595	925	36417
148	8	1149.6300	41	38	32	36417
148	9	1824.5614	225	107	67	36417
148	10	1289.0945	111	60	33	36417
149	1	4036.8047	488	254	131	37842
149	2	1432.2085	140	94	71	37842
149	3	13216.0004	19598	16095	8986	37842
149	4	714.0855	28	28	24	37842
149	5	1829.6153	92	84	58	37842
149	6	3643.6462	190	151	103	37842
149	7	8637.2110	16958	12181	914	37842
149	8	1179.2689	51	47	38	37842
149	9	1856.8153	182	91	58	37842
149	10	1296.3439	115	71	41	37842
150	1	4409.8691	537	253	115	41332
150	2	1592.2893	138	97	75	41332
150	3	14213.1748	21051	17243	9604	41332
150	4	786.0751	28	28	25	41332
150	5	2010.2220	106	92	59	41332
150	6	4009.1195	224	183	116	41332
150	7	9524.5835	18863	13624	1058	41332
150	8	1315.6406	52	48	40	41332
150	9	2047.0908	235	108	60	41332
150	10	1423.9345	98	64	46	41332
151	1	4746.6546	579	284	119	44023
151	2	1683.1110	124	89	71	44023
151	3	15113.3168	22416	18383	10021	44023
151	4	826.5877	23	22	17	44023
151	5	2143.7367	122	115	83	44023
151	6	4294.0302	278	217	135	44023
151	7	10122.4269	20033	14448	1090	44023
151	8	1401.0067	55	51	44	44023
151	9	2176.4534	245	122	69	44023
151	10	1515.6724	148	81	53	44023
152	1	4791.7229	565	286	146	44458
152	2	1695.3055	143	101	85	44458
152	3	15274.6736	22487	18426	10179	44458
152	4	829.9676	23	22	18	44458
152	5	2167.3415	120	110	69	44458
152	6	4321.4694	251	196	119	44458
152	7	10325.9813	20488	14757	1126	44458
152	8	1404.3431	57	54	48	44458
152	9	2153.7659	207	105	69	44458
152	10	1493.4283	117	79	57	44458
153	1	5016.7650	613	265	131	46549
153	2	1797.3282	162	123	98	46549
153	3	15849.7599	23422	19047	10422	46549
153	4	866.1978	24	22	19	46549
153	5	2286.4965	124	111	90	46549
153	6	4552.5204	250	195	126	46549
153	7	10855.9504	21566	15747	1084	46549
153	8	1471.3694	57	53	42	46549
153	9	2274.6793	215	116	71	46549
153	10	1577.9299	116	73	53	46549
154	1	5105.5661	632	311	141	46996
154	2	1818.5361	176	128	97	46996
154	3	15996.9190	23730	19312	10562	46996
154	4	863.2150	21	20	15	46996
154	5	2284.7530	104	94	63	46996
154	6	4600.1569	248	199	122	46996
154	7	10948.2000	21681	15767	1145	46996
154	8	1494.1785	61	60	47	46996
154	9	2302.1387	225	120	72	46996
154	10	1582.3389	118	69	41	46996
155	1	5005.1795	657	307	157	45890
155	2	1748.3022	145	95	67	45890
155	3	15605.1479	23022	18689	10341	45890
155	4	848.0757	27	26	19	45890
155	5	2241.0269	113	103	67	45890
155	6	4480.9537	261	205	117	45890
155	7	10728.4418	21270	15463	1168	45890
155	8	1459.8878	68	66	52	45890
155	9	2238.3281	234	128	71	45890
155	10	1534.6557	93	59	38	45890
156	1	5116.0048	660	320	157	47134
156	2	1809.0869	147	102	85	47134
156	3	16061.1708	23681	19376	10552	47134
156	4	874.4482	34	33	23	47134
156	5	2301.8294	112	97	68	47134
156	6	4607.0751	224	167	100	47134
156	7	11014.8033	21889	15832	1146	47134
156	8	1485.7686	57	56	48	47134
156	9	2289.6436	223	130	79	47134
156	10	1574.1707	107	73	49	47134
157	1	5438.8789	702	308	134	50291
157	2	1930.2419	185	124	101	50291
157	3	17121.3115	24976	20478	11428	50291
157	4	917.1843	26	25	22	50291
157	5	2457.6768	126	118	89	50291
157	6	4934.8504	261	204	138	50291
157	7	11809.2638	23586	17057	1295	50291
157	8	1587.0252	70	68	50	50291
157	9	2439.8495	253	146	90	50291
157	10	1654.7146	106	71	45	50291
158	1	5989.2138	753	355	169	55001
158	2	2090.4435	180	111	80	55001
158	3	18707.0726	27579	22387	12369	55001
158	4	1003.5480	27	26	20	55001
158	5	2709.0109	141	128	98	55001
158	6	5407.5438	300	229	138	55001
158	7	12905.4562	25588	18635	1391	55001
158	8	1744.2769	69	67	54	55001
158	9	2644.3448	250	141	78	55001
158	10	1800.0852	114	73	42	55001
159	1	6572.2108	787	395	164	60314
159	2	2302.3846	191	129	104	60314
159	3	20436.1210	29923	24525	13488	60314
159	4	1099.1423	40	38	32	60314
159	5	2958.2859	153	141	99	60314
159	6	5947.7722	306	247	160	60314
159	7	14294.0317	28495	20811	1603	60314
159	8	1897.5855	78	70	58	60314
159	9	2859.0744	232	107	71	60314
159	10	1947.3893	109	66	39	60314
160	1	7189.0247	896	458	210	65827
160	2	2500.7052	179	129	105	65827
160	3	22187.2544	32521	26563	14587	65827
160	4	1199.9349	32	32	24	65827
160	5	3234.9422	144	133	101	65827
160	6	6534.2355	389	294	186	65827
160	7	15627.3911	31181	22789	1772	65827
160	8	2069.8398	70	66	51	65827
160	9	3137.8380	273	143	84	65827
160	10	2145.8351	142	101	70	65827
161	1	7675.7334	962	470	222	70120
161	2	2669.0122	242	147	115	70120
161	3	23680.5754	34537	28182	15568	70120
161	4	1282.4998	43	42	34	70120
161	5	3440.4651	177	168	129	70120
161	6	6949.9833	383	298	176	70120
161	7	16609.6384	33259	24231	1837	70120
161	8	2202.8879	82	75	61	70120
161	9	3324.8912	271	136	74	70120
161	10	2284.3117	164	109	74	70120
162	1	7995.3414	957	440	221	73031
162	2	2774.1721	227	149	117	73031
162	3	24577.7489	35944	29385	16146	73031
162	4	1317.5375	21	20	16	73031
162	5	3600.4411	178	166	118	73031
162	6	7244.1812	377	297	176	73031
162	7	17343.2186	34775	25314	1861	73031
162	8	2322.5674	103	96	73	73031
162	9	3494.4203	306	161	88	73031
162	10	2361.3696	143	99	67	73031
163	1	8419.1741	1029	529	246	76997
163	2	2925.8355	253	159	126	76997
163	3	25936.3915	37778	30940	17006	76997
163	4	1397.9073	42	42	31	76997
163	5	3788.9685	194	178	130	76997
163	6	7646.4052	422	323	200	76997
163	7	18319.0585	36711	26691	2052	76997
163	8	2417.0820	94	88	66	76997
163	9	3656.8884	303	175	97	76997
163	10	2489.2858	171	113	72	76997
164	1	9260.2642	1211	556	250	84459
164	2	3212.9689	261	168	122	84459
164	3	28188.5038	40788	33243	18283	84459
164	4	1540.9065	52	52	37	84459
164	5	4190.5013	216	204	158	84459
164	6	8414.0045	429	321	195	84459
164	7	20215.9352	40852	29810	2279	84459
164	8	2674.1830	110	101	84	84459
164	9	4021.7472	337	197	114	84459
164	10	2739.9767	203	125	87	84459
165	1	10306.9629	1314	618	289	93685
165	2	3570.3964	294	197	148	93685
165	3	31251.8441	45329	36891	20406	93685
165	4	1702.4909	58	58	38	93685
165	5	4604.3088	208	183	133	93685
165	6	9348.0091	490	358	228	93685
165	7	22470.0948	45321	33154	2577	93685
165	8	2967.1224	117	109	89	93685
165	9	4440.0541	359	193	114	93685
165	10	3023.7114	195	127	82	93685
166	1	11198.6391	1380	657	280	102040
166	2	3894.2628	325	206	152	102040
166	3	33972.1896	49032	40082	22175	102040
166	4	1848.3354	51	51	39	102040
166	5	5035.6130	244	222	159	102040
166	6	10222.4461	526	393	231	102040
166	7	24556.2664	49797	36267	2754	102040
166	8	3218.5516	116	112	86	102040
166	9	4827.0282	388	225	119	102040
166	10	3266.6624	181	124	80	102040
167	1	11491.4875	1417	660	285	104930
167	2	3980.3090	312	225	174	104930
167	3	35071.9189	50914	41583	22863	104930
167	4	1895.7756	60	59	45	104930
167	5	5189.7231	258	243	176	104930
167	6	10494.1813	558	405	252	104930
167	7	25201.7806	50675	37217	2817	104930
167	8	3307.9207	125	117	96	104930
167	9	4963.9499	406	247	149	104930
167	10	3332.9487	205	127	82	104930
168	1	11422.5772	1452	677	310	104080
168	2	3955.1929	336	216	159	104080
168	3	34834.2035	50421	41182	22952	104080
168	4	1878.0088	63	63	46	104080
168	5	5126.5013	261	244	175	104080
168	6	10391.3305	531	394	244	104080
168	7	24953.1206	50289	36727	2764	104080
168	8	3283.2353	130	121	94	104080
168	9	4923.2019	393	205	124	104080
168	10	3312.6237	204	141	90	104080
169	1	11134.6747	1413	667	300	101448
169	2	3814.0284	298	181	140	101448
169	3	33974.6324	49091	40217	22399	101448
169	4	1821.9470	40	40	27	101448
169	5	5020.2155	242	219	160	101448
169	6	10159.3160	507	387	243	101448
169	7	24371.6338	49197	36037	2752	101448
169	8	3200.2217	119	114	91	101448
169	9	4749.1019	370	202	123	101448
169	10	3202.2282	171	114	86	101448
170	1	10741.1557	1380	676	274	97775
170	2	3705.4193	317	202	154	97775
170	3	32681.2009	47314	38665	21532	97775
170	4	1768.4138	45	44	36	97775
170	5	4819.0107	220	196	143	97775
170	6	9817.2934	527	413	260	97775
170	7	23471.1273	47315	34763	2642	97775
170	8	3084.7748	116	110	82	97775
170	9	4607.7799	358	201	111	97775
170	10	3078.8216	183	123	82	97775
171	1	10234.2551	1359	616	274	93068
171	2	3531.1156	322	208	148	93068
171	3	31078.5377	44770	36816	20419	93068
171	4	1673.4076	47	47	38	93068
171	5	4614.3050	251	229	161	93068
171	6	9339.0734	480	360	229	93068
171	7	22351.1500	45176	33215	2474	93068
171	8	2929.2046	120	103	82	93068
171	9	4371.8572	346	203	123	93068
171	10	2945.0858	197	140	90	93068
172	1	9551.2567	1164	533	218	87129
172	2	3274.1590	252	173	130	87129
172	3	29159.8388	42090	34397	19348	87129
172	4	1563.9367	38	38	28	87129
172	5	4317.8691	215	192	124	87129
172	6	8740.0233	456	341	208	87129
172	7	20935.4522	42288	31000	2317	87129
172	8	2738.1258	106	99	68	87129
172	9	4111.4407	345	198	125	87129
172	10	2736.8991	175	110	70	87129
173	1	9081.0184	1130	530	223	82930
173	2	3112.0146	234	139	97	82930
173	3	27825.7142	39975	32946	18486	82930
173	4	1495.3037	43	40	30	82930
173	5	4092.7963	194	179	134	82930
173	6	8326.6890	456	336	211	82930
173	7	19879.1589	40332	29550	2215	82930
173	8	2599.4666	103	95	70	82930
173	9	3894.4530	302	180	103	82930
173	10	2623.3817	161	113	88	82930
174	1	8736.8792	1118	495	212	80137
174	2	3010.9269	287	192	154	80137
174	3	27038.1072	38808	32021	18158	80137
174	4	1434.3669	39	38	29	80137
174	5	3942.8792	193	171	129	80137
174	6	7999.7422	417	309	189	80137
174	7	19209.7500	38727	28464	2162	80137
174	8	2510.0233	98	84	66	80137
174	9	3738.7418	294	181	100	80137
174	10	2515.5834	156	107	73	80137
175	1	8636.4594	1111	535	229	78939
175	2	2946.8986	241	152	111	78939
175	3	26536.7581	38243	31317	17669	78939
175	4	1412.1447	39	39	33	78939
175	5	3874.2276	176	166	116	78939
175	6	7898.0017	410	310	171	78939
175	7	18992.0966	38148	28244	2119	78939
175	8	2485.4081	104	97	74	78939
175	9	3687.5660	288	163	103	78939
175	10	2469.4408	179	122	78	78939
176	1	8364.3526	1068	520	250	76659
176	2	2872.5486	255	159	109	76659
176	3	25844.0150	37208	30747	17286	76659
176	4	1380.2029	47	45	38	76659
176	5	3780.0892	211	194	136	76659
176	6	7699.4426	464	353	216	76659
176	7	18325.5288	36889	27233	2039	76659
176	8	2403.0067	96	91	69	76659
176	9	3601.3234	296	163	102	76659
176	10	2388.4859	125	92	59	76659
177	1	8151.3217	1071	490	197	74585
177	2	2787.4573	229	150	117	74585
177	3	25142.1410	36001	29751	16901	74585
177	4	1317.3488	31	31	22	74585
177	5	3673.9428	191	179	136	74585
177	6	7492.9685	437	316	203	74585
177	7	17881.0560	36140	26613	2019	74585
177	8	2347.4174	102	98	73	74585
177	9	3473.5181	263	156	90	74585
177	10	2317.8282	120	87	63	74585
178	1	7648.6037	921	440	206	70437
178	2	2626.7105	254	151	113	70437
178	3	23852.1901	33965	28155	16181	70437
178	4	1245.6621	17	17	17	70437
178	5	3494.6594	194	184	145	70437
178	6	7049.3641	377	281	180	70437
178	7	16853.1301	34227	25277	1835	70437
178	8	2205.2967	82	78	67	70437
178	9	3291.5547	285	164	98	70437
178	10	2169.8228	115	73	45	70437
179	1	7122.0151	1004	490	222	65147
179	2	2439.4826	233	153	111	65147
179	3	22077.4705	31537	26140	14981	65147
179	4	1155.9996	33	33	25	65147
179	5	3203.6235	176	159	109	65147
179	6	6534.5924	396	300	189	65147
179	7	15527.7100	31351	23134	1729	65147
179	8	2039.1563	80	75	65	65147
179	9	3031.9792	234	138	92	65147
179	10	2014.9673	103	83	58	65147
180	1	6534.8963	874	440	191	60179
180	2	2231.1810	192	123	81	60179
180	3	20481.8656	29341	24359	13986	60179
180	4	1073.9430	35	35	30	60179
180	5	2953.1547	160	146	113	60179
180	6	6022.9270	352	257	154	60179
180	7	14315.9742	28821	21393	1534	60179
180	8	1884.7570	73	69	59	60179
180	9	2814.1014	232	135	81	60179
180	10	1866.1948	99	75	54	60179
181	1	5940.3575	783	377	152	54876
181	2	2030.1257	180	114	87	54876
181	3	18767.6690	26700	22332	12880	54876
181	4	970.2021	27	24	19	54876
181	5	2685.9504	152	135	95	54876
181	6	5460.9495	305	223	149	54876
181	7	13068.5610	26334	19437	1419	54876
181	8	1709.5113	69	66	49	54876
181	9	2558.7775	214	146	89	54876
181	10	1683.8949	112	79	54	54876
182	1	5430.7698	754	368	151	49950
182	2	1846.5327	152	98	73	49950
182	3	17094.4871	24393	20457	11826	49950
182	4	886.2114	29	29	25	49950
182	5	2433.2255	112	103	69	49950
182	6	4956.5502	243	181	125	49950
182	7	11873.2053	23894	17788	1320	49950
182	8	1559.0443	73	70	56	49950
182	9	2334.1298	204	119	77	49950
182	10	1535.8407	96	63	48	49950
183	1	4935.2242	702	337	142	45706
183	2	1705.6030	160	107	88	45706
183	3	15729.8113	22359	18809	11004	45706
183	4	812.7816	24	24	21	45706
183	5	2238.7748	124	117	83	45706
183	6	4542.7533	267	203	132	45706
183	7	10800.9513	21733	16174	1219	45706
183	8	1424.5240	75	66	43	45706
183	9	2110.7847	182	108	64	45706
183	10	1404.7909	80	62	45	45706
184	1	4522.7499	609	281	125	41963
184	2	1558.2646	149	103	77	41963
184	3	14432.1326	20508	17217	10009	41963
184	4	744.6663	26	25	19	41963
184	5	2051.3629	104	94	64	41963
184	6	4170.8126	242	188	110	41963
184	7	9938.4559	19982	14873	1095	41963
184	8	1304.4891	56	55	36	41963
184	9	1956.5033	192	121	68	41963
184	10	1283.5630	95	68	43	41963
185	1	4249.3252	596	292	134	39324
185	2	1445.1109	124	87	65	39324
185	3	13572.9962	19218	16180	9554	39324
185	4	691.0687	23	23	17	39324
185	5	1911.5810	106	97	69	39324
185	6	3925.4886	236	190	127	39324
185	7	9287.3270	18728	13966	1023	39324
185	8	1216.7230	53	50	32	39324
185	9	1816.2159	154	100	71	39324
185	10	1208.1608	86	61	47	39324
186	1	4056.4691	593	285	136	37467
186	2	1376.7398	133	90	66	37467
186	3	12907.1372	18327	15475	8945	37467
186	4	665.1478	22	22	21	37467
186	5	1836.4248	108	101	74	37467
186	6	3734.9499	239	180	116	37467
186	7	8834.0823	17772	13203	925	37467
186	8	1164.4541	50	46	40	37467
186	9	1744.8484	150	96	65	37467
186	10	1146.7458	73	55	39	37467
187	1	3827.1550	496	251	107	35715
187	2	1302.2570	117	78	59	35715
187	3	12408.6766	17632	14803	8731	35715
187	4	631.7583	18	18	16	35715
187	5	1746.7517	96	89	75	35715
187	6	3525.4307	188	154	95	35715
187	7	8419.0374	16922	12638	924	35715
187	8	1117.0168	49	48	36	35715
187	9	1649.3473	134	81	54	35715
187	10	1087.5675	63	38	28	35715
188	1	3587.3152	521	251	105	33618
188	2	1225.2987	111	72	55	33618
188	3	11694.1569	16475	13871	8288	33618
188	4	589.5307	22	18	15	33618
188	5	1649.0943	98	90	71	33618
188	6	3325.4657	214	154	107	33618
188	7	7930.6133	15939	11929	908	33618
188	8	1040.2802	49	45	35	33618
188	9	1553.6234	120	80	55	33618
188	10	1022.6217	69	56	36	33618
189	1	3406.3228	478	234	103	31899
189	2	1170.1062	123	81	65	31899
189	3	11078.9951	15615	13188	7845	31899
189	4	559.2261	15	15	9	31899
189	5	1557.2327	98	84	63	31899
189	6	3170.1437	195	155	90	31899
189	7	7528.8578	15186	11297	835	31899
189	8	990.7056	43	38	27	31899
189	9	1471.7179	100	67	44	31899
189	10	965.6885	46	40	30	31899
190	1	3203.1711	467	217	94	29854
190	2	1088.0124	107	73	57	29854
190	3	10359.7180	14543	12361	7385	29854
190	4	525.6424	18	18	14	29854
190	5	1445.8513	75	70	56	29854
190	6	2958.9057	177	146	86	29854
190	7	7055.2262	14248	10665	797	29854
190	8	929.1139	42	39	35	29854
190	9	1387.6081	125	84	51	29854
190	10	900.7486	52	42	31	29854
191	1	2967.1463	449	217	117	27639
191	2	1007.6928	95	75	53	27639
191	3	9657.8770	13645	11536	6932	27639
191	4	483.9205	13	12	9	27639
191	5	1353.2547	90	83	54	27639
191	6	2706.0114	137	100	63	27639
191	7	6482.2298	13020	9774	738	27639
191	8	859.1481	34	33	28	27639
191	9	1284.3304	99	67	44	27639
191	10	837.3875	57	43	27	27639
192	1	2672.8851	369	176	83	25223
192	2	900.2160	64	34	28	25223
192	3	8846.2882	12355	10535	6426	25223
192	4	443.1832	13	12	11	25223
192	5	1212.2445	71	67	47	25223
192	6	2499.5960	175	134	85	25223
192	7	5939.5011	11996	9044	687	25223
192	8	780.7582	38	36	31	25223
192	9	1159.8795	93	67	43	25223
192	10	768.4475	49	38	32	25223
193	1	2474.7201	360	175	84	23108
193	2	841.5316	84	58	47	23108
193	3	8040.3175	11334	9638	5698	23108
193	4	404.8388	11	11	7	23108
193	5	1120.3053	62	60	44	23108
193	6	2299.4424	159	122	83	23108
193	7	5430.8710	10925	8170	587	23108
193	8	716.3773	31	28	21	23108
193	9	1074.5819	99	62	41	23108
193	10	705.0137	43	38	28	23108
194	1	2238.7729	306	156	75	21181
194	2	757.3708	74	48	38	21181
194	3	7539.9043	10564	9008	5520	21181
194	4	367.9123	17	17	11	21181
194	5	1011.3460	62	55	32	21181
194	6	2069.1377	128	108	74	21181
194	7	4925.4470	9862	7421	557	21181
194	8	651.3830	28	27	22	21181
194	9	984.2495	94	68	44	21181
194	10	635.4763	46	36	24	21181
195	1	2047.8937	284	143	62	19312
195	2	701.3495	68	51	45	19312
195	3	6824.7291	9575	8148	4996	19312
195	4	336.8131	18	17	13	19312
195	5	930.2454	57	51	34	19312
195	6	1900.2554	132	105	71	19312
195	7	4511.4013	9037	6805	530	19312
195	8	594.3606	29	25	19	19312
195	9	888.5150	75	54	40	19312
195	10	576.4357	37	32	21	19312
196	1	1900.5949	282	158	80	17846
196	2	643.6015	56	47	36	17846
196	3	6345.6413	8887	7626	4643	17846
196	4	312.7947	13	13	7	17846
196	5	859.6291	48	44	37	17846
196	6	1748.7183	111	82	54	17846
196	7	4152.3654	8324	6290	472	17846
196	8	551.1433	30	30	20	17846
196	9	803.0921	62	32	17	17846
196	10	528.4194	33	22	17	17846
197	1	1804.7585	253	124	64	16991
197	2	606.0051	53	43	33	16991
197	3	6001.6816	8452	7183	4337	16991
197	4	300.4463	11	11	10	16991
197	5	831.4273	59	53	40	16991
197	6	1676.3456	123	95	55	16991
197	7	3948.7812	7904	5888	425	16991
197	8	529.2071	29	28	26	16991
197	9	783.7064	74	55	44	16991
197	10	508.6383	33	27	24	16991
198	1	1701.2796	223	112	48	16181
198	2	584.2796	52	43	31	16181
198	3	5763.3058	8090	6918	4243	16181
198	4	285.6279	18	17	14	16181
198	5	770.0158	41	36	24	16181
198	6	1578.6241	100	75	51	16181
198	7	3786.6045	7536	5709	448	16181
198	8	495.2535	26	26	22	16181
198	9	746.2439	70	48	31	16181
198	10	469.7620	25	15	10	16181
199	1	1634.4201	262	134	65	15522
199	2	547.3723	46	37	27	15522
199	3	5562.9066	7779	6640	4075	15522
199	4	266.7006	8	8	7	15522
199	5	741.2571	54	48	36	15522
199	6	1511.8388	108	85	59	15522
199	7	3599.0402	7118	5405	439	15522
199	8	482.8015	36	34	26	15522
199	9	710.5522	81	59	36	15522
199	10	465.1100	30	26	20	15522
200	1	1562.8530	208	114	61	14860
200	2	528.4616	43	32	26	14860
200	3	5299.0135	7339	6253	3897	14860
200	4	260.2782	12	12	10	14860
200	5	701.7143	39	33	26	14860
200	6	1455.7537	107	86	57	14860
200	7	3453.6755	6972	5257	409	14860
200	8	466.6870	35	34	29	14860
200	9	682.7748	66	43	33	14860
200	10	448.7874	39	31	19	14860
201	1	1462.7778	227	120	62	13718
201	2	480.3486	38	30	22	13718
201	3	4833.6241	6750	5813	3556	13718
201	4	235.3719	7	7	6	13718
201	5	655.2579	38	36	25	13718
201	6	1355.4104	100	80	63	13718
201	7	3233.9590	6453	4856	408	13718
201	8	420.4188	23	22	15	13718
201	9	631.7217	58	38	27	13718
201	10	409.1119	24	20	17	13718
202	1	1344.0544	176	97	36	12870
202	2	456.3592	32	25	22	12870
202	3	4602.6631	6400	5493	3396	12870
202	4	222.4748	8	8	7	12870
202	5	616.0324	38	36	24	12870
202	6	1248.9480	77	56	39	12870
202	7	3007.2141	6029	4611	373	12870
202	8	392.9412	17	16	13	12870
202	9	594.4861	65	42	32	12870
202	10	384.8258	28	23	18	12870
203	1	1237.8068	177	91	38	11923
203	2	421.6418	43	33	25	11923
203	3	4317.1876	6058	5154	3273	11923
203	4	206.1794	10	10	9	11923
203	5	575.0987	45	45	30	11923
203	6	1144.0551	71	60	33	11923
203	7	2754.0457	5411	4097	365	11923
203	8	359.8178	17	13	12	11923
203	9	546.2698	59	39	24	11923
203	10	360.8963	32	27	19	11923
204	1	1129.2929	132	70	35	10920
204	2	395.0364	47	39	32	10920
204	3	3893.8346	5383	4662	2888	10920
204	4	189.0827	6	6	5	10920
204	5	519.2845	29	27	22	10920
204	6	1065.9134	74	59	40	10920
204	7	2556.9354	5133	3876	328	10920
204	8	337.1861	23	22	19	10920
204	9	502.5965	58	38	19	10920
204	10	330.8364	35	31	22	10920
205	1	1040.2370	152	77	44	9908
205	2	345.4342	29	22	17	9908
205	3	3610.1870	5036	4298	2760	9908
205	4	171.0266	9	9	7	9908
205	5	470.9578	31	28	23	9908
205	6	949.6934	53	45	31	9908
205	7	2273.3958	4516	3413	290	9908
205	8	301.4257	16	15	13	9908
205	9	449.9939	42	29	21	9908
205	10	295.6476	24	21	15	9908
206	1	979.6615	128	72	39	9399
206	2	339.8529	37	29	20	9399
206	3	3359.6184	4608	3977	2506	9399
206	4	161.3302	6	6	6	9399
206	5	450.4770	30	28	23	9399
206	6	906.7071	60	44	27	9399
206	7	2197.0487	4448	3413	286	9399
206	8	285.1694	10	10	8	9399
206	9	431.8467	47	37	26	9399
206	10	287.2878	25	23	17	9399
207	1	893.1419	139	79	44	8527
207	2	307.9751	43	34	27	8527
207	3	3134.0959	4412	3773	2392	8527
207	4	145.8326	5	4	4	8527
207	5	403.9012	31	31	26	8527
207	6	814.6564	47	40	23	8527
207	7	1924.5580	3775	2849	222	8527
207	8	260.8247	14	13	12	8527
207	9	385.6236	38	21	15	8527
207	10	256.3914	23	20	16	8527
208	1	844.2201	149	77	35	7998
208	2	284.5490	25	21	17	7998
208	3	2867.6998	3973	3386	2128	7998
208	4	139.8529	3	3	3	7998
208	5	378.5905	29	28	24	7998
208	6	778.3951	52	41	34	7998
208	7	1852.4499	3697	2820	241	7998
208	8	245.7926	13	13	12	7998
208	9	363.4077	33	25	15	7998
208	10	243.0418	24	19	16	7998
209	1	816.8883	131	74	39	7836
209	2	275.5672	27	21	16	7836
209	3	2872.2562	3998	3428	2210	7836
209	4	135.7054	5	4	2	7836
209	5	377.3470	33	28	21	7836
209	6	743.4635	54	43	25	7836
209	7	1789.2402	3522	2658	233	7836
209	8	233.5181	10	8	7	7836
209	9	361.0196	43	37	23	7836
209	10	230.9932	13	10	10	7836
210	1	757.5965	98	52	25	7434
210	2	258.3055	27	19	18	7434
210	3	2720.9096	3740	3242	2082	7434
210	4	128.6192	7	7	3	7434
210	5	352.5361	29	29	22	7434
210	6	722.5681	61	50	38	7434
210	7	1707.7548	3409	2618	224	7434
210	8	225.6852	13	12	10	7434
210	9	340.9620	36	28	13	7434
210	10	219.0627	14	13	9	7434
211	1	694.4009	92	55	26	6823
211	2	238.0195	24	20	14	6823
211	3	2511.5987	3484	3018	1948	6823
211	4	117.5340	6	5	4	6823
211	5	320.7926	27	25	20	6823
211	6	656.4312	43	34	21	6823
211	7	1560.9263	3087	2399	181	6823
211	8	208.9164	14	14	11	6823
211	9	314.3429	34	23	12	6823
211	10	200.0362	12	9	6	6823
212	1	688.0589	118	56	36	6609
212	2	225.4116	18	11	11	6609
212	3	2427.4886	3363	2912	1871	6609
212	4	113.6801	7	7	5	6609
212	5	314.8512	30	27	21	6609
212	6	625.5694	35	29	22	6609
212	7	1517.4457	2976	2245	202	6609
212	8	201.4464	11	11	10	6609
212	9	301.8559	36	26	19	6609
212	10	193.1926	15	15	10	6609
213	1	622.9600	105	58	28	6032
213	2	216.7178	27	20	18	6032
213	3	2220.9236	3045	2678	1686	6032
213	4	105.5452	10	9	9	6032
213	5	285.5981	27	24	17	6032
213	6	572.1603	44	33	22	6032
213	7	1371.5250	2724	2064	178	6032
213	8	182.5363	9	9	6	6032
213	9	272.9660	23	16	12	6032
213	10	181.0678	18	15	14	6032
214	1	568.8060	89	52	32	5525
214	2	192.7223	21	17	12	5525
214	3	2061.0812	2837	2485	1622	5525
214	4	95.6794	8	8	7	5525
214	5	256.8525	23	21	18	5525
214	6	520.0549	39	31	21	5525
214	7	1251.0243	2462	1915	177	5525
214	8	167.2567	10	9	6	5525
214	9	247.4467	19	11	5	5525
214	10	164.0754	17	16	14	5525
215	1	522.1408	93	54	24	5111
215	2	174.5323	15	10	9	5111
215	3	1906.9748	2640	2319	1467	5111
215	4	85.6323	1	1	1	5111
215	5	238.5572	15	15	11	5111
215	6	487.8585	35	28	20	5111
215	7	1152.5619	2258	1748	145	5111
215	8	160.3800	16	16	13	5111
215	9	228.7078	23	17	9	5111
215	10	153.6547	15	13	12	5111
216	1	474.3164	71	30	13	4660
216	2	161.1334	21	14	9	4660
216	3	1740.2694	2368	2091	1376	4660
216	4	82.0348	6	6	6	4660
216	5	218.9983	19	16	13	4660
216	6	442.2488	38	27	16	4660
216	7	1050.4976	2093	1573	136	4660
216	8	140.9336	8	8	8	4660
216	9	211.9421	28	20	15	4660
216	10	137.6260	8	8	5	4660
217	1	451.6103	72	33	17	4376
217	2	160.1701	23	19	17	4376
217	3	1603.0329	2238	1947	1214	4376
217	4	76.6944	3	3	3	4376
217	5	213.4652	26	24	17	4376
217	6	425.9729	43	34	26	4376
217	7	981.9388	1928	1473	127	4376
217	8	132.9226	5	5	3	4376
217	9	200.9934	27	18	14	4376
217	10	129.1994	11	6	6	4376
218	1	422.1041	55	29	14	4209
218	2	145.7497	17	15	11	4209
218	3	1565.9834	2157	1888	1219	4209
218	4	70.1419	2	2	2	4209
218	5	188.3037	6	6	6	4209
218	6	399.2639	34	26	17	4209
218	7	959.8235	1885	1406	140	4209
218	8	137.1031	18	16	16	4209
218	9	193.7646	17	14	11	4209
218	10	126.7621	18	15	11	4209
219	1	382.4668	64	36	20	3746
219	2	134.6258	18	15	12	3746
219	3	1367.2618	1867	1627	1063	3746
219	4	68.9742	4	4	4	3746
219	5	174.5499	13	13	8	3746
219	6	362.0545	26	23	12	3746
219	7	863.8939	1714	1342	113	3746
219	8	116.9991	10	10	5	3746
219	9	168.4392	22	16	11	3746
219	10	106.7350	8	6	6	3746
220	1	373.4614	61	33	18	3639
220	2	124.6860	10	6	5	3639
220	3	1369.2117	1922	1667	1060	3639
220	4	64.0589	7	7	4	3639
220	5	169.4064	14	14	9	3639
220	6	346.0730	29	27	19	3639
220	7	812.5646	1567	1197	105	3639
220	8	110.8322	7	7	7	3639
220	9	160.0429	13	10	3	3639
220	10	108.6618	9	9	7	3639
221	1	357.3558	59	35	22	3514
221	2	123.9627	20	12	9	3514
221	3	1353.5242	1867	1635	1097	3514
221	4	57.8226	1	1	0	3514
221	5	156.6212	7	6	4	3514
221	6	323.0056	34	25	17	3514
221	7	772.7908	1486	1143	104	3514
221	8	109.9805	11	10	8	3514
221	9	153.3742	17	11	6	3514
221	10	105.5611	12	11	10	3514
222	1	325.2547	58	27	12	3253
222	2	117.7032	18	12	9	3253
222	3	1222.9868	1688	1468	976	3253
222	4	54.7924	2	1	1	3253
222	5	150.2097	17	16	9	3253
222	6	308.7710	26	23	18	3253
222	7	729.5204	1411	1052	124	3253
222	8	99.3163	6	6	6	3253
222	9	146.9153	18	13	11	3253
222	10	97.5286	9	8	7	3253
223	1	314.9625	43	24	13	3184
223	2	105.0623	7	6	6	3184
223	3	1218.7644	1677	1479	969	3184
223	4	54.5358	6	6	4	3184
223	5	143.4753	11	10	8	3184
223	6	294.2126	23	21	16	3184
223	7	721.4542	1381	1065	109	3184
223	8	91.6640	5	5	5	3184
223	9	146.3036	22	17	9	3184
223	10	93.5647	9	9	6	3184
224	1	291.3336	51	30	19	2909
224	2	98.1960	10	7	7	2909
224	3	1110.7043	1511	1327	887	2909
224	4	51.8508	6	6	5	2909
224	5	135.4579	13	12	8	2909
224	6	273.8976	31	29	20	2909
224	7	632.5181	1242	907	87	2909
224	8	88.3044	8	7	4	2909
224	9	137.5959	24	20	9	2909
224	10	89.1414	13	10	9	2909
225	1	256.9773	32	21	11	2617
225	2	88.7322	11	10	8	2617
225	3	1006.3435	1378	1202	798	2617
225	4	43.2459	2	1	1	2617
225	5	120.4737	15	14	9	2617
225	6	243.1476	30	25	11	2617
225	7	585.8774	1118	879	87	2617
225	8	77.5468	7	6	3	2617
225	9	117.4987	16	11	8	2617
225	10	77.1568	8	5	4	2617
226	1	233.0335	45	16	11	2343
226	2	81.5105	11	8	6	2343
226	3	901.9000	1240	1085	723	2343
226	4	41.5706	2	2	2	2343
226	5	105.0516	5	4	3	2343
226	6	213.3305	13	10	7	2343
226	7	513.0331	997	756	77	2343
226	8	75.8404	11	11	11	2343
226	9	107.8773	13	9	8	2343
226	10	69.8521	6	6	3	2343
227	1	229.5839	49	29	13	2264
227	2	79.7825	10	9	7	2264
227	3	853.5623	1165	1030	677	2264
227	4	41.9206	6	6	6	2264
227	5	106.3899	14	14	11	2264
227	6	210.3782	20	18	13	2264
227	7	503.3549	978	759	70	2264
227	8	66.3820	2	1	1	2264
227	9	103.8436	12	9	5	2264
227	10	68.8018	8	6	5	2264
228	1	220.3549	39	24	17	2216
228	2	72.3666	7	4	4	2216
228	3	864.5683	1184	1054	705	2216
228	4	39.8319	3	3	3	2216
228	5	103.2200	9	9	8	2216
228	6	207.4905	30	27	19	2216
228	7	472.6099	914	700	66	2216
228	8	63.3173	2	2	1	2216
228	9	104.4886	22	14	8	2216
228	10	67.7512	6	6	6	2216
229	1	202.2386	37	26	14	2000
229	2	68.9812	9	8	6	2000
229	3	761.2369	1038	914	601	2000
229	4	35.8583	5	5	4	2000
229	5	92.3924	10	10	5	2000
229	6	192.0238	27	23	14	2000
229	7	435.4283	851	655	63	2000
229	8	60.9696	6	6	6	2000
229	9	89.6617	11	6	2	2000
229	10	61.2090	6	5	3	2000
230	1	199.5146	23	13	7	2010
230	2	71.0679	11	11	10	2010
230	3	782.2796	1095	967	624	2010
230	4	36.0090	3	3	2	2010
230	5	91.1602	7	7	5	2010
230	6	183.1267	20	14	7	2010
230	7	433.1716	831	652	60	2010
230	8	61.9066	6	6	6	2010
230	9	91.8830	8	8	3	2010
230	10	59.8809	6	6	2	2010
231	1	197.9301	38	28	18	1962
231	2	68.3751	14	10	8	1962
231	3	761.2610	1061	946	617	1962
231	4	38.4173	7	7	7	1962
231	5	92.7732	13	11	8	1962
231	6	178.0070	22	21	13	1962
231	7	421.0698	789	602	59	1962
231	8	58.3235	3	3	3	1962
231	9	86.8608	12	7	4	1962
231	10	58.9827	3	3	3	1962
232	1	182.8077	41	26	14	1821
232	2	60.1881	6	5	3	1821
232	3	693.1071	964	848	546	1821
232	4	34.6819	5	5	5	1821
232	5	82.3901	9	8	6	1821
232	6	167.7153	13	11	9	1821
232	7	403.7506	757	600	67	1821
232	8	59.5708	8	8	8	1821
232	9	80.3121	10	7	2	1821
232	10	56.4761	8	6	6	1821
233	1	168.9450	33	23	13	1706
233	2	62.1174	10	9	8	1706
233	3	668.6797	907	826	546	1706
233	4	30.0395	4	4	4	1706
233	5	77.8907	9	9	7	1706
233	6	150.7011	13	12	11	1706
233	7	372.5699	713	557	56	1706
233	8	49.5432	4	4	3	1706
233	9	75.2724	9	9	6	1706
233	10	50.2408	4	4	3	1706
234	1	158.6694	33	22	18	1577
234	2	54.8388	13	12	10	1577
234	3	608.9345	820	730	478	1577
234	4	28.2119	3	3	3	1577
234	5	72.0999	6	6	3	1577
234	6	143.0622	12	11	6	1577
234	7	341.0122	664	499	48	1577
234	8	47.5366	4	4	3	1577
234	9	70.4309	12	10	7	1577
234	10	52.2029	10	9	9	1577
235	1	140.8112	26	15	6	1491
235	2	50.5844	8	6	6	1491
235	3	604.0004	805	721	506	1491
235	4	27.7545	5	5	5	1491
235	5	63.6324	5	4	2	1491
235	6	131.8567	18	13	11	1491
235	7	321.0331	607	483	59	1491
235	8	43.6973	5	4	4	1491
235	9	64.0398	8	3	2	1491
235	10	43.5892	4	3	3	1491
236	1	140.6031	23	13	9	1441
236	2	50.2145	9	9	9	1441
236	3	564.6207	759	677	450	1441
236	4	25.1776	3	3	2	1441
236	5	64.3107	8	7	5	1441
236	6	129.3048	11	9	7	1441
236	7	317.3323	607	493	54	1441
236	8	43.4137	6	6	3	1441
236	9	61.9155	8	6	6	1441
236	10	44.1071	7	6	4	1441
237	1	131.9330	27	15	9	1346
237	2	43.8310	4	4	3	1346
237	3	533.8162	731	643	438	1346
237	4	23.7578	3	3	2	1346
237	5	61.6576	7	7	7	1346
237	6	120.7507	10	10	8	1346
237	7	286.3745	540	416	42	1346
237	8	38.5889	4	4	4	1346
237	9	64.1659	14	9	7	1346
237	10	41.1236	6	6	4	1346
238	1	136.8224	28	15	11	1398
238	2	42.9642	4	4	3	1398
238	3	565.5543	787	706	477	1398
238	4	26.0065	3	3	3	1398
238	5	66.2012	9	9	9	1398
238	6	119.6150	13	11	7	1398
238	7	290.4482	533	418	39	1398
238	8	38.7143	1	1	0	1398
238	9	67.7898	14	12	8	1398
238	10	43.8838	6	6	5	1398
239	1	120.5304	21	15	7	1243
239	2	40.8801	5	4	4	1243
239	3	499.0069	712	616	418	1243
239	4	21.8609	3	3	1	1243
239	5	54.5223	5	3	3	1243
239	6	115.8273	18	18	12	1243
239	7	252.5189	454	338	38	1243
239	8	40.1122	7	7	6	1243
239	9	56.9220	12	11	7	1243
239	10	40.8193	6	4	4	1243
240	1	121.9713	24	20	13	1243
240	2	50.8458	14	12	11	1243
240	3	487.2783	678	597	401	1243
240	4	23.8765	4	4	4	1243
240	5	53.1150	4	4	3	1243
240	6	108.1191	13	11	7	1243
240	7	265.4242	494	382	43	1243
240	8	37.2423	5	5	4	1243
240	9	55.8352	3	2	1	1243
240	10	39.2920	4	2	2	1243
241	1	121.9483	18	10	7	1290
241	2	42.5513	6	6	6	1290
241	3	530.3949	713	632	448	1290
241	4	21.4596	3	3	0	1290
241	5	61.2513	14	14	11	1290
241	6	113.1428	15	14	11	1290
241	7	263.1265	497	379	55	1290
241	8	33.6213	1	1	1	1290
241	9	63.3770	14	14	12	1290
241	10	39.1269	9	8	4	1290
242	1	126.8130	27	16	8	1299
242	2	46.2817	8	8	8	1299
242	3	521.2808	727	643	429	1299
242	4	23.2402	3	3	2	1299
242	5	58.1537	9	8	6	1299
242	6	113.1615	15	15	12	1299
242	7	270.2180	488	360	49	1299
242	8	37.8870	7	6	5	1299
242	9	60.5987	9	9	6	1299
242	10	41.3656	6	6	5	1299
243	1	119.6333	30	22	15	1223
243	2	42.8142	9	7	7	1223
243	3	493.0109	678	596	409	1223
243	4	20.1888	1	1	1	1223
243	5	54.9972	6	6	5	1223
243	6	106.7744	13	12	8	1223
243	7	251.9369	462	366	36	1223
243	8	34.6346	3	3	2	1223
243	9	61.6433	16	12	11	1223
243	10	37.3665	5	4	3	1223
244	1	117.6355	27	14	7	1260
244	2	45.1553	11	11	9	1260
244	3	510.7232	692	624	425	1260
244	4	22.6422	2	2	2	1260
244	5	59.8108	13	13	10	1260
244	6	114.8436	23	22	15	1260
244	7	260.4484	475	391	49	1260
244	8	33.2942	0	0	0	1260
244	9	56.7699	11	8	5	1260
244	10	38.6763	6	4	4	1260
245	1	110.9937	19	11	7	1194
245	2	48.4248	15	12	11	1194
245	3	492.5846	668	596	419	1194
245	4	22.9478	5	5	4	1194
245	5	55.9396	9	9	8	1194
245	6	98.8272	10	9	7	1194
245	7	235.9571	444	347	37	1194
245	8	39.4020	9	9	9	1194
245	9	50.6000	7	3	3	1194
245	10	38.3230	8	6	3	1194
246	1	103.4025	17	15	5	1115
246	2	39.6120	7	7	5	1115
246	3	458.4351	637	564	389	1115
246	4	18.4868	0	0	0	1115
246	5	47.4090	4	4	4	1115
246	6	95.5582	6	4	2	1115
246	7	226.3596	420	318	37	1115
246	8	35.1906	6	6	5	1115
246	9	54.6088	12	8	7	1115
246	10	35.9371	6	6	4	1115
247	1	102.4007	20	11	8	1077
247	2	35.0276	3	3	2	1077
247	3	447.3778	601	531	371	1077
247	4	17.6020	1	1	1	1077
247	5	47.4240	5	5	5	1077
247	6	93.7971	11	11	8	1077
247	7	216.3309	413	308	40	1077
247	8	30.6400	5	5	4	1077
247	9	49.4165	11	5	5	1077
247	10	36.9837	7	6	6	1077
248	1	102.6033	19	17	8	1045
248	2	39.8104	12	10	8	1045
248	3	406.7976	555	485	334	1045
248	4	19.3019	3	3	3	1045
248	5	46.3465	6	5	5	1045
248	6	91.7860	12	11	9	1045
248	7	224.1544	415	317	53	1045
248	8	28.9999	3	3	0	1045
248	9	50.7561	10	8	7	1045
248	10	34.4437	10	6	4	1045
249	1	98.1728	19	13	8	1006
249	2	39.2750	8	7	7	1006
249	3	403.8704	560	487	315	1006
249	4	17.0527	0	0	0	1006
249	5	44.2814	7	5	3	1006
249	6	89.1869	14	12	8	1006
249	7	205.0763	380	288	36	1006
249	8	32.5734	4	4	4	1006
249	9	43.7724	5	4	3	1006
249	10	32.7388	9	5	5	1006
250	1	102.0117	22	16	8	1061
250	2	44.2715	13	12	12	1061
250	3	430.6408	579	514	356	1061
250	4	19.4294	3	2	2	1061
250	5	45.3365	4	4	4	1061
250	6	94.3641	15	15	10	1061
250	7	211.5118	410	304	32	1061
250	8	29.5850	3	3	2	1061
250	9	52.3753	11	10	9	1061
250	10	31.4740	1	1	0	1061
251	1	97.7301	22	13	9	1005
251	2	39.2292	11	9	8	1005
251	3	400.0632	557	489	319	1005
251	4	18.1132	3	3	2	1005
251	5	50.1257	12	12	11	1005
251	6	89.2423	18	17	9	1005
251	7	200.2208	354	270	36	1005
251	8	30.3504	5	5	4	1005
251	9	48.1168	16	11	8	1005
251	10	31.8084	7	3	3	1005
252	1	102.6649	20	11	9	1053
252	2	36.3672	5	4	3	1053
252	3	430.1452	584	511	362	1053
252	4	17.9723	2	2	2	1053
252	5	48.7555	5	5	5	1053
252	6	93.8920	17	16	9	1053
252	7	212.2015	405	296	38	1053
252	8	28.2045	1	1	1	1053
252	9	48.1536	7	6	4	1053
252	10	34.6428	7	6	5	1053
253	1	103.8162	21	19	15	1041
253	2	39.3586	8	8	7	1041
253	3	426.2245	596	522	349	1041
253	4	17.5780	2	2	0	1041
253	5	44.2320	7	6	5	1041
253	6	87.6068	8	7	5	1041
253	7	211.4298	381	291	36	1041
253	8	31.2768	4	4	4	1041
253	9	47.3169	10	5	3	1041
253	10	32.1606	4	2	2	1041
254	1	103.1144	26	19	8	1088
254	2	38.4085	7	6	6	1088
254	3	452.9207	627	541	384	1088
254	4	18.7681	1	1	1	1088
254	5	46.6028	7	7	7	1088
254	6	92.8671	14	12	8	1088
254	7	210.8943	379	278	39	1088
254	8	30.2114	1	1	1	1088
254	9	57.1342	18	14	11	1088
254	10	37.0784	8	7	5	1088
255	1	100.6478	29	20	16	1040
255	2	40.1806	14	13	11	1040
255	3	433.6227	584	515	374	1040
255	4	18.3965	1	1	1	1040
255	5	45.5535	6	6	6	1040
255	6	87.7830	14	13	10	1040
255	7	204.7214	379	299	36	1040
255	8	28.4654	2	2	1	1040
255	9	46.1878	4	3	3	1040
255	10	34.4408	7	5	5	1040
256	1	99.4738	15	7	5	1066
256	2	43.2101	9	9	9	1066
256	3	421.3476	579	501	343	1066
256	4	21.2558	4	4	3	1066
256	5	46.9322	4	4	3	1066
256	6	94.0547	13	12	9	1066
256	7	220.2934	418	319	32	1066
256	8	32.2308	5	5	4	1066
256	9	52.0089	13	10	5	1066
256	10	35.1919	6	4	2	1066
257	1	96.8907	23	10	4	1058
257	2	39.4503	10	7	6	1058
257	3	430.5811	605	538	347	1058
257	4	17.4422	1	1	1	1058
257	5	45.7077	7	7	6	1058
257	6	88.8954	13	12	6	1058
257	7	211.7019	371	286	31	1058
257	8	34.1165	7	7	6	1058
257	9	55.7001	14	14	12	1058
257	10	37.5141	7	6	5	1058
258	1	92.8936	21	14	9	979
258	2	35.9832	9	8	5	979
258	3	395.9438	549	489	333	979
258	4	17.3034	1	1	1	979
258	5	44.6382	7	7	7	979
258	6	83.3249	9	8	5	979
258	7	202.5482	365	280	42	979
258	8	29.3612	5	5	5	979
258	9	45.9606	9	9	5	979
258	10	31.0426	4	2	2	979
259	1	96.7974	21	15	7	1043
259	2	35.6025	6	6	5	1043
259	3	427.0721	583	515	349	1043
259	4	17.6825	1	1	0	1043
259	5	43.3934	5	4	2	1043
259	6	84.9815	7	7	6	1043
259	7	218.0356	393	292	60	1043
259	8	31.5186	5	5	5	1043
259	9	49.0799	9	7	6	1043
259	10	38.8361	13	9	8	1043
260	1	89.4721	16	12	9	956
260	2	33.8752	6	6	5	956
260	3	394.5872	533	473	340	956
260	4	16.1178	1	1	1	956
260	5	39.4093	5	5	5	956
260	6	83.2695	10	10	9	956
260	7	195.5915	365	276	39	956
260	8	27.9053	5	5	3	956
260	9	44.8503	11	9	6	956
260	10	30.9216	4	3	3	956
261	1	88.0487	23	11	4	964
261	2	36.0649	8	7	7	964
261	3	408.5809	560	495	359	964
261	4	16.8698	1	1	1	964
261	5	40.9008	4	4	2	964
261	6	78.5841	10	10	6	964
261	7	190.7947	336	261	42	964
261	8	29.0229	5	5	4	964
261	9	43.8568	8	6	5	964
261	10	31.2761	9	8	5	964
262	1	92.9276	23	17	10	954
262	2	36.9164	12	12	9	954
262	3	402.1520	565	507	333	954
262	4	16.7012	1	1	0	954
262	5	43.1514	7	7	7	954
262	6	79.9360	14	12	7	954
262	7	181.1699	320	234	32	954
262	8	28.9287	4	4	4	954
262	9	43.8334	6	5	5	954
262	10	28.2837	2	2	2	954
263	1	90.3997	19	12	5	990
263	2	33.5741	2	2	1	990
263	3	410.3618	565	501	344	990
263	4	17.7529	2	2	1	990
263	5	43.0189	5	4	4	990
263	6	85.4034	14	12	9	990
263	7	196.3856	359	274	43	990
263	8	28.6324	3	3	3	990
263	9	49.8049	13	10	7	990
263	10	34.6660	8	7	3	990
264	1	92.4584	20	15	8	997
264	2	36.6594	9	9	6	997
264	3	409.6213	568	498	345	997
264	4	17.8409	2	2	2	997
264	5	45.3418	6	6	5	997
264	6	84.7985	7	7	5	997
264	7	196.0166	360	271	30	997
264	8	30.5193	5	5	5	997
264	9	45.9619	8	3	3	997
264	10	37.7821	12	10	7	997
265	1	100.7968	26	14	8	1075
265	2	36.2552	2	2	2	1075
265	3	444.4999	628	563	360	1075
265	4	19.3672	1	1	1	1075
265	5	44.4388	3	3	1	1075
265	6	93.4700	11	10	8	1075
265	7	212.0329	379	284	34	1075
265	8	32.8982	3	3	3	1075
265	9	55.2761	16	10	7	1075
265	10	35.9652	6	6	3	1075
266	1	92.6447	16	11	3	1023
266	2	39.1916	9	9	8	1023
266	3	416.5197	575	509	351	1023
266	4	18.7047	2	2	2	1023
266	5	46.0516	8	8	8	1023
266	6	83.1234	7	6	5	1023
266	7	204.1851	377	283	35	1023
266	8	32.4516	5	5	4	1023
266	9	52.5178	14	9	9	1023
266	10	37.6097	10	10	7	1023
267	1	93.0730	17	13	8	985
267	2	38.6199	10	9	8	985
267	3	411.0706	562	502	354	985
267	4	17.1311	1	1	1	985
267	5	45.2139	9	8	8	985
267	6	83.3466	9	8	7	985
267	7	193.2043	360	273	30	985
267	8	26.9641	2	2	1	985
267	9	43.9632	9	5	3	985
267	10	32.4137	6	4	3	985
268	1	88.9673	15	9	2	966
268	2	34.2862	8	7	6	966
268	3	393.2976	534	469	316	966
268	4	16.1279	1	1	1	966
268	5	40.4646	5	5	3	966
268	6	80.3001	11	11	7	966
268	7	203.9689	367	293	49	966
268	8	29.2304	5	5	5	966
268	9	48.0655	10	8	5	966
268	10	31.2920	10	5	2	966
269	1	89.3538	29	15	9	896
269	2	32.2581	9	6	3	896
269	3	357.6770	492	436	306	896
269	4	16.0356	2	2	0	896
269	5	40.7495	6	6	4	896
269	6	77.2863	12	11	9	896
269	7	174.5431	324	231	32	896
269	8	28.9546	2	2	2	896
269	9	45.9982	10	5	2	896
269	10	33.1441	10	5	4	896
270	1	96.0936	19	15	11	1013
270	2	35.7405	7	7	5	1013
270	3	423.7265	584	515	357	1013
270	4	18.0264	3	3	3	1013
270	5	47.8245	10	9	8	1013
270	6	82.8991	8	8	7	1013
270	7	196.5359	362	263	37	1013
270	8	30.8214	4	4	4	1013
270	9	49.9749	11	8	6	1013
270	10	31.3569	5	4	2	1013
271	1	105.4441	23	16	11	1022
271	2	44.1887	13	13	11	1022
271	3	403.9390	575	516	331	1022
271	4	18.2457	0	0	0	1022
271	5	43.5815	4	4	3	1022
271	6	87.2400	8	7	5	1022
271	7	201.3922	374	263	29	1022
271	8	36.4493	8	8	8	1022
271	9	49.9376	14	4	3	1022
271	10	31.5814	3	0	0	1022
272	1	101.6892	16	12	5	1062
272	2	40.3544	12	8	7	1062
272	3	432.9382	600	535	355	1062
272	4	18.0680	2	2	1	1062
272	5	45.1954	8	8	4	1062
272	6	93.1214	13	12	9	1062
272	7	211.6322	388	288	36	1062
272	8	34.6708	8	8	8	1062
272	9	50.0275	9	7	2	1062
272	10	34.3028	6	6	5	1062
273	1	104.7958	28	9	8	1090
273	2	37.7481	9	6	4	1090
273	3	447.0578	616	545	371	1090
273	4	18.5616	0	0	0	1090
273	5	52.1072	13	12	10	1090
273	6	91.4224	11	7	5	1090
273	7	216.7249	391	310	40	1090
273	8	33.7444	4	4	4	1090
273	9	52.6961	10	6	4	1090
273	10	35.1419	8	6	5	1090
274	1	110.0000	33	17	8	1157
274	2	45.2240	8	7	5	1157
274	3	463.4082	652	589	376	1157
274	4	19.1881	1	1	1	1157
274	5	49.7216	7	7	6	1157
274	6	101.7529	17	14	11	1157
274	7	232.3235	413	329	44	1157
274	8	35.4563	5	5	5	1157
274	9	57.6562	11	9	7	1157
274	10	42.2690	10	8	6	1157
275	1	101.3006	20	14	9	1076
275	2	38.6860	8	7	6	1076
275	3	447.0860	636	564	375	1076
275	4	20.0362	2	2	1	1076
275	5	52.4562	13	13	9	1076
275	6	93.2047	19	15	12	1076
275	7	207.7226	360	270	41	1076
275	8	29.2766	3	3	1	1076
275	9	50.1242	7	5	3	1076
275	10	36.1070	8	6	5	1076
276	1	104.2276	26	18	11	1082
276	2	40.4413	10	10	8	1082
276	3	443.9630	618	543	362	1082
276	4	17.9473	0	0	0	1082
276	5	46.8675	7	7	3	1082
276	6	90.3856	12	9	5	1082
276	7	216.0624	385	280	50	1082
276	8	34.9861	6	6	6	1082
276	9	53.9641	13	8	4	1082
276	10	33.1553	5	3	3	1082
277	1	109.2078	30	18	14	1136
277	2	41.9663	7	7	7	1136
277	3	463.3392	648	565	398	1136
277	4	20.8350	2	2	2	1136
277	5	55.8244	14	13	11	1136
277	6	100.4016	17	14	11	1136
277	7	220.5783	398	305	38	1136
277	8	32.6437	4	4	3	1136
277	9	53.4436	11	5	4	1136
277	10	37.7600	5	3	3	1136
278	1	100.6692	28	16	7	1061
278	2	41.5084	10	9	8	1061
278	3	427.2165	603	526	351	1061
278	4	17.7384	1	1	1	1061
278	5	46.6384	7	7	5	1061
278	6	89.7562	7	7	6	1061
278	7	216.2442	380	293	48	1061
278	8	31.3802	5	5	4	1061
278	9	51.9800	11	10	7	1061
278	10	37.8685	9	7	5	1061
279	1	122.7888	42	32	27	1128
279	2	37.6475	6	5	4	1128
279	3	431.4427	610	532	330	1128
279	4	19.9938	2	2	1	1128
279	5	48.3078	5	4	4	1128
279	6	102.3526	17	13	11	1128
279	7	240.1017	420	311	49	1128
279	8	34.7760	7	7	7	1128
279	9	53.0463	12	8	5	1128
279	10	37.5425	7	5	5	1128
280	1	112.3664	17	10	7	1197
280	2	41.3111	9	6	6	1197
280	3	503.8380	689	630	416	1197
280	4	21.0127	2	2	2	1197
280	5	52.7920	9	9	7	1197
280	6	97.8275	9	7	5	1197
280	7	234.4691	437	316	35	1197
280	8	39.0364	8	8	8	1197
280	9	56.3092	10	6	6	1197
280	10	38.0377	7	6	6	1197
281	1	126.3460	35	17	7	1304
281	2	53.3092	15	13	10	1304
281	3	523.2406	717	628	443	1304
281	4	24.6513	4	4	3	1304
281	5	56.1516	5	5	3	1304
281	6	118.0161	18	16	12	1304
281	7	261.3076	486	378	40	1304
281	8	35.7930	2	2	2	1304
281	9	65.0668	16	9	5	1304
281	10	40.1175	6	5	4	1304
282	1	128.8569	31	19	10	1339
282	2	52.0585	12	10	10	1339
282	3	528.2549	732	651	429	1339
282	4	23.5391	2	2	2	1339
282	5	63.4804	10	9	8	1339
282	6	120.5553	20	16	11	1339
282	7	270.6795	492	381	43	1339
282	8	44.8930	11	10	10	1339
282	9	65.1449	20	13	8	1339
282	10	41.5375	9	4	3	1339
283	1	142.3882	36	22	11	1464
283	2	62.8668	23	21	18	1464
283	3	572.8668	797	695	453	1464
283	4	26.4309	4	3	2	1464
283	5	66.7400	10	10	7	1464
283	6	129.3728	19	18	14	1464
283	7	298.3786	546	404	59	1464
283	8	45.0144	6	6	6	1464
283	9	72.1108	15	12	7	1464
283	10	47.8300	8	6	6	1464
284	1	139.2493	22	9	3	1514
284	2	64.5024	22	22	17	1514
284	3	609.1135	831	721	495	1514
284	4	26.7163	2	2	2	1514
284	5	64.7946	5	5	4	1514
284	6	139.2779	26	26	20	1514
284	7	304.7982	574	412	62	1514
284	8	45.3172	6	6	4	1514
284	9	71.9288	19	12	6	1514
284	10	48.3019	7	7	4	1514
285	1	153.2910	39	24	15	1533
285	2	53.5134	8	7	4	1533
285	3	613.7696	868	753	497	1533
285	4	29.3065	4	4	4	1533
285	5	71.2770	12	12	9	1533
285	6	133.0726	15	15	10	1533
285	7	309.5648	549	431	53	1533
285	8	50.0545	10	9	9	1533
285	9	71.6845	19	13	8	1533
285	10	47.4657	9	8	7	1533
286	1	157.9728	42	27	18	1582
286	2	55.8958	16	10	7	1582
286	3	605.8994	826	741	486	1582
286	4	29.7685	5	5	3	1582
286	5	77.8205	15	15	14	1582
286	6	140.7971	19	17	15	1582
286	7	331.2760	612	491	65	1582
286	8	45.8879	7	7	4	1582
286	9	83.1038	26	21	11	1582
286	10	53.5781	14	9	7	1582
287	1	157.7556	49	31	17	1571
287	2	62.0058	15	15	14	1571
287	3	613.2874	841	751	506	1571
287	4	31.0229	9	9	7	1571
287	5	74.9198	14	13	11	1571
287	6	138.2503	23	16	13	1571
287	7	315.8428	583	444	52	1571
287	8	46.0468	5	5	5	1571
287	9	77.7264	21	14	11	1571
287	10	54.1413	11	10	8	1571
288	1	169.8119	39	27	14	1763
288	2	71.6837	21	18	18	1763
288	3	720.3391	980	887	591	1763
288	4	34.7257	8	8	7	1763
288	5	73.2979	6	6	5	1763
288	6	152.9506	25	24	18	1763
288	7	345.4254	635	483	60	1763
288	8	53.9231	10	10	9	1763
288	9	87.9189	30	22	16	1763
288	10	52.9227	9	8	5	1763
289	1	177.6255	49	31	10	1759
289	2	61.8652	12	8	6	1759
289	3	687.6183	937	840	551	1759
289	4	29.7519	1	1	1	1759
289	5	84.2333	14	13	9	1759
289	6	156.9374	22	16	10	1759
289	7	369.3748	689	525	73	1759
289	8	58.4190	12	12	10	1759
289	9	81.1785	15	12	7	1759
289	10	51.9956	8	7	4	1759
290	1	183.1156	45	22	11	1846
290	2	67.6666	17	15	12	1846
290	3	710.1532	989	858	553	1846
290	4	33.7265	4	4	4	1846
290	5	94.4074	20	16	16	1846
290	6	162.7369	21	16	10	1846
290	7	382.9063	703	542	79	1846
290	8	60.6166	12	11	9	1846
290	9	93.2787	26	22	18	1846
290	10	57.3915	9	8	7	1846
291	1	191.4708	45	23	11	1932
291	2	73.1853	17	14	14	1932
291	3	743.3205	1040	894	592	1932
291	4	37.2627	5	5	5	1932
291	5	92.1498	17	15	15	1932
291	6	175.3594	26	22	18	1932
291	7	404.0627	742	550	70	1932
291	8	60.8669	10	10	10	1932
291	9	96.4353	22	15	14	1932
291	10	57.8862	8	7	4	1932
292	1	202.1355	41	22	10	2076
292	2	74.1001	13	10	9	2076
292	3	821.4535	1128	1002	671	2076
292	4	34.9469	3	3	2	2076
292	5	93.5426	16	15	12	2076
292	6	188.3950	27	24	20	2076
292	7	435.5479	809	621	73	2076
292	8	65.1720	11	11	9	2076
292	9	93.4736	16	11	9	2076
292	10	67.2329	12	10	9	2076
293	1	212.0587	52	34	19	2111
293	2	85.1761	23	22	18	2111
293	3	813.8174	1156	1007	637	2111
293	4	39.0135	6	6	4	2111
293	5	102.3182	21	19	18	2111
293	6	189.5773	27	24	21	2111
293	7	437.2896	781	591	85	2111
293	8	66.0925	11	11	9	2111
293	9	97.5496	22	14	10	2111
293	10	68.1072	12	11	11	2111
294	1	229.6967	62	41	23	2264
294	2	83.5728	21	17	13	2264
294	3	892.3288	1219	1075	732	2264
294	4	40.2216	5	5	5	2264
294	5	104.8188	21	20	15	2264
294	6	201.7617	26	24	17	2264
294	7	467.9668	862	673	86	2264
294	8	70.1133	14	12	11	2264
294	9	109.5182	28	24	19	2264
294	10	64.0008	6	5	5	2264
295	1	233.0687	50	24	13	2310
295	2	89.5780	21	18	17	2310
295	3	876.6136	1226	1073	703	2310
295	4	44.7379	9	9	9	2310
295	5	113.9771	22	19	16	2310
295	6	212.0629	31	29	22	2310
295	7	475.0704	893	667	76	2310
295	8	76.0605	17	17	15	2310
295	9	114.8059	28	24	16	2310
295	10	74.0244	13	11	7	2310
296	1	261.5258	74	48	27	2515
296	2	91.9284	24	17	16	2515
296	3	987.1079	1379	1197	777	2515
296	4	44.5947	7	7	4	2515
296	5	118.0236	16	16	12	2515
296	6	226.3796	38	34	27	2515
296	7	512.8054	929	708	93	2515
296	8	81.6192	18	17	14	2515
296	9	115.4616	16	13	11	2515
296	10	75.5540	14	13	11	2515
297	1	265.0295	72	38	25	2563
297	2	94.4527	20	18	16	2563
297	3	986.2779	1374	1210	791	2563
297	4	47.0614	7	7	5	2563
297	5	118.0225	15	14	13	2563
297	6	233.0830	35	28	22	2563
297	7	549.1969	999	776	119	2563
297	8	75.3946	7	6	6	2563
297	9	118.8122	24	17	11	2563
297	10	75.6691	10	8	7	2563
298	1	263.9663	61	28	14	2669
298	2	96.7042	23	18	14	2669
298	3	1073.4588	1481	1304	864	2669
298	4	43.8531	2	2	2	2669
298	5	126.4121	23	22	22	2669
298	6	231.5766	30	27	18	2669
298	7	547.8815	999	747	116	2669
298	8	83.3647	14	14	12	2669
298	9	124.1581	23	20	15	2669
298	10	77.6242	13	10	9	2669
299	1	284.6091	64	35	23	2814
299	2	100.4872	23	19	16	2814
299	3	1119.4923	1553	1378	899	2814
299	4	53.4152	13	13	12	2814
299	5	135.7085	23	21	19	2814
299	6	247.3393	34	25	19	2814
299	7	570.5836	1042	788	94	2814
299	8	82.7776	12	12	11	2814
299	9	132.1255	31	22	17	2814
299	10	87.4608	19	16	13	2814
300	1	315.9547	90	56	31	3026
300	2	111.4811	24	22	21	3026
300	3	1170.4231	1574	1383	921	3026
300	4	51.7112	4	4	3	3026
300	5	140.8711	18	17	14	3026
300	6	277.4110	51	42	28	3026
300	7	634.4701	1210	912	125	3026
300	8	95.7717	19	19	16	3026
300	9	142.3069	29	22	16	3026
300	10	85.5994	7	4	3	3026
301	1	321.7944	81	45	24	3185
301	2	114.5177	24	18	16	3185
301	3	1278.9241	1798	1579	1040	3185
301	4	56.8920	6	6	5	3185
301	5	149.1625	26	25	21	3185
301	6	285.1966	35	30	18	3185
301	7	650.1323	1177	879	108	3185
301	8	89.9381	5	5	5	3185
301	9	146.3840	25	18	14	3185
301	10	92.0577	8	6	5	3185
302	1	331.2766	95	56	31	3178
302	2	114.8354	23	20	16	3178
302	3	1237.7599	1699	1487	977	3178
302	4	53.5402	4	3	2	3178
302	5	152.7459	22	20	16	3178
302	6	295.2415	50	41	29	3178
302	7	655.2579	1219	877	123	3178
302	8	96.7752	14	14	11	3178
302	9	145.2549	33	21	15	3178
302	10	95.3127	19	14	11	3178
303	1	333.7198	93	50	28	3275
303	2	129.4775	39	31	28	3275
303	3	1279.9434	1775	1571	1032	3275
303	4	58.1031	6	6	5	3275
303	5	157.9469	29	26	24	3275
303	6	293.6724	44	37	28	3275
303	7	661.3121	1217	915	109	3275
303	8	99.6231	16	15	11	3275
303	9	162.7728	42	34	24	3275
303	10	98.4284	14	14	13	3275
304	1	343.3640	89	50	22	3358
304	2	119.6801	24	19	16	3358
304	3	1297.9526	1815	1603	1028	3358
304	4	58.9887	6	6	5	3358
304	5	163.6985	26	25	22	3358
304	6	312.5666	59	46	33	3358
304	7	693.8237	1272	950	121	3358
304	8	105.9970	18	16	16	3358
304	9	159.5473	34	25	17	3358
304	10	102.3805	15	14	10	3358
305	1	367.7276	95	52	30	3585
305	2	142.8658	43	37	32	3585
305	3	1414.0117	1950	1705	1162	3585
305	4	61.6670	6	6	5	3585
305	5	168.4253	26	25	21	3585
305	6	314.4228	37	33	27	3585
305	7	742.2497	1364	1010	156	3585
305	8	113.6811	22	21	18	3585
305	9	160.5544	31	18	12	3585
305	10	99.3937	11	11	11	3585
306	1	366.2405	85	48	19	3692
306	2	133.2675	30	23	20	3692
306	3	1439.1158	1950	1707	1150	3692
306	4	62.1341	3	3	1	3692
306	5	176.5516	28	25	23	3692
306	6	344.5889	65	57	44	3692
306	7	768.4420	1454	1084	128	3692
306	8	111.5477	16	16	16	3692
306	9	177.0793	39	24	20	3692
306	10	113.0323	22	21	18	3692
307	1	409.8137	119	68	40	3919
307	2	148.1613	37	31	28	3919
307	3	1533.6631	2086	1846	1224	3919
307	4	67.3264	6	6	6	3919
307	5	180.1958	29	27	20	3919
307	6	359.1918	57	50	38	3919
307	7	798.9767	1515	1136	133	3919
307	8	123.0680	24	24	21	3919
307	9	178.8218	30	21	16	3919
307	10	119.7801	16	15	14	3919
308	1	430.3709	124	66	36	4156
308	2	156.9024	37	32	32	4156
308	3	1609.7159	2209	1951	1291	4156
308	4	72.3438	8	8	7	4156
308	5	196.5442	28	27	21	4156
308	6	379.0560	50	41	31	4156
308	7	866.7864	1631	1249	131	4156
308	8	127.1069	13	13	13	4156
308	9	194.9650	38	29	22	4156
308	10	122.2083	18	16	12	4156
309	1	439.3202	109	71	41	4247
309	2	153.9951	29	28	24	4247
309	3	1645.7014	2274	1980	1319	4247
309	4	73.9839	8	8	8	4247
309	5	197.9956	26	22	17	4247
309	6	387.5974	53	40	33	4247
309	7	896.2073	1673	1259	143	4247
309	8	129.1266	19	18	17	4247
309	9	198.5040	40	32	24	4247
309	10	124.5682	16	15	14	4247
310	1	466.2135	121	79	44	4547
310	2	167.4723	40	35	29	4547
310	3	1796.8894	2472	2210	1449	4547
310	4	76.4879	7	7	7	4547
310	5	213.9527	29	25	20	4547
310	6	406.0512	53	44	34	4547
310	7	942.6383	1751	1289	163	4547
310	8	129.7731	12	10	8	4547
310	9	216.6173	46	39	28	4547
310	10	130.9035	16	12	9	4547
311	1	465.6413	114	66	33	4487
311	2	164.0913	33	29	24	4487
311	3	1771.4782	2448	2155	1430	4487
311	4	78.8052	8	8	8	4487
311	5	201.9912	23	20	14	4487
311	6	403.7625	47	41	28	4487
311	7	936.2849	1750	1293	164	4487
311	8	133.5649	19	17	14	4487
311	9	200.7321	26	19	15	4487
311	10	130.6484	19	15	12	4487
312	1	465.8114	104	54	30	4468
312	2	163.7346	34	25	16	4468
312	3	1737.4080	2387	2111	1364	4468
312	4	77.3177	8	8	8	4468
312	5	207.9886	23	23	20	4468
312	6	403.1436	46	36	26	4468
312	7	943.1761	1792	1341	158	4468
312	8	130.8712	10	10	9	4468
312	9	205.4397	45	31	21	4468
312	10	133.1085	19	16	14	4468
313	1	466.7474	135	74	43	4559
313	2	156.7326	29	24	22	4559
313	3	1779.9889	2428	2170	1431	4559
313	4	78.9372	9	9	8	4559
313	5	232.0112	43	43	35	4559
313	6	397.4519	47	38	22	4559
313	7	956.1696	1779	1339	172	4559
313	8	138.5843	24	22	20	4559
313	9	220.9546	43	38	30	4559
313	10	131.4226	22	19	16	4559
314	1	485.7339	134	77	43	4638
314	2	153.1048	26	19	16	4638
314	3	1824.0213	2544	2241	1452	4638
314	4	79.7178	7	7	7	4638
314	5	222.6103	43	40	30	4638
314	6	412.0617	44	35	21	4638
314	7	973.2832	1772	1333	168	4638
314	8	134.6714	14	13	9	4638
314	9	213.8759	37	31	23	4638
314	10	138.9192	17	16	13	4638
315	1	498.2465	124	79	45	4825
315	2	170.7700	38	32	25	4825
315	3	1906.2017	2633	2331	1522	4825
315	4	83.9360	12	12	10	4825
315	5	237.9354	48	42	34	4825
315	6	430.4197	57	42	33	4825
315	7	999.2521	1834	1402	163	4825
315	8	147.3550	21	21	21	4825
315	9	214.1277	40	29	23	4825
315	10	136.7552	18	17	15	4825
316	1	473.8954	100	56	24	4733
316	2	180.3719	41	36	33	4733
316	3	1841.9228	2539	2263	1494	4733
316	4	81.7529	6	6	5	4733
316	5	238.0151	45	41	40	4733
316	6	420.1522	54	41	26	4733
316	7	980.7748	1851	1408	161	4733
316	8	149.1462	24	24	21	4733
316	9	224.3579	50	38	29	4733
316	10	142.6112	23	23	19	4733
317	1	503.9007	122	71	34	4916
317	2	174.1371	34	29	24	4916
317	3	1904.5233	2635	2290	1490	4916
317	4	87.0110	12	11	6	4916
317	5	246.8368	49	49	42	4916
317	6	449.1952	56	49	38	4916
317	7	1030.8816	1931	1467	149	4916
317	8	160.8591	31	31	26	4916
317	9	223.7489	33	25	20	4916
317	10	134.9048	13	12	10	4916
318	1	498.4148	114	63	45	4876
318	2	170.4328	35	32	30	4876
318	3	1906.7667	2609	2325	1532	4876
318	4	84.5149	11	11	8	4876
318	5	231.6828	32	32	29	4876
318	6	445.8835	54	43	33	4876
318	7	1021.1028	1935	1494	172	4876
318	8	149.3821	23	22	20	4876
318	9	228.9488	48	44	37	4876
318	10	138.8695	15	13	12	4876
319	1	534.4134	128	76	46	5082
319	2	181.3647	35	32	24	5082
319	3	1986.3263	2716	2381	1541	5082
319	4	84.6803	9	8	5	5082
319	5	238.3111	26	25	21	5082
319	6	458.0519	55	45	29	5082
319	7	1043.5414	2008	1499	142	5082
319	8	169.1744	39	39	36	5082
319	9	236.1510	46	36	27	5082
319	10	149.9843	20	20	16	5082
320	1	509.7126	135	85	37	5028
320	2	177.1407	32	30	28	5028
320	3	2007.3683	2755	2434	1660	5028
320	4	88.2554	10	10	10	5028
320	5	226.8161	28	27	23	5028
320	6	458.9723	63	54	44	5028
320	7	1035.4867	1917	1470	157	5028
320	8	149.7873	21	20	17	5028
320	9	228.8919	44	35	28	5028
320	10	145.5674	23	22	17	5028
321	1	502.2989	106	61	29	4991
321	2	179.1260	38	30	24	4991
321	3	1929.6034	2637	2306	1548	4991
321	4	85.5144	8	8	6	4991
321	5	235.2832	28	27	23	4991
321	6	448.4633	52	40	29	4991
321	7	1076.6386	2025	1551	187	4991
321	8	158.1675	30	29	24	4991
321	9	229.0289	42	32	27	4991
321	10	146.8753	25	20	14	4991
322	1	521.7665	131	89	43	5072
322	2	174.6298	34	26	22	5072
322	3	1960.1746	2697	2377	1535	5072
322	4	86.2121	7	7	7	5072
322	5	243.7187	41	39	36	5072
322	6	473.8835	74	64	45	5072
322	7	1063.0601	1987	1487	165	5072
322	8	156.1208	22	22	16	5072
322	9	240.2573	57	44	33	5072
322	10	152.1748	22	21	15	5072
323	1	511.9236	106	69	31	5041
323	2	186.2285	49	43	34	5041
323	3	1993.1365	2697	2387	1593	5041
323	4	85.4723	7	7	6	5041
323	5	228.9426	22	21	18	5041
323	6	446.3032	42	31	20	5041
323	7	1051.7896	2026	1518	147	5041
323	8	157.7677	26	25	24	5041
323	9	229.3943	37	31	22	5041
323	10	150.0413	29	21	16	5041
324	1	519.3935	111	64	35	5084
324	2	179.0554	33	27	25	5084
324	3	1991.2666	2736	2410	1572	5084
324	4	90.2492	10	10	10	5084
324	5	248.9275	44	39	33	5084
324	6	455.3723	53	45	27	5084
324	7	1059.9741	2013	1506	153	5084
324	8	160.2098	25	23	20	5084
324	9	234.1241	45	34	29	5084
324	10	145.4270	14	12	11	5084
325	1	502.3994	120	77	47	4843
325	2	167.1792	36	30	27	4843
325	3	1887.9815	2560	2256	1495	4843
325	4	84.4159	14	14	12	4843
325	5	232.1472	34	31	26	4843
325	6	439.0725	54	40	33	4843
325	7	1014.6058	1943	1460	149	4843
325	8	153.8603	28	28	25	4843
325	9	224.9385	34	31	28	4843
325	10	136.3980	20	18	14	4843
326	1	508.1827	122	69	40	4968
326	2	165.1267	24	19	16	4968
326	3	1920.8216	2676	2333	1531	4968
326	4	91.9560	17	17	15	4968
326	5	235.5439	36	32	26	4968
326	6	454.5173	56	40	31	4968
326	7	1052.5821	1943	1469	173	4968
326	8	149.8438	19	18	16	4968
326	9	239.5255	51	39	33	4968
326	10	149.9000	24	23	22	4968
327	1	526.0313	137	88	44	4993
327	2	172.0174	29	23	20	4993
327	3	1945.1002	2650	2320	1551	4993
327	4	91.0195	14	13	12	4993
327	5	237.5434	41	38	29	4993
327	6	445.3653	48	39	30	4993
327	7	1044.8089	1991	1497	177	4993
327	8	153.0884	22	22	22	4993
327	9	233.0888	44	35	31	4993
327	10	144.9368	17	16	13	4993
328	1	506.6167	122	63	30	4944
328	2	170.0027	35	27	22	4944
328	3	1912.9207	2576	2283	1535	4944
328	4	85.1398	10	10	9	4944
328	5	232.7333	33	31	25	4944
328	6	446.1373	46	34	20	4944
328	7	1060.0482	2032	1528	175	4944
328	8	156.6223	29	29	27	4944
328	9	221.5922	36	32	24	4944
328	10	152.1863	25	25	21	4944
329	1	511.2480	122	76	51	4883
329	2	172.4749	38	34	30	4883
329	3	1896.7246	2564	2236	1529	4883
329	4	81.0971	7	7	6	4883
329	5	233.4679	34	30	25	4883
329	6	440.3975	48	39	27	4883
329	7	1040.2716	2009	1507	182	4883
329	8	142.7602	11	9	7	4883
329	9	220.4597	28	24	18	4883
329	10	144.0982	22	20	18	4883
330	1	506.2373	131	77	42	4942
330	2	175.0587	40	30	24	4942
330	3	1944.7354	2637	2319	1575	4942
330	4	84.3408	9	9	6	4942
330	5	235.2503	35	34	30	4942
330	6	446.1942	61	46	36	4942
330	7	1032.9675	1946	1481	150	4942
330	8	148.3750	19	19	17	4942
330	9	221.1500	35	28	24	4942
330	10	147.6892	29	27	22	4942
331	1	490.7921	101	62	34	4770
331	2	165.9490	32	28	25	4770
331	3	1867.6672	2547	2239	1490	4770
331	4	78.7233	4	4	4	4770
331	5	234.4196	38	35	34	4770
331	6	437.9013	54	48	35	4770
331	7	1002.3973	1921	1473	136	4770
331	8	139.9093	14	13	12	4770
331	9	214.1407	37	28	20	4770
331	10	138.0991	22	20	17	4770
332	1	482.9303	100	65	38	4793
332	2	172.6373	37	32	28	4793
332	3	1920.6230	2610	2292	1541	4793
332	4	78.4041	5	5	4	4793
332	5	225.6009	37	35	26	4793
332	6	426.2795	58	48	31	4793
332	7	977.2655	1853	1388	136	4793
332	8	147.9792	24	24	21	4793
332	9	218.7565	40	35	24	4793
332	10	142.5221	29	27	22	4793
333	1	496.6312	124	73	41	4808
333	2	176.7864	40	36	32	4808
333	3	1872.2372	2551	2252	1500	4808
333	4	82.0195	9	9	4	4808
333	5	227.5456	35	32	26	4808
333	6	429.9586	46	39	29	4808
333	7	1003.4320	1907	1436	148	4808
333	8	150.0902	24	23	19	4808
333	9	223.7618	43	36	26	4808
333	10	145.5367	29	26	22	4808
334	1	480.3145	107	57	28	4822
334	2	161.2669	23	20	18	4822
334	3	1935.6995	2598	2306	1578	4822
334	4	78.0289	10	10	5	4822
334	5	219.6323	21	19	19	4822
334	6	428.1103	48	40	27	4822
334	7	1004.9701	1931	1463	164	4822
334	8	147.4250	24	24	17	4822
334	9	223.1612	36	35	28	4822
334	10	143.3912	24	23	17	4822
335	1	481.4420	122	67	37	4591
335	2	146.3218	19	15	7	4591
335	3	1794.4753	2454	2148	1438	4591
335	4	74.4492	3	3	3	4591
335	5	221.2476	34	30	22	4591
335	6	416.1303	44	31	21	4591
335	7	982.3494	1857	1400	156	4591
335	8	141.3838	18	18	15	4591
335	9	198.4531	21	14	13	4591
335	10	134.7470	19	16	13	4591
336	1	472.2028	127	75	34	4481
336	2	151.7974	23	19	16	4481
336	3	1736.0228	2354	2072	1362	4481
336	4	79.0372	8	8	8	4481
336	5	218.9369	36	35	26	4481
336	6	405.6824	43	36	26	4481
336	7	931.0126	1801	1339	119	4481
336	8	145.9001	30	27	22	4481
336	9	208.0530	39	32	22	4481
336	10	132.3534	20	20	15	4481
337	1	468.0107	109	76	42	4587
337	2	161.1361	33	29	26	4587
337	3	1829.2483	2474	2177	1526	4587
337	4	76.0649	5	5	3	4587
337	5	218.9853	32	30	23	4587
337	6	405.7771	37	30	19	4587
337	7	940.3989	1802	1381	147	4587
337	8	144.5010	32	30	27	4587
337	9	212.7430	44	38	24	4587
337	10	130.1340	19	16	13	4587
338	1	433.8024	90	55	34	4361
338	2	151.9245	32	25	21	4361
338	3	1718.8029	2319	2060	1397	4361
338	4	73.7580	9	9	6	4361
338	5	202.9955	31	28	22	4361
338	6	397.7434	41	34	29	4361
338	7	937.1293	1780	1376	163	4361
338	8	129.5454	13	12	11	4361
338	9	195.9657	31	27	24	4361
338	10	119.3323	15	12	12	4361
339	1	429.9293	84	50	23	4291
339	2	144.9333	22	20	19	4291
339	3	1685.9055	2234	2000	1364	4291
339	4	74.5623	10	10	9	4291
339	5	201.3788	26	24	20	4291
339	6	381.3333	35	24	14	4291
339	7	922.9316	1812	1348	140	4291
339	8	136.5819	22	21	19	4291
339	9	192.5981	28	25	20	4291
339	10	120.8449	18	16	13	4291
340	1	424.7516	92	54	25	4270
340	2	152.2966	32	29	27	4270
340	3	1672.0371	2235	1993	1354	4270
340	4	71.0255	8	8	8	4270
340	5	200.4160	29	25	21	4270
340	6	384.4189	31	26	22	4270
340	7	920.9270	1779	1388	132	4270
340	8	126.7401	14	13	12	4270
340	9	191.5013	27	25	21	4270
340	10	125.8863	23	21	20	4270
341	1	432.3428	88	51	33	4147
341	2	143.1119	25	21	20	4147
341	3	1603.8538	2164	1906	1278	4147
341	4	74.4140	12	12	10	4147
341	5	199.4623	29	26	20	4147
341	6	378.3073	33	26	21	4147
341	7	878.3075	1726	1294	109	4147
341	8	125.2188	15	15	15	4147
341	9	183.5635	26	18	17	4147
341	10	128.4168	29	28	23	4147
342	1	433.4956	114	76	41	4128
342	2	137.4751	17	14	12	4128
342	3	1623.8484	2177	1899	1275	4128
342	4	67.9709	6	6	5	4128
342	5	194.4366	23	22	22	4128
342	6	364.6534	35	25	16	4128
342	7	863.6051	1683	1240	121	4128
342	8	124.9329	16	16	13	4128
342	9	197.7235	40	36	31	4128
342	10	119.8581	17	16	14	4128
343	1	416.0018	96	57	29	4066
343	2	144.5421	23	22	20	4066
343	3	1557.7573	2070	1806	1230	4066
343	4	74.5101	13	12	11	4066
343	5	189.6338	20	16	12	4066
343	6	373.1537	38	28	15	4066
343	7	878.5065	1738	1328	135	4066
343	8	126.4375	18	17	15	4066
343	9	183.6224	28	24	15	4066
343	10	121.8340	22	19	16	4066
344	1	407.1088	80	52	23	4058
344	2	146.2415	33	31	28	4058
344	3	1601.8215	2176	1935	1302	4058
344	4	67.2341	6	6	4	4058
344	5	194.6026	33	32	27	4058
344	6	360.1944	40	27	20	4058
344	7	854.4753	1625	1226	134	4058
344	8	120.3564	14	13	11	4058
344	9	188.3950	34	32	27	4058
344	10	117.5697	17	16	14	4058
345	1	401.2875	86	51	26	3964
345	2	138.4251	28	22	19	3964
345	3	1539.5654	2074	1839	1243	3964
345	4	69.2237	9	9	8	3964
345	5	193.7169	29	27	23	3964
345	6	355.8275	38	33	18	3964
345	7	844.4275	1629	1245	122	3964
345	8	124.6636	21	18	17	3964
345	9	185.7990	39	32	27	3964
345	10	111.0630	11	10	9	3964
346	1	410.0391	95	54	31	3977
346	2	136.1952	20	17	15	3977
346	3	1543.9257	2097	1834	1234	3977
346	4	71.8451	12	12	9	3977
346	5	196.2491	32	32	28	3977
346	6	360.8757	32	26	16	3977
346	7	835.5812	1625	1220	105	3977
346	8	120.1811	11	11	9	3977
346	9	181.5358	31	25	18	3977
346	10	120.5710	22	21	18	3977
347	1	393.5892	83	48	26	3918
347	2	135.9858	22	21	20	3918
347	3	1538.2351	2056	1826	1256	3918
347	4	65.9749	6	6	6	3918
347	5	177.5927	23	19	16	3918
347	6	350.4767	44	36	16	3918
347	7	841.2279	1610	1259	150	3918
347	8	115.8474	15	15	13	3918
347	9	181.2496	39	33	28	3918
347	10	117.8203	20	20	19	3918
348	1	373.4612	66	45	22	3708
348	2	131.7956	24	22	15	3708
348	3	1442.8412	1909	1695	1151	3708
348	4	64.4866	8	8	7	3708
348	5	171.0380	14	14	12	3708
348	6	338.1076	34	28	20	3708
348	7	802.6714	1600	1230	118	3708
348	8	115.6205	17	17	15	3708
348	9	162.6796	22	19	16	3708
348	10	105.2972	14	12	11	3708
349	1	369.8071	70	44	24	3668
349	2	122.3820	16	12	10	3668
349	3	1439.2981	1938	1707	1177	3668
349	4	62.6038	5	5	5	3668
349	5	170.7996	17	15	12	3668
349	6	327.4026	28	23	14	3668
349	7	788.2335	1535	1161	101	3668
349	8	108.6923	11	10	10	3668
349	9	164.9520	28	19	15	3668
349	10	113.8291	20	19	18	3668
350	1	372.5496	66	40	22	3716
350	2	130.0086	23	20	20	3716
350	3	1453.7263	1980	1736	1171	3716
350	4	63.3182	5	5	3	3716
350	5	177.1969	24	22	18	3716
350	6	330.8020	31	25	20	3716
350	7	790.3513	1513	1171	125	3716
350	8	109.7222	12	11	11	3716
350	9	176.1018	40	33	26	3716
350	10	112.2220	22	21	19	3716
351	1	369.0494	84	45	26	3585
351	2	119.2716	13	13	11	3585
351	3	1402.1337	1900	1676	1123	3585
351	4	63.3080	10	9	7	3585
351	5	175.4158	30	26	22	3585
351	6	323.1329	32	27	14	3585
351	7	751.4862	1465	1130	101	3585
351	8	110.2991	13	13	11	3585
351	9	167.1371	24	21	18	3585
351	10	103.7655	14	13	10	3585
352	1	357.5659	74	33	22	3537
352	2	121.3242	20	18	16	3537
352	3	1371.3192	1837	1624	1099	3537
352	4	59.0778	4	4	4	3537
352	5	162.3348	16	15	13	3537
352	6	329.9707	45	39	33	3537
352	7	762.3018	1483	1125	113	3537
352	8	108.6067	15	15	14	3537
352	9	159.6391	24	23	17	3537
352	10	104.8586	19	18	15	3537
353	1	346.6460	67	43	28	3478
353	2	122.4955	30	24	22	3478
353	3	1374.6559	1811	1622	1128	3478
353	4	54.3339	2	2	1	3478
353	5	168.6850	33	31	24	3478
353	6	313.2341	33	31	27	3478
353	7	737.6027	1452	1133	105	3478
353	8	107.9247	20	20	19	3478
353	9	151.7644	16	14	11	3478
353	10	100.6566	14	14	12	3478
354	1	362.7078	76	46	20	3577
354	2	124.5618	20	19	18	3577
354	3	1370.3022	1866	1620	1077	3577
354	4	61.5670	7	7	6	3577
354	5	168.2891	20	18	16	3577
354	6	337.4244	40	31	21	3577
354	7	775.4482	1502	1141	103	3577
354	8	108.6963	10	9	9	3577
354	9	161.5375	21	16	16	3577
354	10	106.4651	15	15	13	3577
355	1	350.1215	56	27	16	3469
355	2	111.3399	12	10	10	3469
355	3	1343.3006	1808	1576	1069	3469
355	4	60.8366	6	6	6	3469
355	5	167.8489	25	24	18	3469
355	6	316.5416	21	16	13	3469
355	7	752.9870	1488	1120	106	3469
355	8	108.5549	19	17	17	3469
355	9	155.6028	22	21	18	3469
355	10	101.8670	12	12	11	3469
356	1	339.9757	67	30	16	3369
356	2	119.3772	20	15	13	3369
356	3	1301.6415	1740	1515	1046	3369
356	4	55.2131	4	4	3	3369
356	5	166.0025	27	26	24	3369
356	6	306.3973	22	19	11	3369
356	7	730.0042	1445	1092	109	3369
356	8	101.1256	14	14	11	3369
356	9	148.8918	17	14	11	3369
356	10	100.3706	13	13	12	3369
357	1	331.5501	58	37	20	3301
357	2	112.7834	18	16	14	3301
357	3	1296.1708	1765	1564	1031	3301
357	4	61.7188	10	10	10	3301
357	5	155.7414	20	18	18	3301
357	6	296.2733	26	21	14	3301
357	7	706.4604	1361	1021	111	3301
357	8	98.1923	9	9	8	3301
357	9	149.2242	23	18	13	3301
357	10	92.8843	11	8	8	3301
358	1	319.7139	57	37	17	3165
358	2	109.0887	21	18	14	3165
358	3	1203.0784	1630	1442	952	3165
358	4	55.4075	7	7	5	3165
358	5	152.3392	21	18	15	3165
358	6	296.5094	31	27	19	3165
358	7	686.3986	1344	1031	92	3165
358	8	98.6181	15	15	12	3165
358	9	140.3613	17	16	12	3165
358	10	103.4846	22	22	19	3165
359	1	314.4519	54	31	17	3122
359	2	104.6308	14	12	9	3122
359	3	1215.6176	1622	1414	960	3122
359	4	49.7967	3	3	3	3122
359	5	140.6534	11	10	8	3122
359	6	287.3325	27	20	13	3122
359	7	682.6469	1344	1020	100	3122
359	8	94.9261	10	10	10	3122
359	9	145.9730	28	26	21	3122
359	10	85.9711	9	8	8	3122
360	1	311.7842	60	41	23	3137
360	2	107.2180	18	17	16	3137
360	3	1246.4617	1648	1488	1012	3137
360	4	51.5673	3	3	3	3137
360	5	149.9887	22	21	20	3137
360	6	282.6303	23	13	12	3137
360	7	661.4592	1320	1016	82	3137
360	8	92.0065	12	11	10	3137
360	9	138.7037	14	13	11	3137
360	10	95.1799	17	15	13	3137
361	1	306.5152	54	35	23	3042
361	2	112.8308	25	24	22	3042
361	3	1169.9187	1544	1347	933	3042
361	4	51.8688	8	8	4	3042
361	5	141.6242	17	17	14	3042
361	6	281.4782	31	24	17	3042
361	7	656.4268	1314	1039	85	3042
361	8	93.8326	11	11	11	3042
361	9	143.4254	26	23	20	3042
361	10	84.0784	12	11	9	3042
362	1	301.4313	56	33	23	3004
362	2	99.5348	9	8	6	3004
362	3	1172.8855	1556	1377	962	3004
362	4	51.9145	6	6	5	3004
362	5	139.6154	20	16	13	3004
362	6	274.0012	23	20	16	3004
362	7	651.0882	1292	1022	94	3004
362	8	91.6060	13	11	9	3004
362	9	136.8302	19	15	12	3004
362	10	85.0925	10	8	7	3004
363	1	299.9675	58	40	24	2918
363	2	101.1572	17	16	15	2918
363	3	1096.7942	1439	1270	854	2918
363	4	48.5079	5	4	3	2918
363	5	139.0101	21	21	18	2918
363	6	278.3455	30	22	16	2918
363	7	645.7026	1300	1039	92	2918
363	8	91.5292	15	15	13	2918
363	9	132.5597	20	16	12	2918
363	10	84.4257	13	11	10	2918
364	1	291.9061	61	40	29	2896
364	2	98.7360	20	18	13	2896
364	3	1134.5858	1492	1326	912	2896
364	4	48.6888	3	3	3	2896
364	5	132.2115	16	14	13	2896
364	6	261.7343	21	17	14	2896
364	7	624.0496	1238	968	87	2896
364	8	85.8354	9	9	8	2896
364	9	130.7093	20	17	11	2896
364	10	87.5432	16	15	14	2896
365	1	276.3040	44	23	11	2767
365	2	96.2764	18	13	11	2767
365	3	1052.9141	1408	1234	821	2767
365	4	45.4292	2	2	1	2767
365	5	132.6691	18	16	12	2767
365	6	257.7167	31	26	16	2767
365	7	607.5299	1207	918	80	2767
365	8	82.2836	5	5	5	2767
365	9	128.5561	17	15	11	2767
365	10	87.3207	17	16	13	2767
366	1	259.9899	41	27	13	2627
366	2	96.9873	21	19	18	2627
366	3	1018.3764	1370	1220	810	2627
366	4	46.2481	5	5	5	2627
366	5	131.9090	27	26	24	2627
366	6	234.0638	17	13	8	2627
366	7	562.2316	1104	854	75	2627
366	8	83.1750	12	12	10	2627
366	9	118.4957	19	13	12	2627
366	10	75.5225	11	10	9	2627
367	1	264.4150	39	19	11	2681
367	2	90.8606	13	13	12	2681
367	3	1022.7455	1333	1179	801	2681
367	4	46.7198	5	5	4	2681
367	5	129.4481	23	23	14	2681
367	6	253.2971	22	19	14	2681
367	7	603.7006	1214	916	85	2681
367	8	80.8299	13	12	8	2681
367	9	112.0842	9	6	5	2681
367	10	76.8986	10	9	8	2681
368	1	259.6614	47	22	12	2576
368	2	95.7110	19	15	15	2576
368	3	963.9210	1273	1119	751	2576
368	4	46.4695	8	8	8	2576
368	5	117.7991	10	8	7	2576
368	6	243.3618	25	20	9	2576
368	7	571.6874	1155	885	70	2576
368	8	75.4860	4	4	4	2576
368	9	117.7064	17	16	14	2576
368	10	84.1953	18	17	17	2576
369	1	254.5507	48	23	9	2560
369	2	94.4088	21	18	15	2560
369	3	971.5762	1270	1116	759	2560
369	4	42.7897	1	1	1	2560
369	5	121.9780	15	13	11	2560
369	6	240.2479	32	26	18	2560
369	7	559.7484	1137	881	74	2560
369	8	78.6082	8	7	7	2560
369	9	118.6305	16	12	10	2560
369	10	77.4610	12	11	10	2560
370	1	258.4039	57	38	21	2499
370	2	87.6705	16	15	14	2499
370	3	986.5306	1328	1195	811	2499
370	4	42.0173	2	2	2	2499
370	5	111.8174	7	7	6	2499
370	6	226.8002	18	16	11	2499
370	7	523.2972	1034	790	63	2499
370	8	76.0293	7	7	6	2499
370	9	111.3333	16	14	9	2499
370	10	75.1007	14	12	11	2499
371	1	250.3882	37	21	11	2532
371	2	85.0073	13	11	10	2532
371	3	970.6390	1288	1141	767	2532
371	4	43.5865	2	2	2	2532
371	5	121.0826	13	13	10	2532
371	6	233.3514	19	16	10	2532
371	7	559.5575	1122	842	73	2532
371	8	78.2507	9	8	7	2532
371	9	116.3034	18	17	15	2532
371	10	73.8328	11	9	9	2532
372	1	233.9690	63	34	17	2377
372	2	79.0905	11	11	11	2377
372	3	929.1923	1233	1113	748	2377
372	4	40.1015	3	3	3	2377
372	5	115.5061	19	17	14	2377
372	6	213.9090	14	12	6	2377
372	7	503.8349	985	770	68	2377
372	8	76.9257	12	12	11	2377
372	9	110.7252	21	16	16	2377
372	10	73.7463	16	15	11	2377
373	1	238.4352	35	17	11	2449
373	2	88.3277	17	16	15	2449
373	3	941.5229	1246	1090	758	2449
373	4	47.2167	8	8	7	2449
373	5	125.1759	27	25	20	2449
373	6	219.5671	11	10	8	2449
373	7	537.2246	1071	799	74	2449
373	8	75.1535	11	11	9	2449
373	9	108.7630	17	12	10	2449
373	10	67.6132	6	5	3	2449
374	1	215.0941	39	23	11	2129
374	2	76.0330	12	11	10	2129
374	3	784.9990	1060	945	599	2129
374	4	40.5009	9	9	8	2129
374	5	99.5118	13	11	6	2129
374	6	201.9374	18	14	12	2129
374	7	485.0098	945	758	65	2129
374	8	62.5496	5	5	5	2129
374	9	99.8475	18	14	11	2129
374	10	63.5163	10	8	7	2129
375	1	216.7055	40	27	14	2142
375	2	75.5867	12	12	12	2142
375	3	802.2031	1049	918	631	2142
375	4	37.9126	5	5	4	2142
375	5	103.0677	15	14	12	2142
375	6	203.2256	22	18	14	2142
375	7	471.4252	962	740	63	2142
375	8	71.8516	11	11	11	2142
375	9	97.7285	18	14	10	2142
375	10	62.2932	8	8	8	2142
376	1	214.8424	54	28	12	2139
376	2	77.0017	13	13	13	2139
376	3	846.3460	1111	978	683	2139
376	4	35.7568	4	4	4	2139
376	5	104.3405	18	18	17	2139
376	6	191.3613	22	17	11	2139
376	7	453.3953	894	680	59	2139
376	8	62.7628	6	6	5	2139
376	9	94.4674	11	10	9	2139
376	10	58.7250	6	6	6	2139
377	1	193.5355	30	18	8	1941
377	2	67.4323	13	10	9	1941
377	3	741.6560	985	877	592	1941
377	4	32.1579	1	1	1	1941
377	5	91.8019	10	10	7	1941
377	6	180.8348	14	13	11	1941
377	7	429.4359	858	642	69	1941
377	8	60.0010	8	7	7	1941
377	9	85.7201	14	13	9	1941
377	10	58.4244	8	8	8	1941
378	1	198.1637	36	19	7	1987
378	2	67.5127	5	5	5	1987
378	3	768.4457	1019	888	628	1987
378	4	37.0400	6	6	6	1987
378	5	92.0615	7	6	5	1987
378	6	178.0160	9	6	3	1987
378	7	427.8288	879	655	56	1987
378	8	63.7337	7	7	7	1987
378	9	92.1658	12	11	9	1987
378	10	62.0319	7	7	6	1987
379	1	186.0325	32	20	11	1840
379	2	60.0845	7	6	5	1840
379	3	696.4816	927	803	546	1840
379	4	32.3726	6	6	6	1840
379	5	92.4045	16	15	14	1840
379	6	172.6460	24	21	14	1840
379	7	404.0487	800	625	55	1840
379	8	52.4238	2	2	2	1840
379	9	90.5094	19	19	16	1840
379	10	52.9966	7	7	7	1840
380	1	176.5950	21	14	13	1807
380	2	66.9822	12	10	10	1807
380	3	694.5970	909	801	559	1807
380	4	32.0086	5	5	4	1807
380	5	83.0710	14	12	8	1807
380	6	166.2315	12	10	6	1807
380	7	397.1959	806	598	56	1807
380	8	52.6242	4	4	4	1807
380	9	84.9985	17	14	10	1807
380	10	52.6950	7	5	5	1807
381	1	178.4235	20	15	8	1807
381	2	62.3852	11	10	8	1807
381	3	688.6648	887	779	526	1807
381	4	32.1949	3	3	3	1807
381	5	86.7766	11	11	9	1807
381	6	170.4345	18	11	7	1807
381	7	398.1537	825	651	43	1807
381	8	56.5023	9	9	7	1807
381	9	78.7869	14	13	11	1807
381	10	54.6774	9	9	8	1807
382	1	174.5717	34	21	14	1749
382	2	57.7357	9	7	7	1749
382	3	668.0914	886	795	534	1749
382	4	29.0788	2	2	2	1749
382	5	80.3737	7	7	6	1749
382	6	158.7201	11	9	6	1749
382	7	388.5683	763	592	55	1749
382	8	55.0705	8	8	8	1749
382	9	79.8635	15	13	11	1749
382	10	56.9270	14	13	12	1749
383	1	159.2675	25	18	8	1600
383	2	52.5534	9	7	6	1600
383	3	602.3259	792	691	475	1600
383	4	26.5286	1	1	0	1600
383	5	76.2736	10	10	9	1600
383	6	148.8424	12	10	8	1600
383	7	361.8684	722	554	57	1600
383	8	46.7579	3	3	2	1600
383	9	79.2113	19	16	14	1600
383	10	46.3695	7	7	5	1600
384	1	167.7219	36	11	7	1661
384	2	59.7663	10	9	7	1661
384	3	616.2413	818	703	479	1661
384	4	30.4528	4	4	4	1661
384	5	79.4727	8	8	6	1661
384	6	154.7117	9	6	4	1661
384	7	373.4380	753	556	50	1661
384	8	49.6485	2	2	2	1661
384	9	79.3774	15	14	11	1661
384	10	50.1689	6	6	5	1661
385	1	148.0114	22	14	7	1514
385	2	51.9324	5	4	3	1514
385	3	589.5499	799	697	472	1514
385	4	25.6702	2	2	2	1514
385	5	70.1960	6	5	5	1514
385	6	141.9967	14	13	8	1514
385	7	331.6542	655	503	55	1514
385	8	44.6977	2	2	2	1514
385	9	65.9487	5	4	4	1514
385	10	44.3430	4	4	3	1514
386	1	140.4148	17	11	6	1395
386	2	48.8247	4	3	3	1395
386	3	522.4693	702	617	417	1395
386	4	25.9387	5	5	3	1395
386	5	62.1618	3	3	3	1395
386	6	133.7096	14	11	10	1395
386	7	311.3026	631	484	31	1395
386	8	44.3819	7	6	4	1395
386	9	61.0843	4	4	4	1395
386	10	44.7125	8	8	7	1395
387	1	133.4053	24	14	7	1314
387	2	43.7166	5	5	4	1314
387	3	504.6253	674	599	392	1314
387	4	21.5883	1	1	1	1314
387	5	61.6842	6	6	6	1314
387	6	122.9076	8	7	4	1314
387	7	288.1504	580	451	29	1314
387	8	40.2236	4	4	4	1314
387	9	57.0452	6	3	3	1314
387	10	40.6534	6	6	5	1314
388	1	134.2979	28	17	14	1341
388	2	44.7173	6	4	3	1341
388	3	502.1665	636	587	401	1341
388	4	22.3504	2	2	2	1341
388	5	62.3389	5	5	5	1341
388	6	125.0313	9	9	4	1341
388	7	312.8948	637	488	56	1341
388	8	38.9264	3	3	2	1341
388	9	60.0104	9	8	7	1341
388	10	38.2660	6	6	6	1341
389	1	131.9785	25	14	8	1289
389	2	44.2313	5	5	5	1289
389	3	467.9191	610	529	344	1289
389	4	22.3677	3	3	3	1289
389	5	63.2047	8	8	7	1289
389	6	125.6208	11	10	9	1289
389	7	296.7005	608	470	41	1289
389	8	41.0357	5	5	5	1289
389	9	58.9283	9	8	7	1289
389	10	37.0134	5	4	3	1289
390	1	116.0318	19	9	7	1227
390	2	42.0831	8	7	7	1227
390	3	506.7869	670	590	415	1227
390	4	21.0986	2	2	2	1227
390	5	54.2100	5	5	5	1227
390	6	104.1150	4	2	2	1227
390	7	256.4404	504	388	32	1227
390	8	36.6477	4	4	4	1227
390	9	52.9455	7	6	5	1227
390	10	36.6410	4	4	4	1227
391	1	114.9819	18	8	6	1201
391	2	38.3740	2	2	2	1201
391	3	476.2655	638	568	383	1201
391	4	21.0758	3	3	3	1201
391	5	59.8169	10	8	6	1201
391	6	109.1547	9	4	3	1201
391	7	259.0954	507	407	26	1201
391	8	35.5043	4	4	4	1201
391	9	54.7828	8	5	4	1201
391	10	31.9488	2	2	1	1201
392	1	112.7134	25	17	10	1114
392	2	36.9681	3	2	2	1114
392	3	423.8524	575	506	335	1114
392	4	20.6708	3	3	3	1114
392	5	56.2087	11	11	10	1114
392	6	106.5569	11	11	9	1114
392	7	239.7216	471	355	25	1114
392	8	36.3520	6	6	6	1114
392	9	48.8399	6	5	3	1114
392	10	32.1159	3	3	3	1114
393	1	96.2803	17	11	5	1001
393	2	32.1559	4	3	2	1001
393	3	392.9494	520	457	321	1001
393	4	16.8868	2	2	2	1001
393	5	46.8891	6	6	5	1001
393	6	93.2734	11	11	8	1001
393	7	218.1127	428	329	32	1001
393	8	31.4680	4	4	4	1001
393	9	45.4630	6	5	5	1001
393	10	27.5215	3	3	3	1001
394	1	104.2682	20	11	5	1037
394	2	33.8000	4	3	3	1037
394	3	395.7447	531	465	314	1037
394	4	19.6015	3	3	3	1037
394	5	48.6425	4	4	3	1037
394	6	97.8207	9	8	7	1037
394	7	228.9088	454	349	31	1037
394	8	30.8434	2	2	2	1037
394	9	48.0388	8	7	5	1037
394	10	29.3313	2	2	2	1037
395	1	98.9362	16	8	5	1003
395	2	37.0094	9	7	7	1003
395	3	384.8881	490	435	306	1003
395	4	20.4023	6	6	5	1003
395	5	43.7194	5	5	3	1003
395	6	87.4700	1	0	0	1003
395	7	222.5324	463	358	26	1003
395	8	30.5825	4	4	2	1003
395	9	44.1705	2	2	2	1003
395	10	33.2883	7	6	6	1003
396	1	91.0642	17	9	5	958
396	2	34.5609	8	7	6	958
396	3	366.8109	488	436	292	958
396	4	16.6565	1	1	1	958
396	5	42.0976	6	5	4	958
396	6	89.4602	10	8	4	958
396	7	211.8913	409	331	32	958
396	8	29.0576	3	3	3	958
396	9	44.2488	9	8	7	958
396	10	32.1518	7	7	7	958
397	1	91.7344	16	7	5	903
397	2	32.5087	5	5	4	903
397	3	339.0002	449	396	262	903
397	4	16.7432	3	3	3	903
397	5	43.3985	5	4	4	903
397	6	81.5437	7	3	0	903
397	7	200.7354	403	309	24	903
397	8	30.7401	6	6	6	903
397	9	40.8838	6	6	5	903
397	10	25.7123	3	3	3	903
398	1	83.0568	10	7	2	883
398	2	30.7853	4	4	4	883
398	3	357.9410	461	418	294	883
398	4	14.5269	1	1	1	883
398	5	46.1931	14	14	13	883
398	6	75.4033	5	5	4	883
398	7	183.9742	373	278	21	883
398	8	26.1326	3	3	3	883
398	9	40.9978	7	5	5	883
398	10	23.9887	5	3	2	883
399	1	80.1283	10	5	4	843
399	2	25.7012	2	2	1	843
399	3	326.4243	412	375	256	843
399	4	15.3524	1	1	1	843
399	5	38.6526	5	5	3	843
399	6	77.9794	5	3	3	843
399	7	188.3699	393	306	24	843
399	8	28.1205	5	5	5	843
399	9	38.6468	8	7	4	843
399	10	23.6242	2	2	1	843
400	1	82.0749	16	8	3	823
400	2	28.4113	3	3	3	823
400	3	314.1611	405	352	243	823
400	4	14.5097	3	3	2	823
400	5	36.0627	2	2	2	823
400	6	77.0287	8	7	5	823
400	7	181.2230	375	293	20	823
400	8	24.3370	2	2	1	823
400	9	38.8595	5	3	3	823
400	10	26.3322	4	4	4	823
401	1	75.6398	22	16	10	726
401	2	28.0310	7	7	7	726
401	3	284.9648	368	321	232	726
401	4	13.7936	3	3	3	726
401	5	31.6215	3	3	3	726
401	6	64.5045	5	3	2	726
401	7	150.3899	306	232	14	726
401	8	27.0200	8	8	8	726
401	9	30.7382	2	2	2	726
401	10	19.2970	2	2	2	726
402	1	71.9934	12	7	4	725
402	2	28.0390	7	7	5	725
402	3	267.6444	362	326	206	725
402	4	12.0244	1	1	1	725
402	5	32.0646	3	3	2	725
402	6	69.7915	7	6	6	725
402	7	167.7726	326	254	27	725
402	8	22.6279	1	1	1	725
402	9	31.7406	3	2	1	725
402	10	21.3011	3	3	2	725
403	1	69.6228	17	13	5	696
403	2	28.5073	12	11	7	696
403	3	268.9011	363	313	205	696
403	4	11.2172	1	1	0	696
403	5	31.3856	6	4	1	696
403	6	63.2937	5	4	3	696
403	7	149.3181	280	225	19	696
403	8	20.3816	1	1	0	696
403	9	31.9250	8	6	4	696
403	10	21.4473	3	3	3	696
404	1	70.2569	14	10	8	721
404	2	24.6788	3	3	2	721
404	3	284.2242	369	342	232	721
404	4	12.2102	2	2	2	721
404	5	32.7431	4	4	4	721
404	6	67.2577	7	6	6	721
404	7	155.6915	317	238	16	721
404	8	20.3352	1	1	0	721
404	9	32.9195	2	2	2	721
404	10	20.6828	2	2	2	721
405	1	58.3105	10	6	4	596
405	2	21.1701	4	3	1	596
405	3	225.1384	287	255	178	596
405	4	10.6351	1	1	1	596
405	5	27.4853	2	2	2	596
405	6	55.2889	5	5	2	596
405	7	136.2134	280	223	20	596
405	8	16.9943	1	1	1	596
405	9	27.5216	4	4	3	596
405	10	17.2416	2	2	1	596
406	1	59.0989	6	2	2	616
406	2	21.5297	5	4	4	616
406	3	243.6381	331	290	199	616
406	4	11.5326	2	2	2	616
406	5	29.4198	6	5	5	616
406	6	53.8132	7	3	2	616
406	7	131.7880	248	193	16	616
406	8	20.5959	4	4	3	616
406	9	27.8315	5	5	3	616
406	10	16.7518	2	2	2	616
407	1	60.7586	9	5	2	625
407	2	22.9704	5	5	4	625
407	3	244.8445	328	297	202	625
407	4	9.8427	0	0	0	625
407	5	28.1071	3	3	2	625
407	6	56.0437	4	3	2	625
407	7	135.6295	266	206	17	625
407	8	18.2156	2	2	0	625
407	9	29.1272	5	5	3	625
407	10	19.4606	3	3	3	625
408	1	51.2139	11	6	4	545
408	2	20.8989	5	5	4	545
408	3	208.5211	262	237	162	545
408	4	10.5882	3	3	3	545
408	5	25.6527	2	2	2	545
408	6	50.0630	5	5	4	545
408	7	118.5954	248	185	21	545
408	8	16.0974	2	2	1	545
408	9	24.2934	3	2	1	545
408	10	19.0758	4	4	4	545
409	1	56.0629	8	7	6	599
409	2	23.3115	6	6	6	599
409	3	242.5727	309	277	203	599
409	4	9.6015	0	0	0	599
409	5	26.9970	6	5	5	599
409	6	52.1015	4	4	3	599
409	7	122.6435	254	202	9	599
409	8	15.5526	1	1	1	599
409	9	29.7690	5	5	3	599
409	10	20.3875	6	6	6	599
410	1	50.9898	7	6	5	515
410	2	21.8302	8	7	6	515
410	3	189.3504	251	217	145	515
410	4	9.0949	0	0	0	515
410	5	24.8315	4	3	1	515
410	6	48.3228	6	4	2	515
410	7	112.7871	231	180	14	515
410	8	19.0037	3	3	3	515
410	9	23.7605	4	4	3	515
410	10	15.0294	1	1	1	515
411	1	46.8628	11	5	3	490
411	2	18.2573	3	3	3	490
411	3	190.6051	246	219	159	490
411	4	7.7486	0	0	0	490
411	5	23.7386	3	3	3	490
411	6	48.3668	10	9	9	490
411	7	105.0891	213	164	15	490
411	8	13.9539	1	1	1	490
411	9	22.0964	3	3	2	490
411	10	13.2815	0	0	0	490
412	1	49.6010	15	9	4	493
412	2	15.4452	0	0	0	493
412	3	183.8335	247	215	141	493
412	4	9.8217	2	2	2	493
412	5	25.0794	5	4	2	493
412	6	47.0051	5	4	2	493
412	7	112.0274	214	170	17	493
412	8	15.3932	2	2	2	493
412	9	20.1350	1	1	1	493
412	10	14.6586	2	2	2	493
413	1	49.5400	10	8	5	481
413	2	14.2624	0	0	0	481
413	3	189.9960	248	224	157	481
413	4	8.4190	1	1	1	481
413	5	21.6283	1	1	1	481
413	6	45.1277	3	2	2	481
413	7	103.9645	216	171	10	481
413	8	14.1611	1	1	1	481
413	9	21.6886	1	1	1	481
413	10	12.2122	0	0	0	481
414	1	40.0494	4	3	0	438
414	2	16.1764	2	2	1	438
414	3	171.3923	232	211	143	438
414	4	7.4538	1	1	1	438
414	5	20.6554	2	2	2	438
414	6	39.2601	2	2	2	438
414	7	95.2790	187	149	10	438
414	8	13.1561	1	1	1	438
414	9	21.1772	4	3	3	438
414	10	13.4002	3	3	2	438
415	1	41.1243	9	6	5	420
415	2	15.6910	4	4	4	420
415	3	168.4200	212	195	147	420
415	4	8.4416	2	2	2	420
415	5	18.2240	1	1	1	420
415	6	35.5584	1	1	1	420
415	7	87.7312	180	144	11	420
415	8	13.4456	4	4	2	420
415	9	19.7669	6	4	3	420
415	10	11.5968	1	1	1	420
416	1	44.7877	8	7	5	428
416	2	15.3402	3	2	2	428
416	3	161.7890	221	192	123	428
416	4	7.0378	0	0	0	428
416	5	22.3572	4	4	4	428
416	6	38.5842	3	3	3	428
416	7	93.1923	184	137	14	428
416	8	13.0111	2	2	2	428
416	9	18.7397	2	1	1	428
416	10	13.1605	1	1	1	428
417	1	39.0183	9	6	4	408
417	2	14.6504	4	4	3	408
417	3	158.6435	202	187	123	408
417	4	7.7219	2	2	2	408
417	5	18.6426	3	3	2	408
417	6	36.8451	4	4	4	408
417	7	92.2608	177	133	25	408
417	8	12.1426	2	2	2	408
417	9	18.0324	5	4	3	408
417	10	10.0427	0	0	0	408
418	1	35.6637	9	4	2	349
418	2	13.8895	3	3	1	349
418	3	126.9884	182	148	95	349
418	4	5.8428	0	0	0	349
418	5	16.3056	2	2	2	349
418	6	33.1808	2	2	2	349
418	7	78.6992	145	113	12	349
418	8	13.5397	3	3	3	349
418	9	14.8225	2	1	1	349
418	10	10.0678	1	1	1	349
419	1	42.3922	17	9	5	398
419	2	12.7979	0	0	0	398
419	3	148.9846	204	167	112	398
419	4	7.2280	1	1	1	398
419	5	19.0377	2	2	2	398
419	6	34.3237	2	2	1	398
419	7	89.0508	166	125	14	398
419	8	13.3080	2	2	2	398
419	9	18.9512	3	3	2	398
419	10	11.9259	1	1	1	398
420	1	39.7380	10	9	6	359
420	2	14.0254	4	4	3	359
420	3	137.6305	177	154	118	359
420	4	5.4286	0	0	0	359
420	5	15.2220	0	0	0	359
420	6	31.6742	2	2	0	359
420	7	76.4582	161	124	11	359
420	8	11.3973	1	1	1	359
420	9	16.0258	2	2	1	359
420	10	11.4001	2	2	2	359
421	1	34.8765	5	5	3	349
421	2	12.2734	3	2	2	349
421	3	126.3780	169	148	98	349
421	4	5.5390	0	0	0	349
421	5	16.8498	4	4	3	349
421	6	35.0221	2	2	2	349
421	7	81.6197	161	135	14	349
421	8	10.6065	1	1	1	349
421	9	14.6548	1	1	1	349
421	10	11.1802	3	2	1	349
422	1	34.8697	7	2	1	394
422	2	15.7978	6	5	5	394
422	3	157.5570	215	190	132	394
422	4	6.3587	0	0	0	394
422	5	19.8197	6	5	5	394
422	6	33.9363	3	2	1	394
422	7	82.1987	150	123	12	394
422	8	12.6210	3	3	3	394
422	9	19.3512	3	3	2	394
422	10	11.4899	1	1	0	394
423	1	36.6757	7	4	3	362
423	2	14.4231	5	4	4	362
423	3	135.1748	176	158	108	362
423	4	6.3067	0	0	0	362
423	5	17.4480	3	3	3	362
423	6	31.8396	2	2	2	362
423	7	79.3681	161	120	8	362
423	8	13.3132	4	4	4	362
423	9	16.4627	3	2	2	362
423	10	10.9882	1	1	0	362
424	1	29.0255	2	0	0	316
424	2	10.1894	1	1	1	316
424	3	123.0487	154	137	95	316
424	4	4.7202	0	0	0	316
424	5	17.5368	7	6	6	316
424	6	29.6590	5	5	3	316
424	7	66.5353	137	111	7	316
424	8	10.6728	3	3	3	316
424	9	14.6222	5	1	1	316
424	10	9.9899	2	2	2	316
425	1	31.8741	6	5	2	332
425	2	11.6356	2	1	1	332
425	3	128.1157	166	149	99	332
425	4	5.2090	0	0	0	332
425	5	14.1651	3	2	2	332
425	6	32.0685	6	5	3	332
425	7	72.0424	139	111	9	332
425	8	9.0166	0	0	0	332
425	9	15.7919	4	3	2	332
425	10	12.0812	6	6	5	332
426	1	28.3827	3	1	1	320
426	2	13.2625	4	4	4	320
426	3	129.0552	174	149	105	320
426	4	6.9824	3	3	3	320
426	5	14.5961	1	1	1	320
426	6	28.7359	3	2	2	320
426	7	68.1852	130	102	10	320
426	8	9.7878	2	1	1	320
426	9	12.4329	0	0	0	320
426	10	8.5795	0	0	0	320
427	1	29.1201	4	3	2	319
427	2	11.2225	2	2	2	319
427	3	124.6585	168	150	102	319
427	4	5.0808	0	0	0	319
427	5	12.6976	0	0	0	319
427	6	30.5652	6	6	2	319
427	7	72.0447	132	101	13	319
427	8	9.2942	2	1	1	319
427	9	14.4464	3	3	2	319
427	10	9.8702	2	2	1	319
428	1	33.7983	7	4	4	350
428	2	12.9702	3	3	3	350
428	3	132.8721	162	147	102	350
428	4	7.3404	3	3	3	350
428	5	15.0068	2	2	1	350
428	6	31.2190	3	3	2	350
428	7	79.9317	163	124	15	350
428	8	9.5189	1	1	1	350
428	9	18.2195	5	5	5	350
428	10	9.1232	1	1	0	350
429	1	28.3708	8	4	2	292
429	2	12.2508	4	4	4	292
429	3	106.7581	139	122	87	292
429	4	4.5376	0	0	0	292
429	5	14.5208	4	4	3	292
429	6	25.3957	2	0	0	292
429	7	67.0270	129	105	13	292
429	8	9.2807	2	2	2	292
429	9	15.1539	3	3	3	292
429	10	8.7044	1	1	1	292
430	1	28.0030	6	3	2	311
430	2	9.6721	1	1	1	311
430	3	124.9254	157	138	107	311
430	4	5.4186	1	1	1	311
430	5	16.2410	4	4	4	311
430	6	28.0976	3	3	3	311
430	7	68.2899	135	99	13	311
430	8	8.6828	1	1	1	311
430	9	13.1480	2	2	1	311
430	10	8.5216	1	0	0	311
431	1	27.5318	5	3	2	273
431	2	10.0899	2	2	2	273
431	3	105.3861	138	127	89	273
431	4	3.8919	0	0	0	273
431	5	12.1873	2	2	2	273
431	6	26.7766	4	3	3	273
431	7	59.9387	120	93	9	273
431	8	6.7390	0	0	0	273
431	9	12.9715	1	1	1	273
431	10	7.4871	1	1	1	273
432	1	25.8837	6	3	2	274
432	2	8.4800	0	0	0	274
432	3	105.9260	141	122	84	274
432	4	6.0606	3	2	1	274
432	5	12.1413	2	2	1	274
432	6	28.1158	6	5	3	274
432	7	59.6504	113	90	10	274
432	8	7.6576	0	0	0	274
432	9	11.1524	1	1	1	274
432	10	8.9322	2	2	2	274
433	1	28.8479	3	2	1	311
433	2	10.9258	3	2	2	311
433	3	118.2152	157	139	90	311
433	4	5.1851	1	1	1	311
433	5	14.8088	2	2	2	311
433	6	31.0393	6	6	4	311
433	7	69.3063	130	100	12	311
433	8	12.7955	7	7	4	311
433	9	11.5638	1	0	0	311
433	10	8.3124	1	1	1	311
434	1	30.5096	5	2	2	320
434	2	12.1138	2	2	2	320
434	3	128.0043	178	156	103	320
434	4	4.9758	0	0	0	320
434	5	12.6219	0	0	0	320
434	6	31.0641	6	6	6	320
434	7	67.1073	125	96	10	320
434	8	11.2416	3	3	3	320
434	9	13.4501	0	0	0	320
434	10	8.9114	1	1	0	320
435	1	31.8465	8	6	2	320
435	2	11.7984	3	3	3	320
435	3	131.9857	183	159	107	320
435	4	5.2106	1	1	1	320
435	5	12.8226	1	1	1	320
435	6	28.7924	2	2	1	320
435	7	65.8718	119	91	8	320
435	8	8.5916	1	1	0	320
435	9	14.5865	2	2	2	320
435	10	8.4940	0	0	0	320
436	1	26.7032	7	3	3	285
436	2	10.6311	3	3	2	285
436	3	112.6902	155	139	74	285
436	4	4.8314	1	1	1	285
436	5	14.2690	2	2	2	285
436	6	27.3419	7	6	5	285
436	7	56.4187	104	72	11	285
436	8	7.3746	0	0	0	285
436	9	13.2757	0	0	0	285
436	10	11.4640	6	6	6	285
437	1	26.8307	5	3	1	277
437	2	9.9866	3	3	2	277
437	3	108.3660	150	135	90	277
437	4	4.1691	0	0	0	277
437	5	14.6954	4	4	4	277
437	6	24.7154	3	3	2	277
437	7	59.2683	109	81	6	277
437	8	9.6103	2	2	2	277
437	9	12.2388	1	1	1	277
437	10	7.1193	0	0	0	277
438	1	25.0852	6	4	2	274
438	2	10.4972	3	3	3	274
438	3	103.2934	127	114	72	274
438	4	5.5146	2	2	2	274
438	5	12.5833	2	2	2	274
438	6	26.4402	6	6	4	274
438	7	63.4713	124	95	17	274
438	8	7.0315	0	0	0	274
438	9	12.2410	2	2	1	274
438	10	7.8421	2	2	1	274
439	1	25.0453	5	5	2	252
439	2	10.0358	3	3	3	252
439	3	98.9750	139	120	79	252
439	4	4.5327	1	1	0	252
439	5	12.0776	3	3	3	252
439	6	23.8451	5	5	4	252
439	7	49.8766	90	63	10	252
439	8	10.1296	4	4	4	252
439	9	10.8543	1	1	1	252
439	10	6.6279	1	0	0	252
440	1	30.7780	5	5	4	296
440	2	10.4893	2	2	1	296
440	3	116.4241	171	150	93	296
440	4	4.6499	0	0	0	296
440	5	12.9995	1	1	1	296
440	6	25.4377	3	3	2	296
440	7	63.8697	106	90	13	296
440	8	9.6353	3	2	1	296
440	9	13.6036	4	2	2	296
440	10	8.1125	1	0	0	296
441	1	30.5022	10	6	5	284
441	2	9.6849	1	1	1	284
441	3	110.4008	142	122	85	284
441	4	4.8894	1	1	1	284
441	5	15.0741	5	5	3	284
441	6	24.7101	3	2	1	284
441	7	59.2715	115	82	9	284
441	8	9.5529	3	3	3	284
441	9	11.5052	1	1	1	284
441	10	8.4086	3	3	2	284
442	1	27.3514	8	3	2	287
442	2	11.5377	4	3	3	287
442	3	113.4986	151	131	96	287
442	4	5.0900	1	1	1	287
442	5	13.3322	2	2	1	287
442	6	28.0141	7	7	7	287
442	7	57.4316	109	80	12	287
442	8	8.3307	1	1	1	287
442	9	13.5606	3	3	2	287
442	10	8.8534	1	1	1	287
443	1	26.1782	7	3	1	268
443	2	10.7568	3	2	2	268
443	3	99.9275	134	120	70	268
443	4	5.2638	2	2	2	268
443	5	14.3005	4	4	3	268
443	6	23.8732	3	2	1	268
443	7	57.2585	108	82	9	268
443	8	8.6347	2	2	2	268
443	9	12.4079	2	2	1	268
443	10	9.3992	3	3	3	268
444	1	35.3527	5	4	3	344
444	2	12.7533	3	2	2	344
444	3	130.0452	177	155	97	344
444	4	6.0537	1	1	1	344
444	5	16.8303	3	3	3	344
444	6	31.4489	4	3	1	344
444	7	72.4506	141	108	10	344
444	8	10.7602	1	1	1	344
444	9	13.9194	0	0	0	344
444	10	14.3855	9	8	5	344
445	1	28.4558	6	5	3	302
445	2	9.7618	1	1	1	302
445	3	124.3941	177	161	106	302
445	4	5.3140	0	0	0	302
445	5	13.8866	2	2	2	302
445	6	27.6443	6	5	5	302
445	7	60.3208	102	80	12	302
445	8	9.3371	3	2	2	302
445	9	13.9065	4	3	2	302
445	10	8.9792	1	1	1	302
446	1	29.7904	9	3	2	284
446	2	9.9384	1	1	1	284
446	3	103.0570	146	115	73	284
446	4	4.7633	1	1	1	284
446	5	12.5060	1	1	1	284
446	6	25.4638	1	1	1	284
446	7	69.2502	122	91	19	284
446	8	9.3392	3	3	1	284
446	9	12.3349	0	0	0	284
446	10	7.5566	0	0	0	284
447	1	34.5072	9	5	3	312
447	2	11.1833	1	1	1	312
447	3	115.9731	147	132	92	312
447	4	5.4788	0	0	0	312
447	5	15.6949	3	3	3	312
447	6	28.3147	3	3	0	312
447	7	67.3386	145	107	7	312
447	8	9.4047	1	1	1	312
447	9	14.9352	2	2	1	312
447	10	9.1696	1	1	0	312
448	1	29.8411	7	5	0	327
448	2	10.4516	0	0	0	327
448	3	123.2280	170	156	99	327
448	4	6.8504	2	2	2	327
448	5	15.6805	3	3	3	327
448	6	31.1749	6	6	6	327
448	7	73.2277	132	104	16	327
448	8	8.3463	0	0	0	327
448	9	15.5133	2	1	1	327
448	10	12.6861	5	4	4	327
449	1	33.1467	6	4	1	338
449	2	13.0420	3	2	2	338
449	3	126.4355	179	163	95	338
449	4	5.4523	0	0	0	338
449	5	16.6479	3	3	2	338
449	6	32.8397	6	6	5	338
449	7	70.9257	133	93	10	338
449	8	11.5026	2	2	2	338
449	9	17.2829	4	4	3	338
449	10	10.7245	2	2	2	338
450	1	34.7149	4	3	3	359
450	2	9.3213	1	0	0	359
450	3	146.5983	212	184	116	359
450	4	6.7498	1	1	1	359
450	5	18.4776	5	4	4	359
450	6	32.9128	5	5	4	359
450	7	72.2971	122	88	13	359
450	8	11.1710	2	2	2	359
450	9	18.4687	7	7	6	359
450	10	8.2887	0	0	0	359
451	1	32.9698	8	6	4	311
451	2	11.2330	3	3	3	311
451	3	126.1886	173	159	97	311
451	4	5.5244	2	2	2	311
451	5	14.2274	1	1	1	311
451	6	25.0747	2	1	1	311
451	7	65.4905	118	88	14	311
451	8	8.0245	1	1	1	311
451	9	13.8013	1	1	1	311
451	10	8.4658	2	2	2	311
452	1	34.0794	13	8	6	328
452	2	10.6739	2	2	2	328
452	3	131.0921	178	163	108	328
452	4	4.5665	0	0	0	328
452	5	14.7116	3	3	2	328
452	6	27.8076	5	4	3	328
452	7	69.6335	120	91	18	328
452	8	12.3970	4	4	4	328
452	9	14.0562	1	1	1	328
452	10	8.9819	2	2	1	328
453	1	35.2808	5	1	0	348
453	2	11.0258	1	0	0	348
453	3	142.8783	213	184	112	348
453	4	6.4077	0	0	0	348
453	5	15.4392	1	1	1	348
453	6	31.7220	4	3	3	348
453	7	68.9028	119	97	12	348
453	8	11.7005	2	2	2	348
453	9	15.5485	3	3	2	348
453	10	9.0944	0	0	0	348
454	1	34.5992	13	9	5	336
454	2	10.6654	1	1	1	336
454	3	132.1700	184	162	100	336
454	4	6.7198	2	2	2	336
454	5	18.4629	6	6	5	336
454	6	27.8291	2	2	0	336
454	7	69.7513	121	94	18	336
454	8	10.1232	1	1	1	336
454	9	15.8384	4	4	4	336
454	10	9.8408	2	1	1	336
455	1	34.8660	6	6	2	355
455	2	13.1793	4	4	3	355
455	3	145.8813	209	185	108	355
455	4	5.3089	1	1	1	355
455	5	18.3825	4	4	4	355
455	6	30.8692	6	5	4	355
455	7	69.0530	118	84	14	355
455	8	9.5158	1	1	1	355
455	9	18.4567	5	5	4	355
455	10	9.4873	1	1	1	355
456	1	41.8029	12	8	4	404
456	2	17.9723	6	6	6	404
456	3	149.9927	201	181	127	404
456	4	8.5682	2	2	2	404
456	5	19.5625	1	1	1	404
456	6	38.5448	8	5	3	404
456	7	81.9554	162	126	11	404
456	8	12.5580	2	2	2	404
456	9	18.6661	6	2	1	404
456	10	14.3774	4	4	3	404
457	1	36.8909	11	6	4	345
457	2	13.6182	5	4	4	345
457	3	141.1712	193	174	117	345
457	4	5.2458	0	0	0	345
457	5	16.3901	4	3	3	345
457	6	27.2003	1	1	0	345
457	7	65.9820	121	92	12	345
457	8	10.5727	2	2	2	345
457	9	17.0399	4	4	4	345
457	10	10.8889	4	3	1	345
458	1	39.2124	4	2	1	390
458	2	16.1397	6	4	4	390
458	3	147.6507	201	179	113	390
458	4	6.4247	1	1	1	390
458	5	16.8316	1	1	1	390
458	6	36.3435	4	4	3	390
458	7	88.4913	170	132	14	390
458	8	11.3318	1	1	1	390
458	9	17.5213	2	2	1	390
458	10	10.0530	0	0	0	390
459	1	40.3225	14	10	6	381
459	2	16.1252	6	6	5	381
459	3	148.2718	195	182	120	381
459	4	5.5950	0	0	0	381
459	5	17.1507	2	2	2	381
459	6	36.1588	8	6	4	381
459	7	77.3566	147	117	14	381
459	8	10.8438	2	2	2	381
459	9	20.2316	7	6	6	381
459	10	8.9438	0	0	0	381
460	1	36.7973	9	8	6	338
460	2	12.4941	3	3	3	338
460	3	130.1552	189	165	101	338
460	4	5.2344	0	0	0	338
460	5	17.4909	5	5	4	338
460	6	28.7006	2	1	0	338
460	7	69.7604	121	98	10	338
460	8	11.2849	3	3	3	338
460	9	15.7709	3	3	2	338
460	10	10.3112	3	2	2	338
461	1	33.2711	8	1	1	357
461	2	12.7834	2	2	2	357
461	3	145.6320	208	179	114	357
461	4	6.2187	2	2	1	357
461	5	17.1927	5	4	4	357
461	6	31.6206	4	4	3	357
461	7	74.0308	123	95	11	357
461	8	10.2326	3	2	1	357
461	9	16.6847	2	2	2	357
461	10	9.3332	0	0	0	357
462	1	34.7607	9	7	4	349
462	2	11.4285	2	2	2	349
462	3	134.3798	183	163	108	349
462	4	6.6445	1	1	1	349
462	5	18.6953	4	4	4	349
462	6	33.0673	4	4	3	349
462	7	75.5286	139	109	15	349
462	8	9.7103	1	1	1	349
462	9	14.3384	4	2	1	349
462	10	10.4465	2	2	2	349
463	1	38.6832	13	8	4	389
463	2	11.0016	1	1	0	389
463	3	161.3855	215	192	133	389
463	4	7.3946	1	1	1	389
463	5	18.8246	7	6	5	389
463	6	31.7646	3	2	2	389
463	7	79.1400	141	116	15	389
463	8	12.5724	4	4	3	389
463	9	17.6067	3	3	3	389
463	10	10.6265	1	1	1	389
464	1	43.5972	9	8	3	429
464	2	13.8898	3	2	2	429
464	3	170.0537	240	206	131	429
464	4	6.4083	0	0	0	429
464	5	21.2939	5	5	3	429
464	6	39.9114	6	5	5	429
464	7	87.3858	154	114	14	429
464	8	14.9777	5	5	4	429
464	9	20.3446	5	5	3	429
464	10	11.1373	2	2	1	429
465	1	46.5064	16	9	6	433
465	2	15.9924	4	4	3	433
465	3	163.6207	225	194	124	433
465	4	6.8696	1	1	0	433
465	5	21.4468	4	4	3	433
465	6	40.4487	7	7	4	433
465	7	93.7146	167	130	15	433
465	8	13.3670	2	2	2	433
465	9	19.8358	5	4	4	433
465	10	11.1980	2	1	0	433
466	1	49.7876	18	11	10	442
466	2	14.3568	2	2	2	442
466	3	171.7175	231	201	140	442
466	4	6.5882	0	0	0	442
466	5	24.2764	8	8	5	442
466	6	37.9543	3	2	1	442
466	7	94.6092	175	124	21	442
466	8	13.6199	3	3	1	442
466	9	17.9348	2	2	2	442
466	10	11.1552	0	0	0	442
467	1	49.8540	15	11	7	462
467	2	15.7506	3	2	2	462
467	3	180.1957	250	217	144	462
467	4	9.1345	2	2	2	462
467	5	23.0373	4	4	3	462
467	6	41.1420	5	3	2	462
467	7	94.2645	179	134	17	462
467	8	15.7032	3	3	3	462
467	9	20.5747	1	1	0	462
467	10	12.3436	0	0	0	462
468	1	44.4472	11	7	4	450
468	2	16.9071	4	3	3	450
468	3	171.5351	235	203	137	450
468	4	8.9555	2	2	2	450
468	5	21.9545	3	3	3	450
468	6	37.4545	0	0	0	450
468	7	95.0505	185	136	13	450
468	8	17.2951	4	4	4	450
468	9	22.7914	4	4	4	450
468	10	13.6093	2	2	2	450
469	1	49.0779	18	14	9	449
469	2	16.9061	5	4	3	449
469	3	180.6721	252	223	144	449
469	4	6.9165	0	0	0	449
469	5	22.3613	5	4	3	449
469	6	40.0561	7	6	5	449
469	7	83.0146	150	105	9	449
469	8	16.0012	5	5	3	449
469	9	20.3881	4	2	2	449
469	10	13.6063	3	3	2	449
470	1	41.4831	10	5	4	410
470	2	14.3192	4	4	3	410
470	3	154.5855	217	185	120	410
470	4	8.6411	2	2	2	410
470	5	22.2161	6	6	5	410
470	6	40.8499	10	10	10	410
470	7	81.9476	151	112	12	410
470	8	15.5825	5	5	5	410
470	9	17.6371	3	2	2	410
470	10	12.7376	2	2	1	410
471	1	43.5670	9	8	8	414
471	2	13.7449	4	2	2	414
471	3	174.3673	249	222	142	414
471	4	6.4603	0	0	0	414
471	5	19.0998	3	3	3	414
471	6	36.2998	8	7	4	414
471	7	79.8576	133	101	12	414
471	8	11.0963	1	1	1	414
471	9	18.4394	6	4	3	414
471	10	11.0671	1	1	1	414
472	1	44.1321	12	6	3	426
472	2	13.5245	1	1	1	426
472	3	163.8293	221	196	123	426
472	4	6.1834	0	0	0	426
472	5	22.0355	5	5	4	426
472	6	36.9192	0	0	0	426
472	7	92.8891	177	135	15	426
472	8	11.5925	0	0	0	426
472	9	22.7887	7	7	6	426
472	10	12.1056	3	2	1	426
473	1	43.7176	6	4	2	466
473	2	17.1639	5	5	5	466
473	3	181.6020	245	214	147	466
473	4	7.1453	0	0	0	466
473	5	21.4446	3	3	3	466
473	6	42.5461	9	6	4	466
473	7	103.3932	190	149	24	466
473	8	13.8697	1	1	1	466
473	9	22.8232	6	6	4	466
473	10	12.2945	1	1	1	466
474	1	52.2581	8	5	5	520
474	2	16.1596	1	1	1	520
474	3	189.6797	257	223	141	520
474	4	8.0368	0	0	0	520
474	5	24.2582	4	4	3	520
474	6	51.1930	12	11	5	520
474	7	118.6068	225	181	18	520
474	8	18.4875	4	4	4	520
474	9	25.5800	5	3	3	520
474	10	15.7404	4	4	3	520
475	1	45.9297	13	7	4	444
475	2	13.8481	2	1	1	444
475	3	175.9646	240	209	130	444
475	4	6.4319	0	0	0	444
475	5	19.7976	2	2	2	444
475	6	40.1854	3	2	2	444
475	7	97.4831	179	130	11	444
475	8	12.6382	1	1	0	444
475	9	19.1312	2	1	1	444
475	10	12.5900	2	2	2	444
476	1	49.9928	16	10	5	476
476	2	17.4573	4	4	4	476
476	3	185.1932	246	220	140	476
476	4	8.3668	2	2	2	476
476	5	20.5908	2	2	1	476
476	6	39.6495	4	4	4	476
476	7	102.9805	191	142	20	476
476	8	17.4639	7	7	6	476
476	9	22.1446	4	3	3	476
476	10	12.1606	0	0	0	476
477	1	48.8875	8	4	2	480
477	2	16.2602	2	2	2	480
477	3	190.2520	278	240	150	480
477	4	7.3584	0	0	0	480
477	5	28.4458	9	9	9	480
477	6	43.6944	4	4	4	480
477	7	98.2280	174	129	9	480
477	8	14.8441	3	3	2	480
477	9	20.0500	2	1	1	480
477	10	11.9795	0	0	0	480
478	1	44.4106	9	4	2	431
478	2	13.7617	1	0	0	431
478	3	161.9676	231	210	113	431
478	4	8.2210	2	2	1	431
478	5	22.3642	4	4	4	431
478	6	38.2332	3	3	2	431
478	7	89.7964	168	125	7	431
478	8	16.8633	7	7	6	431
478	9	22.4210	4	4	3	431
478	10	12.9611	2	2	2	431
479	1	48.3794	13	7	3	492
479	2	16.5661	3	3	3	492
479	3	206.2226	289	257	168	492
479	4	9.2024	2	2	2	492
479	5	23.5709	3	3	3	492
479	6	40.2549	0	0	0	492
479	7	96.7694	175	131	13	492
479	8	16.1673	3	3	3	492
479	9	21.1213	2	2	0	492
479	10	13.7456	2	2	0	492
480	1	52.5775	16	12	9	478
480	2	17.2328	4	3	2	478
480	3	179.9035	243	214	139	478
480	4	9.2878	2	2	2	478
480	5	23.3375	6	6	6	478
480	6	45.5989	7	7	6	478
480	7	100.4998	193	136	16	478
480	8	17.6880	6	6	4	478
480	9	19.5275	0	0	0	478
480	10	12.3468	1	1	1	478
481	1	48.7053	10	8	7	476
481	2	15.8065	1	1	1	476
481	3	184.2482	258	220	138	476
481	4	10.1147	3	3	3	476
481	5	23.2855	4	4	4	476
481	6	42.6692	6	6	2	476
481	7	100.2797	185	142	17	476
481	8	14.2832	2	2	2	476
481	9	23.8061	6	6	5	476
481	10	12.8011	1	1	1	476
482	1	50.3930	15	9	7	495
482	2	14.6220	0	0	0	495
482	3	202.3538	272	239	168	495
482	4	9.0620	2	2	2	495
482	5	21.5560	4	4	3	495
482	6	43.7847	7	7	5	495
482	7	98.0313	180	141	17	495
482	8	17.5320	4	4	4	495
482	9	22.2259	7	4	4	495
482	10	15.4393	4	4	4	495
483	1	46.2978	7	6	4	455
483	2	16.6509	4	3	3	455
483	3	176.4022	247	220	140	455
483	4	7.1444	0	0	0	455
483	5	22.7225	3	3	3	455
483	6	41.4124	8	7	5	455
483	7	97.4210	178	125	19	455
483	8	13.5964	3	2	1	455
483	9	21.5888	5	3	2	455
483	10	11.7639	0	0	0	455
484	1	45.8267	8	5	3	467
484	2	14.7839	3	2	1	467
484	3	182.9981	248	213	142	467
484	4	10.9883	4	4	4	467
484	5	21.7419	3	3	3	467
484	6	43.2617	3	3	2	467
484	7	102.2225	193	145	15	467
484	8	11.9553	0	0	0	467
484	9	18.9608	1	1	1	467
484	10	14.2609	4	4	4	467
485	1	48.6312	10	5	3	484
485	2	16.7442	3	3	3	484
485	3	192.2852	268	237	149	484
485	4	8.8911	2	2	2	484
485	5	24.6233	4	4	4	484
485	6	42.9451	5	4	3	484
485	7	101.6714	186	134	17	484
485	8	13.4919	1	1	1	484
485	9	20.9542	3	2	2	484
485	10	13.7623	2	2	2	484
486	1	51.8370	6	5	3	499
486	2	16.9956	6	3	2	499
486	3	189.7574	274	239	145	499
486	4	10.2974	3	3	3	499
486	5	22.3457	1	0	0	499
486	6	49.1188	12	11	9	499
486	7	107.6495	192	154	19	499
486	8	15.0868	1	1	1	499
486	9	22.7225	3	2	2	499
486	10	13.1895	1	1	0	499
487	1	50.3374	8	7	3	514
487	2	17.3299	2	2	2	514
487	3	205.2533	280	240	159	514
487	4	8.8247	1	1	1	514
487	5	22.4527	2	2	1	514
487	6	45.9086	5	5	5	514
487	7	109.1797	209	163	12	514
487	8	13.8356	0	0	0	514
487	9	24.5155	5	4	3	514
487	10	16.3627	2	2	2	514
488	1	48.2986	8	7	4	476
488	2	14.8721	3	2	2	476
488	3	193.6084	257	233	164	476
488	4	6.9741	0	0	0	476
488	5	24.8281	5	5	5	476
488	6	40.7178	4	3	3	476
488	7	97.0994	191	142	13	476
488	8	15.5526	4	4	4	476
488	9	21.1874	3	3	3	476
488	10	12.8614	1	1	1	476
489	1	45.2187	10	7	6	451
489	2	16.9118	5	5	5	451
489	3	182.1749	261	225	147	451
489	4	6.9571	0	0	0	451
489	5	21.7269	3	3	3	451
489	6	38.1690	2	1	1	451
489	7	90.8354	161	122	11	451
489	8	16.3551	4	4	4	451
489	9	20.4466	4	4	3	451
489	10	12.2042	1	1	0	451
490	1	53.3222	15	7	4	507
490	2	18.8522	5	3	3	507
490	3	190.2957	261	225	148	507
490	4	8.1126	0	0	0	507
490	5	23.9085	5	5	4	507
490	6	46.8985	5	4	2	507
490	7	112.6072	209	159	27	507
490	8	16.2577	2	2	2	507
490	9	22.6068	3	3	2	507
490	10	14.1380	2	2	1	507
491	1	50.3274	12	6	3	502
491	2	18.1759	3	3	3	502
491	3	196.9539	272	235	156	502
491	4	9.0407	2	2	2	502
491	5	23.0972	2	2	2	502
491	6	44.8938	5	4	2	502
491	7	104.5973	194	145	19	502
491	8	13.9028	1	1	1	502
491	9	26.5284	9	8	8	502
491	10	14.4828	2	2	2	502
492	1	55.1324	13	8	8	505
492	2	14.8702	1	1	1	505
492	3	200.4093	277	240	151	505
492	4	7.9107	0	0	0	505
492	5	23.6022	4	4	4	505
492	6	44.3365	3	3	2	505
492	7	104.5556	197	140	12	505
492	8	15.1127	2	2	1	505
492	9	24.2949	6	5	5	505
492	10	14.7756	2	2	2	505
493	1	54.9229	11	8	5	502
493	2	15.2976	0	0	0	502
493	3	195.8312	274	232	152	502
493	4	9.9174	2	2	2	502
493	5	27.2274	6	6	6	502
493	6	43.3426	1	1	1	502
493	7	104.8827	204	159	11	502
493	8	15.1852	1	1	1	502
493	9	21.7824	3	2	1	502
493	10	13.6106	0	0	0	502
494	1	54.1715	7	5	3	519
494	2	16.0140	3	1	1	519
494	3	204.2170	303	268	150	519
494	4	8.0744	0	0	0	519
494	5	23.0322	1	1	1	519
494	6	45.5789	5	3	2	519
494	7	112.4698	194	153	16	519
494	8	16.7226	1	1	1	519
494	9	24.3660	4	4	3	519
494	10	14.3535	1	1	1	519
495	1	43.6860	7	3	1	441
495	2	15.0893	2	2	2	441
495	3	173.2363	246	222	139	441
495	4	8.3373	2	2	1	441
495	5	22.4407	5	5	5	441
495	6	41.2959	5	4	3	441
495	7	91.5406	170	127	10	441
495	8	13.8539	2	2	2	441
495	9	19.0522	1	1	1	441
495	10	12.4674	1	1	1	441
496	1	45.1449	12	8	5	451
496	2	13.7556	2	2	2	451
496	3	176.9396	238	207	146	451
496	4	6.8869	1	1	0	451
496	5	21.6022	5	3	3	451
496	6	42.4651	4	3	2	451
496	7	98.1715	181	139	13	451
496	8	13.0491	2	2	1	451
496	9	20.2952	4	4	3	451
496	10	12.6899	2	2	1	451
497	1	41.3292	10	5	2	444
497	2	13.7784	3	1	1	444
497	3	184.2024	262	228	155	444
497	4	7.4953	1	1	1	444
497	5	18.8742	1	1	1	444
497	6	35.0816	1	0	0	444
497	7	91.2208	154	118	15	444
497	8	16.1459	5	5	5	444
497	9	19.9412	2	2	2	444
497	10	15.9310	5	5	5	444
498	1	54.7238	13	8	4	542
498	2	16.4561	1	1	1	542
498	3	223.4067	301	275	177	542
498	4	8.6581	0	0	0	542
498	5	24.7739	3	3	2	542
498	6	46.7354	3	2	1	542
498	7	112.7966	214	154	16	542
498	8	15.4723	2	2	2	542
498	9	25.1504	5	4	3	542
498	10	13.8273	0	0	0	542
499	1	49.0112	13	6	4	470
499	2	19.3150	7	6	6	470
499	3	178.2417	255	213	132	470
499	4	8.4580	1	1	1	470
499	5	23.7428	2	2	2	470
499	6	43.7941	5	5	3	470
499	7	98.9089	179	140	13	470
499	8	12.7069	1	1	1	470
499	9	21.4855	3	3	2	470
499	10	14.3359	4	4	2	470
500	1	44.0865	8	5	2	442
500	2	16.5309	4	4	4	442
500	3	173.8492	250	211	131	442
500	4	7.0560	1	1	1	442
500	5	19.2413	1	1	1	442
500	6	39.5893	4	4	3	442
500	7	91.2635	165	126	12	442
500	8	17.6246	5	5	5	442
500	9	20.8957	3	3	3	442
500	10	11.8630	1	1	1	442
