position,Group,mean_cov,sem,n_patients,TF
-3000,Adenocarcinoma,0.5978242755302366,0.2162532151631086,9,LYL1
-2975,Adenocarcinoma,0.5567301989643996,0.21794676772066154,9,LYL1
-2950,Adenocarcinoma,0.43202348691677733,0.20002879916834715,9,LYL1
-2925,Adenocarcinoma,0.18359678303945218,0.1629362986378182,9,LYL1
-2900,Adenocarcinoma,0.10796424504102356,0.1513248277122656,9,LYL1
-2875,Adenocarcinoma,0.18328225722751706,0.17996832929731255,9,LYL1
-2850,Adenocarcinoma,0.27569790414138057,0.1764182529459175,9,LYL1
-2825,Adenocarcinoma,0.27527161375932657,0.1811297262097289,9,LYL1
-2800,Adenocarcinoma,0.2994637333389321,0.17610637573461163,9,LYL1
-2775,Adenocarcinoma,0.4226157143245154,0.15532932321324314,9,LYL1
-2750,Adenocarcinoma,0.5217359937611777,0.13441549615099335,9,LYL1
-2725,Adenocarcinoma,0.4934369937818124,0.13054234442267457,9,LYL1
-2700,Adenocarcinoma,0.46139629481614264,0.15660278695506616,9,LYL1
-2675,Adenocarcinoma,0.4443777859120061,0.13250289860468537,9,LYL1
-2650,Adenocarcinoma,0.5533190520012116,0.11781666637766126,9,LYL1
-2625,Adenocarcinoma,0.6514351717090651,0.1325910486199129,9,LYL1
-2600,Adenocarcinoma,0.6731457501199758,0.16030097906754254,9,LYL1
-2575,Adenocarcinoma,0.7521766911460311,0.1803173489283976,9,LYL1
-2550,Adenocarcinoma,0.7078022241700133,0.1719389443196252,9,LYL1
-2525,Adenocarcinoma,0.6500839986670282,0.18327324720110605,9,LYL1
-2500,Adenocarcinoma,0.48058256224890894,0.21385174755684266,9,LYL1
-2475,Adenocarcinoma,0.44222136370131826,0.18799948803450606,9,LYL1
-2450,Adenocarcinoma,0.4837319495715616,0.19204618855382938,9,LYL1
-2425,Adenocarcinoma,0.44740415919119436,0.1727791625067082,9,LYL1
-2400,Adenocarcinoma,0.4194233823022007,0.16579395751057152,9,LYL1
-2375,Adenocarcinoma,0.456301597356205,0.21495855140078546,9,LYL1
-2350,Adenocarcinoma,0.440279654734752,0.1914472621710528,9,LYL1
-2325,Adenocarcinoma,0.38365089606241065,0.15816956686400066,9,LYL1
-2300,Adenocarcinoma,0.4453144766723154,0.1553864263074837,9,LYL1
-2275,Adenocarcinoma,0.4472793022335722,0.1492391346561985,9,LYL1
-2250,Adenocarcinoma,0.40541539600391424,0.12032917918266041,9,LYL1
-2225,Adenocarcinoma,0.26570350715912633,0.09371693732133846,9,LYL1
-2200,Adenocarcinoma,0.26574628826301705,0.09177350033317189,9,LYL1
-2175,Adenocarcinoma,0.2841680905137367,0.12577424519284566,9,LYL1
-2150,Adenocarcinoma,0.27551713327318006,0.1379691367055527,9,LYL1
-2125,Adenocarcinoma,0.1546506332840877,0.1146942523631957,9,LYL1
-2100,Adenocarcinoma,0.24539172409207446,0.11150863581364924,9,LYL1
-2075,Adenocarcinoma,0.1985018542726389,0.14118158634295894,9,LYL1
-2050,Adenocarcinoma,0.31736544474973855,0.11869289279668538,9,LYL1
-2025,Adenocarcinoma,0.3555679031192816,0.1047053259437775,9,LYL1
-2000,Adenocarcinoma,0.3839910378184248,0.1282944425927172,9,LYL1
-1975,Adenocarcinoma,0.41070086424359287,0.12257080466321009,9,LYL1
-1950,Adenocarcinoma,0.34192032589830273,0.12270799731302268,9,LYL1
-1925,Adenocarcinoma,0.3994840036440496,0.12484475217246416,9,LYL1
-1900,Adenocarcinoma,0.41580864689021885,0.15056936672005908,9,LYL1
-1875,Adenocarcinoma,0.36359276506319776,0.14845397772879806,9,LYL1
-1850,Adenocarcinoma,0.4371933251257001,0.12394237161560297,9,LYL1
-1825,Adenocarcinoma,0.4296547162501524,0.11921362785820096,9,LYL1
-1800,Adenocarcinoma,0.42239722892398096,0.1290899909519826,9,LYL1
-1775,Adenocarcinoma,0.3190063093217041,0.13541836622073003,9,LYL1
-1750,Adenocarcinoma,0.19639671734425043,0.14869536859822569,9,LYL1
-1725,Adenocarcinoma,0.14072645356741403,0.14862190511394588,9,LYL1
-1700,Adenocarcinoma,0.027146935750461215,0.1405011736479084,9,LYL1
-1675,Adenocarcinoma,-0.04979724304213746,0.10706360044330095,9,LYL1
-1650,Adenocarcinoma,-0.0065034728347292455,0.08680352243621624,9,LYL1
-1625,Adenocarcinoma,0.020147993785276604,0.07960495915695275,9,LYL1
-1600,Adenocarcinoma,-0.034838614805961114,0.07336949699838603,9,LYL1
-1575,Adenocarcinoma,0.11820681980026099,0.09883949088651285,9,LYL1
-1550,Adenocarcinoma,0.13153265389223487,0.10885647185987753,9,LYL1
-1525,Adenocarcinoma,0.052097617012548066,0.10924285244729127,9,LYL1
-1500,Adenocarcinoma,0.03475833634929138,0.10892299284000001,9,LYL1
-1475,Adenocarcinoma,-0.017232512830159034,0.14380153458453812,9,LYL1
-1450,Adenocarcinoma,-0.008210869319047742,0.1449492901344487,9,LYL1
-1425,Adenocarcinoma,-0.0419540530853584,0.1418297681357142,9,LYL1
-1400,Adenocarcinoma,-0.1201630162282056,0.16865280369449945,9,LYL1
-1375,Adenocarcinoma,-0.11102162111025361,0.17187933624703963,9,LYL1
-1350,Adenocarcinoma,-0.03829810724993863,0.17231432731657217,9,LYL1
-1325,Adenocarcinoma,-0.045916078666801016,0.16063169628167268,9,LYL1
-1300,Adenocarcinoma,-0.014268768186311082,0.19555847216760303,9,LYL1
-1275,Adenocarcinoma,0.02758498697263158,0.15975419129761753,9,LYL1
-1250,Adenocarcinoma,0.035172991368770716,0.15614641047485178,9,LYL1
-1225,Adenocarcinoma,0.04723569759871744,0.15403129477225094,9,LYL1
-1200,Adenocarcinoma,0.06371076347705446,0.16927005020990538,9,LYL1
-1175,Adenocarcinoma,0.09900827753743936,0.17676383695206352,9,LYL1
-1150,Adenocarcinoma,-0.07122256108799115,0.14854285364792377,9,LYL1
-1125,Adenocarcinoma,-0.12923247806166296,0.13679857614614607,9,LYL1
-1100,Adenocarcinoma,-0.18545799329361792,0.13363921621796362,9,LYL1
-1075,Adenocarcinoma,-0.179049074632218,0.1495790807313625,9,LYL1
-1050,Adenocarcinoma,-0.4012104012514612,0.19582683742575832,9,LYL1
-1025,Adenocarcinoma,-0.4961062474250123,0.1736373856378444,9,LYL1
-1000,Adenocarcinoma,-0.4942343188967418,0.16803419124345642,9,LYL1
-975,Adenocarcinoma,-0.5828010524848801,0.17975980192324212,9,LYL1
-950,Adenocarcinoma,-0.5983992218754709,0.13793517808173694,9,LYL1
-925,Adenocarcinoma,-0.5381797722967961,0.11629067917814817,9,LYL1
-900,Adenocarcinoma,-0.3351470116410547,0.12162073794854283,9,LYL1
-875,Adenocarcinoma,-0.2788021147074504,0.09943536021957727,9,LYL1
-850,Adenocarcinoma,-0.31527974063127984,0.08824164993937934,9,LYL1
-825,Adenocarcinoma,-0.39512550047350686,0.10538021416566629,9,LYL1
-800,Adenocarcinoma,-0.5708814634636774,0.0992444360863593,9,LYL1
-775,Adenocarcinoma,-0.6574413779856978,0.11018470958364734,9,LYL1
-750,Adenocarcinoma,-0.6672435335342576,0.0901254303367557,9,LYL1
-725,Adenocarcinoma,-0.47053386864558816,0.08506442567094906,9,LYL1
-700,Adenocarcinoma,-0.3367928473646507,0.12632881561163323,9,LYL1
-675,Adenocarcinoma,-0.33806036957467395,0.1419720165995946,9,LYL1
-650,Adenocarcinoma,-0.4465258728027753,0.11186417295167096,9,LYL1
-625,Adenocarcinoma,-0.6004425692270721,0.12477577442552516,9,LYL1
-600,Adenocarcinoma,-0.6551016646609787,0.1270140167596392,9,LYL1
-575,Adenocarcinoma,-0.5731832664454338,0.12870911398711307,9,LYL1
-550,Adenocarcinoma,-0.5087801809762369,0.15667112136133976,9,LYL1
-525,Adenocarcinoma,-0.25435436371255504,0.16200825440195957,9,LYL1
-500,Adenocarcinoma,-0.12859606882817518,0.17372752986429876,9,LYL1
-475,Adenocarcinoma,-0.14000940176329857,0.17969049112791977,9,LYL1
-450,Adenocarcinoma,-0.38608022289206245,0.1879741947463208,9,LYL1
-425,Adenocarcinoma,-0.5200102326105617,0.17979393024610058,9,LYL1
-400,Adenocarcinoma,-0.31234741424898127,0.15456806819092214,9,LYL1
-375,Adenocarcinoma,0.06966209433798715,0.15561845939622532,9,LYL1
-350,Adenocarcinoma,0.2705607370348691,0.12927649796181376,9,LYL1
-325,Adenocarcinoma,0.4287898853282294,0.15695202013856197,9,LYL1
-300,Adenocarcinoma,0.602759365349475,0.13803366962708452,9,LYL1
-275,Adenocarcinoma,0.5673581906403027,0.15774083265073685,9,LYL1
-250,Adenocarcinoma,0.507071145989106,0.133671967619348,9,LYL1
-225,Adenocarcinoma,0.5523412566980852,0.16895292241619508,9,LYL1
-200,Adenocarcinoma,0.74476575534804,0.22559464406953467,9,LYL1
-175,Adenocarcinoma,0.9762704032384498,0.27215722632071543,9,LYL1
-150,Adenocarcinoma,1.1507833110300791,0.25355945593930623,9,LYL1
-125,Adenocarcinoma,0.9889821691413608,0.25965546967325515,9,LYL1
-100,Adenocarcinoma,0.5844841517122092,0.31841269711549475,9,LYL1
-75,Adenocarcinoma,-0.1840147938462681,0.42340113319949263,9,LYL1
-50,Adenocarcinoma,-0.9051330377305155,0.5259567231919532,9,LYL1
-25,Adenocarcinoma,-1.3653798366702528,0.5851391205658284,9,LYL1
0,Adenocarcinoma,-1.286035492253589,0.6031667040833294,9,LYL1
25,Adenocarcinoma,-0.820410407573197,0.5516302659289959,9,LYL1
50,Adenocarcinoma,-0.0628308531882328,0.46022005017128936,9,LYL1
75,Adenocarcinoma,0.6661493720783573,0.37126167363876855,9,LYL1
100,Adenocarcinoma,1.239766251924992,0.2949059574867466,9,LYL1
125,Adenocarcinoma,1.3892707085236733,0.28152131569899724,9,LYL1
150,Adenocarcinoma,1.2339288652835372,0.265591684474676,9,LYL1
175,Adenocarcinoma,0.8374505768079261,0.2651977965357843,9,LYL1
200,Adenocarcinoma,0.4792836459756356,0.25113043939484575,9,LYL1
225,Adenocarcinoma,0.2137660742126947,0.26445658203190586,9,LYL1
250,Adenocarcinoma,0.17887617743193643,0.2379802727865901,9,LYL1
275,Adenocarcinoma,0.2951399238620321,0.2111769441826784,9,LYL1
300,Adenocarcinoma,0.1913249232497425,0.2045718344678684,9,LYL1
325,Adenocarcinoma,0.027400215433765997,0.17720938724376348,9,LYL1
350,Adenocarcinoma,-0.2869985150794386,0.19360866003909763,9,LYL1
375,Adenocarcinoma,-0.49800089677803466,0.15146389477590838,9,LYL1
400,Adenocarcinoma,-0.515234726549111,0.16769343460396355,9,LYL1
425,Adenocarcinoma,-0.3359111213548443,0.18697997667590094,9,LYL1
450,Adenocarcinoma,-0.2293122732034637,0.18661720233001064,9,LYL1
475,Adenocarcinoma,-0.19004449848398647,0.17002078455043276,9,LYL1
500,Adenocarcinoma,-0.18102731743304318,0.15169824300327603,9,LYL1
525,Adenocarcinoma,-0.4095899228592221,0.11913545646796575,9,LYL1
550,Adenocarcinoma,-0.6197568717678812,0.11295940053854055,9,LYL1
575,Adenocarcinoma,-0.6229158083596937,0.15692223356270596,9,LYL1
600,Adenocarcinoma,-0.5581029965924823,0.13411537431100226,9,LYL1
625,Adenocarcinoma,-0.34647961550678635,0.17276289291410107,9,LYL1
650,Adenocarcinoma,-0.2598293492082016,0.23197831274824013,9,LYL1
675,Adenocarcinoma,-0.3014271643414807,0.24149050948969022,9,LYL1
700,Adenocarcinoma,-0.443075368339787,0.24842748485996216,9,LYL1
725,Adenocarcinoma,-0.5175580163848028,0.22709228704855064,9,LYL1
750,Adenocarcinoma,-0.48385169277477424,0.21011518609865695,9,LYL1
775,Adenocarcinoma,-0.3358478026224945,0.1911078196912573,9,LYL1
800,Adenocarcinoma,-0.21835946739581114,0.20177641264500448,9,LYL1
825,Adenocarcinoma,-0.14835250309305661,0.19491058276659803,9,LYL1
850,Adenocarcinoma,-0.050552141690191815,0.16778985678424482,9,LYL1
875,Adenocarcinoma,-0.17323064158952345,0.19125449650888685,9,LYL1
900,Adenocarcinoma,-0.373149855910224,0.17701979089547223,9,LYL1
925,Adenocarcinoma,-0.41693276084843894,0.15819231841015738,9,LYL1
950,Adenocarcinoma,-0.4784110255409489,0.1459779449309361,9,LYL1
975,Adenocarcinoma,-0.28497629528735247,0.08829026625478503,9,LYL1
1000,Adenocarcinoma,-0.1504598337792501,0.06477777001136052,9,LYL1
1025,Adenocarcinoma,-0.005580350654198686,0.07508603473033812,9,LYL1
1050,Adenocarcinoma,0.011375453587089312,0.10676453194054825,9,LYL1
1075,Adenocarcinoma,-0.03270475638533663,0.16510728872916372,9,LYL1
1100,Adenocarcinoma,-0.1442099643837897,0.1676376308967633,9,LYL1
1125,Adenocarcinoma,-0.1958779920815579,0.13705852830490475,9,LYL1
1150,Adenocarcinoma,-0.19085739764321102,0.10304467618537226,9,LYL1
1175,Adenocarcinoma,-0.21846191420163258,0.129273056951537,9,LYL1
1200,Adenocarcinoma,-0.2122720226012486,0.14189441240128417,9,LYL1
1225,Adenocarcinoma,-0.19134274673584367,0.15273050533620902,9,LYL1
1250,Adenocarcinoma,-0.2629169817945091,0.13014056474148705,9,LYL1
1275,Adenocarcinoma,-0.09304184919661528,0.15043255907263012,9,LYL1
1300,Adenocarcinoma,-0.0023140176828612335,0.1481235649967124,9,LYL1
1325,Adenocarcinoma,0.042606824426865114,0.13396152090727204,9,LYL1
1350,Adenocarcinoma,0.13220258540119276,0.10414769487669,9,LYL1
1375,Adenocarcinoma,0.3283045304331403,0.07157391940740467,9,LYL1
1400,Adenocarcinoma,0.46250918608405106,0.08497806264644693,9,LYL1
1425,Adenocarcinoma,0.38187573758037685,0.11339457932483309,9,LYL1
1450,Adenocarcinoma,0.2296313382461802,0.10399494639605004,9,LYL1
1475,Adenocarcinoma,0.23576382969378024,0.11593243157939781,9,LYL1
1500,Adenocarcinoma,0.27490810331836585,0.14528179822975887,9,LYL1
1525,Adenocarcinoma,0.2369988511032367,0.1757136240164315,9,LYL1
1550,Adenocarcinoma,0.30659405306565435,0.18537937802706464,9,LYL1
1575,Adenocarcinoma,0.3475318843376244,0.19134830799215333,9,LYL1
1600,Adenocarcinoma,0.3506548751986286,0.18669957643749754,9,LYL1
1625,Adenocarcinoma,0.43275685539939784,0.19021929177989683,9,LYL1
1650,Adenocarcinoma,0.4494649969248128,0.20188697861117436,9,LYL1
1675,Adenocarcinoma,0.4312796633005811,0.2289698833535033,9,LYL1
1700,Adenocarcinoma,0.586037089296028,0.25576711647711653,9,LYL1
1725,Adenocarcinoma,0.5860000365885583,0.25916995272540383,9,LYL1
1750,Adenocarcinoma,0.5572201519124761,0.21962072594384374,9,LYL1
1775,Adenocarcinoma,0.6093885758682623,0.20409976643668434,9,LYL1
1800,Adenocarcinoma,0.6838923810775961,0.1813062181501838,9,LYL1
1825,Adenocarcinoma,0.6053017126801055,0.17427706209017013,9,LYL1
1850,Adenocarcinoma,0.6392914483757091,0.17590798477342404,9,LYL1
1875,Adenocarcinoma,0.6239663281206924,0.16212165582803278,9,LYL1
1900,Adenocarcinoma,0.47388594426271696,0.16119632501931835,9,LYL1
1925,Adenocarcinoma,0.3307671536885069,0.14616659778733807,9,LYL1
1950,Adenocarcinoma,0.3304174527385011,0.12392349131630485,9,LYL1
1975,Adenocarcinoma,0.4236674938511165,0.11312241534145444,9,LYL1
2000,Adenocarcinoma,0.47856690574508093,0.12261737505863118,9,LYL1
2025,Adenocarcinoma,0.5017659719125248,0.1499850004045664,9,LYL1
2050,Adenocarcinoma,0.5610824923885246,0.16035654727671556,9,LYL1
2075,Adenocarcinoma,0.7258186564910067,0.1775973142907352,9,LYL1
2100,Adenocarcinoma,0.7568149722409195,0.147770088884337,9,LYL1
2125,Adenocarcinoma,0.6947747397470833,0.12195484522991279,9,LYL1
2150,Adenocarcinoma,0.7009734803178469,0.09107373083742872,9,LYL1
2175,Adenocarcinoma,0.6403763696814828,0.10147100377157887,9,LYL1
2200,Adenocarcinoma,0.5995886301990657,0.11275860985833763,9,LYL1
2225,Adenocarcinoma,0.5600966650450189,0.06757608197777738,9,LYL1
2250,Adenocarcinoma,0.6093975831033476,0.07518253003565695,9,LYL1
2275,Adenocarcinoma,0.6862524607806546,0.10897913968665489,9,LYL1
2300,Adenocarcinoma,0.6945831510854195,0.14213054389285648,9,LYL1
2325,Adenocarcinoma,0.5663440322989277,0.13568478089478894,9,LYL1
2350,Adenocarcinoma,0.566477790599541,0.1251965747349981,9,LYL1
2375,Adenocarcinoma,0.6078402911112188,0.12409937261170524,9,LYL1
2400,Adenocarcinoma,0.480595106957956,0.13137555038571938,9,LYL1
2425,Adenocarcinoma,0.44029273461905377,0.11200064907377177,9,LYL1
2450,Adenocarcinoma,0.5743865794759255,0.08087474297674943,9,LYL1
2475,Adenocarcinoma,0.6997734443686306,0.09800385192950695,9,LYL1
2500,Adenocarcinoma,0.7924782595456269,0.12245636570922146,9,LYL1
2525,Adenocarcinoma,0.721206259994586,0.12036486855106913,9,LYL1
2550,Adenocarcinoma,0.7153235892134269,0.1498763856417728,9,LYL1
2575,Adenocarcinoma,0.7988592110579792,0.130188200599654,9,LYL1
2600,Adenocarcinoma,0.752767585530043,0.09524350611783977,9,LYL1
2625,Adenocarcinoma,0.6721316176228215,0.11742562326252971,9,LYL1
2650,Adenocarcinoma,0.609315727205413,0.13127120594296457,9,LYL1
2675,Adenocarcinoma,0.6377217552391016,0.12923617092882303,9,LYL1
2700,Adenocarcinoma,0.6056298276905454,0.11834558189512429,9,LYL1
2725,Adenocarcinoma,0.5131017597482054,0.12286631467625332,9,LYL1
2750,Adenocarcinoma,0.49479380466127754,0.12019062647308855,9,LYL1
2775,Adenocarcinoma,0.5757186473039525,0.14109792430933532,9,LYL1
2800,Adenocarcinoma,0.4999811004062683,0.17951560695159374,9,LYL1
2825,Adenocarcinoma,0.45199373573859386,0.21239120322249602,9,LYL1
2850,Adenocarcinoma,0.47897592046765264,0.2340152307987404,9,LYL1
2875,Adenocarcinoma,0.4254866939561736,0.21298222010720605,9,LYL1
2900,Adenocarcinoma,0.42016349842013206,0.2434210241464321,9,LYL1
2925,Adenocarcinoma,0.45273432367039934,0.22508655859447205,9,LYL1
2950,Adenocarcinoma,0.5053870184279208,0.21452832393244325,9,LYL1
2975,Adenocarcinoma,0.6066306132417876,0.20326613512143177,9,LYL1
3000,Adenocarcinoma,-41.894146237062216,0.42709659792601506,9,LYL1
-3000,Healthy,1.0537515151093015,0.0746568555866816,40,LYL1
-2975,Healthy,0.9137140060856255,0.07668549761830436,40,LYL1
-2950,Healthy,0.8223335678503717,0.07409376083970658,40,LYL1
-2925,Healthy,0.6996451721573519,0.07186155688854408,40,LYL1
-2900,Healthy,0.5904606631800914,0.0751913308827469,40,LYL1
-2875,Healthy,0.5760208831173357,0.0784357176644847,40,LYL1
-2850,Healthy,0.6027713510296079,0.08149045532222342,40,LYL1
-2825,Healthy,0.6442275472694051,0.0797270136641053,40,LYL1
-2800,Healthy,0.6485676781237567,0.0840869309252105,40,LYL1
-2775,Healthy,0.6004201912292528,0.08527409997323623,40,LYL1
-2750,Healthy,0.6297810705509643,0.08055565363416722,40,LYL1
-2725,Healthy,0.606569730711575,0.08061048293696352,40,LYL1
-2700,Healthy,0.6082812579506663,0.08007130498103862,40,LYL1
-2675,Healthy,0.683336855313576,0.07332713992089726,40,LYL1
-2650,Healthy,0.7106484093172678,0.0739450778827863,40,LYL1
-2625,Healthy,0.7610126638253975,0.07708889929732698,40,LYL1
-2600,Healthy,0.8601368536323679,0.07890827654882572,40,LYL1
-2575,Healthy,0.9160962296811045,0.07869527492771321,40,LYL1
-2550,Healthy,0.8504512504887869,0.07352477551492975,40,LYL1
-2525,Healthy,0.7691832926714068,0.06798111191878566,40,LYL1
-2500,Healthy,0.6418392233405306,0.06141390871192031,40,LYL1
-2475,Healthy,0.575074941435983,0.05837407267048517,40,LYL1
-2450,Healthy,0.5354127641760251,0.06604974882538622,40,LYL1
-2425,Healthy,0.4873369978288979,0.058834758039127494,40,LYL1
-2400,Healthy,0.43780080486751755,0.05887713734720678,40,LYL1
-2375,Healthy,0.45971649790398716,0.06100425308356824,40,LYL1
-2350,Healthy,0.46556774058055844,0.0660355906726186,40,LYL1
-2325,Healthy,0.48824404029201857,0.07645591595547865,40,LYL1
-2300,Healthy,0.5270377192657385,0.08756759183961849,40,LYL1
-2275,Healthy,0.598560553596227,0.08340639768976739,40,LYL1
-2250,Healthy,0.6687495624436942,0.08314694624840797,40,LYL1
-2225,Healthy,0.6845386949152349,0.0797419451306123,40,LYL1
-2200,Healthy,0.7901218721402825,0.0879691317662181,40,LYL1
-2175,Healthy,0.8467707663863202,0.08658620089470875,40,LYL1
-2150,Healthy,0.864313585785429,0.08781713921485607,40,LYL1
-2125,Healthy,0.7807721281283666,0.09054195943213478,40,LYL1
-2100,Healthy,0.6986555131023021,0.08533686399815955,40,LYL1
-2075,Healthy,0.5846173333586285,0.0890451641167461,40,LYL1
-2050,Healthy,0.535069662536202,0.08189742582287865,40,LYL1
-2025,Healthy,0.5464510973415797,0.08195891079550657,40,LYL1
-2000,Healthy,0.5094383567210201,0.08186516453655922,40,LYL1
-1975,Healthy,0.5051538808961282,0.07462669802670047,40,LYL1
-1950,Healthy,0.449551938411905,0.07181892994484339,40,LYL1
-1925,Healthy,0.42222092929525673,0.0704943966701534,40,LYL1
-1900,Healthy,0.4606945136635106,0.0691168998818254,40,LYL1
-1875,Healthy,0.45454608883915676,0.06986073536077189,40,LYL1
-1850,Healthy,0.40627555546859623,0.07352533008312123,40,LYL1
-1825,Healthy,0.38772135957401205,0.07725736371991071,40,LYL1
-1800,Healthy,0.4179582720176938,0.08651407784580036,40,LYL1
-1775,Healthy,0.38119445788814404,0.08704681897631483,40,LYL1
-1750,Healthy,0.39551794257949985,0.08428597044446161,40,LYL1
-1725,Healthy,0.3296124204923851,0.08293007510948476,40,LYL1
-1700,Healthy,0.3000818576640142,0.07876683594491446,40,LYL1
-1675,Healthy,0.27750357270784975,0.07857516543341764,40,LYL1
-1650,Healthy,0.2779557531478231,0.08232104093299945,40,LYL1
-1625,Healthy,0.2942974606845703,0.08170424721248734,40,LYL1
-1600,Healthy,0.3215808931756338,0.0843034320225569,40,LYL1
-1575,Healthy,0.35540002916497615,0.07346685838548361,40,LYL1
-1550,Healthy,0.31294868209077187,0.06530622461147285,40,LYL1
-1525,Healthy,0.3245658522066852,0.05839616246243903,40,LYL1
-1500,Healthy,0.3222343958976464,0.06135315696638113,40,LYL1
-1475,Healthy,0.38969044211058473,0.06571628555710052,40,LYL1
-1450,Healthy,0.40781284391959377,0.06117912706484127,40,LYL1
-1425,Healthy,0.4051934000391842,0.06275641439844537,40,LYL1
-1400,Healthy,0.35232759282123083,0.06745567573636448,40,LYL1
-1375,Healthy,0.2541186740972039,0.0752880651293739,40,LYL1
-1350,Healthy,0.14484797446686531,0.07193214718125512,40,LYL1
-1325,Healthy,0.07835298654164194,0.0752762403464546,40,LYL1
-1300,Healthy,0.10803540172136161,0.07300947942403296,40,LYL1
-1275,Healthy,0.13812419002441834,0.07089360272634128,40,LYL1
-1250,Healthy,0.1579473002611869,0.07051193634452513,40,LYL1
-1225,Healthy,0.15871852516451632,0.06595908829524083,40,LYL1
-1200,Healthy,0.15944516597078573,0.07010468726198865,40,LYL1
-1175,Healthy,0.1464728666765344,0.0781130757027295,40,LYL1
-1150,Healthy,0.01862095335306982,0.07477072607729923,40,LYL1
-1125,Healthy,-0.007433945103556251,0.06833975524820018,40,LYL1
-1100,Healthy,0.010077221389014013,0.07611661751740037,40,LYL1
-1075,Healthy,0.009734740522714131,0.07878558576484022,40,LYL1
-1050,Healthy,-0.06501351397478601,0.08402019419514113,40,LYL1
-1025,Healthy,-0.18406135995322154,0.07706306516563916,40,LYL1
-1000,Healthy,-0.3879225140690096,0.06972023391468736,40,LYL1
-975,Healthy,-0.5630723605881887,0.058636062183457495,40,LYL1
-950,Healthy,-0.5916115403348049,0.057972857937998605,40,LYL1
-925,Healthy,-0.5636749057298917,0.06171613214411524,40,LYL1
-900,Healthy,-0.5127733773430202,0.054042337178014564,40,LYL1
-875,Healthy,-0.4543689793635132,0.057529651666954555,40,LYL1
-850,Healthy,-0.5407363827089584,0.061751697337226415,40,LYL1
-825,Healthy,-0.7249128294809385,0.05566687564674433,40,LYL1
-800,Healthy,-0.8495017352318769,0.05152656263125027,40,LYL1
-775,Healthy,-0.8662627401404766,0.05466428422181735,40,LYL1
-750,Healthy,-0.7337769437442614,0.060669580729513915,40,LYL1
-725,Healthy,-0.5499365803094876,0.05619948295338053,40,LYL1
-700,Healthy,-0.3396238846859203,0.06864551555365096,40,LYL1
-675,Healthy,-0.2993656490447068,0.07712771869473836,40,LYL1
-650,Healthy,-0.43949803287605166,0.07353167988337096,40,LYL1
-625,Healthy,-0.6749099039582366,0.07670305865031829,40,LYL1
-600,Healthy,-0.7699083635187176,0.07530955579742016,40,LYL1
-575,Healthy,-0.699694065100447,0.07823939090951991,40,LYL1
-550,Healthy,-0.590749142859881,0.08693533859852486,40,LYL1
-525,Healthy,-0.44779725119975045,0.0824794291754275,40,LYL1
-500,Healthy,-0.36521202219473564,0.07742565385609032,40,LYL1
-475,Healthy,-0.4398330193635518,0.07440631017529076,40,LYL1
-450,Healthy,-0.6861636493425441,0.08056641751307188,40,LYL1
-425,Healthy,-0.8735272951899699,0.07793340600327042,40,LYL1
-400,Healthy,-0.7043562987577211,0.08490268511309365,40,LYL1
-375,Healthy,-0.35761553906089494,0.08963559309827866,40,LYL1
-350,Healthy,0.02717771076873966,0.09014238542010791,40,LYL1
-325,Healthy,0.2660526210512675,0.08938826172074921,40,LYL1
-300,Healthy,0.37442434744772285,0.10004121135518222,40,LYL1
-275,Healthy,0.37256992476489337,0.10933172404946305,40,LYL1
-250,Healthy,0.3242943186913094,0.11547380079601326,40,LYL1
-225,Healthy,0.4596130192044214,0.1200509272129408,40,LYL1
-200,Healthy,0.7669010979864035,0.13029471873296267,40,LYL1
-175,Healthy,1.082445818303462,0.12775910450243186,40,LYL1
-150,Healthy,1.195284976513557,0.12469018571709103,40,LYL1
-125,Healthy,0.846217234714898,0.1209976944617272,40,LYL1
-100,Healthy,0.010745503558329029,0.1308514652433718,40,LYL1
-75,Healthy,-1.197897235019529,0.1477496426791457,40,LYL1
-50,Healthy,-2.3466636756740162,0.15741942433068776,40,LYL1
-25,Healthy,-3.0578155580548754,0.17274120110541094,40,LYL1
0,Healthy,-3.095721447387065,0.18271105862776904,40,LYL1
25,Healthy,-2.4467755553639314,0.17809552476904777,40,LYL1
50,Healthy,-1.3252251920325138,0.16547886190244818,40,LYL1
75,Healthy,-0.0560561712039917,0.14663964998355744,40,LYL1
100,Healthy,0.9060469174534954,0.13335830203449767,40,LYL1
125,Healthy,1.283253438660305,0.12929065333721912,40,LYL1
150,Healthy,1.1405261346813829,0.12711819770805716,40,LYL1
175,Healthy,0.7150657634308566,0.12378660608942306,40,LYL1
200,Healthy,0.3326895905580727,0.11470116968900113,40,LYL1
225,Healthy,0.04844327512985585,0.10537981806230519,40,LYL1
250,Healthy,-0.0825343647864537,0.0984158627431579,40,LYL1
275,Healthy,-0.0393612219212523,0.08869399111763092,40,LYL1
300,Healthy,-0.11003208633076042,0.08884087234530864,40,LYL1
325,Healthy,-0.3109506107723306,0.08547470278133752,40,LYL1
350,Healthy,-0.6327086685549893,0.08708065742991157,40,LYL1
375,Healthy,-0.9228771924887705,0.0867153151571822,40,LYL1
400,Healthy,-0.9793894924524986,0.082570293035917,40,LYL1
425,Healthy,-0.8510383916235914,0.07963038825993596,40,LYL1
450,Healthy,-0.6872641175956259,0.08397046750991471,40,LYL1
475,Healthy,-0.549103388681071,0.07973031646601722,40,LYL1
500,Healthy,-0.5715625051034102,0.08581268535709818,40,LYL1
525,Healthy,-0.7326143018461768,0.07863700291648786,40,LYL1
550,Healthy,-0.9789454805345038,0.08971556743898006,40,LYL1
575,Healthy,-0.9790446548414816,0.09818611000431075,40,LYL1
600,Healthy,-0.7983235326238437,0.09138924966324634,40,LYL1
625,Healthy,-0.5293207227508065,0.08539747593095366,40,LYL1
650,Healthy,-0.32673205723103427,0.07384920234425728,40,LYL1
675,Healthy,-0.2978218705060456,0.06903381174561851,40,LYL1
700,Healthy,-0.3951746328917055,0.0645807793064329,40,LYL1
725,Healthy,-0.49864602654539486,0.06195567128913492,40,LYL1
750,Healthy,-0.5265522469816716,0.0675621999123775,40,LYL1
775,Healthy,-0.43054173212565583,0.07801462785715325,40,LYL1
800,Healthy,-0.28190831188881327,0.0809473878681147,40,LYL1
825,Healthy,-0.17849486764230768,0.08563872216189942,40,LYL1
850,Healthy,-0.10468852932720218,0.09011216827441215,40,LYL1
875,Healthy,-0.22832676095185667,0.08004440614296672,40,LYL1
900,Healthy,-0.4153470905736785,0.07472976042399346,40,LYL1
925,Healthy,-0.5372544662202218,0.07413086826474112,40,LYL1
950,Healthy,-0.5352076618061862,0.07747225532847031,40,LYL1
975,Healthy,-0.385755430252809,0.06855308142157102,40,LYL1
1000,Healthy,-0.20308549766661746,0.06618233294115694,40,LYL1
1025,Healthy,-0.12145832656196347,0.07228230327158897,40,LYL1
1050,Healthy,-0.14258982344019192,0.07131316724162072,40,LYL1
1075,Healthy,-0.30218879450662123,0.0701561956116905,40,LYL1
1100,Healthy,-0.32185696182339796,0.0735061220846104,40,LYL1
1125,Healthy,-0.3116601323402799,0.06982011953506854,40,LYL1
1150,Healthy,-0.24969467039911625,0.06644597099120755,40,LYL1
1175,Healthy,-0.15708334446320876,0.06035453101104637,40,LYL1
1200,Healthy,-0.024517197376567827,0.054053697415715134,40,LYL1
1225,Healthy,0.10142418511917643,0.062415176952824135,40,LYL1
1250,Healthy,0.10547965256359355,0.06455716956225271,40,LYL1
1275,Healthy,0.03877798114445739,0.05902607689380436,40,LYL1
1300,Healthy,0.07967981676011143,0.06251204281745686,40,LYL1
1325,Healthy,0.16831797101695598,0.06085545694966191,40,LYL1
1350,Healthy,0.24231904339547075,0.06905572239331473,40,LYL1
1375,Healthy,0.3248973459025932,0.07465034256024615,40,LYL1
1400,Healthy,0.3581327626175298,0.07230292919177944,40,LYL1
1425,Healthy,0.37028564655520274,0.06461846267234972,40,LYL1
1450,Healthy,0.36527783851244994,0.06938130819900826,40,LYL1
1475,Healthy,0.29927899398687086,0.06975063998776321,40,LYL1
1500,Healthy,0.26365790762982105,0.06689418124578318,40,LYL1
1525,Healthy,0.2566419276196094,0.07015749128718492,40,LYL1
1550,Healthy,0.3457175096373241,0.08558082217539138,40,LYL1
1575,Healthy,0.39698414122997805,0.08706331164272577,40,LYL1
1600,Healthy,0.39954670073095283,0.08203918604461288,40,LYL1
1625,Healthy,0.35276698681006613,0.07883722689660058,40,LYL1
1650,Healthy,0.3693723973227019,0.06854244401799939,40,LYL1
1675,Healthy,0.46408984035177375,0.06108914667738908,40,LYL1
1700,Healthy,0.4943859431649841,0.060321240755820675,40,LYL1
1725,Healthy,0.4497412937196996,0.06455820945191296,40,LYL1
1750,Healthy,0.549653276570369,0.06556735535025303,40,LYL1
1775,Healthy,0.6298883582541783,0.06339459228719312,40,LYL1
1800,Healthy,0.6801787513306364,0.06739178026146388,40,LYL1
1825,Healthy,0.5663494225148717,0.06836728665385407,40,LYL1
1850,Healthy,0.5447227675553495,0.07339953203874287,40,LYL1
1875,Healthy,0.5247393349037901,0.07608520641542123,40,LYL1
1900,Healthy,0.4125859657603497,0.06710752877547478,40,LYL1
1925,Healthy,0.31576462835535696,0.06642888206124359,40,LYL1
1950,Healthy,0.323740372004836,0.0676546070727253,40,LYL1
1975,Healthy,0.40247138483486705,0.06050414907429605,40,LYL1
2000,Healthy,0.4324817866951769,0.057147516817732724,40,LYL1
2025,Healthy,0.4234505320918075,0.06398144365549827,40,LYL1
2050,Healthy,0.4809838915872135,0.07830359477363132,40,LYL1
2075,Healthy,0.5395137724306267,0.08859401561851489,40,LYL1
2100,Healthy,0.5665187115809692,0.09190997318633243,40,LYL1
2125,Healthy,0.5720545225572976,0.0891895074152411,40,LYL1
2150,Healthy,0.5485039995462773,0.08388545236792717,40,LYL1
2175,Healthy,0.5452261987508215,0.07543885225082178,40,LYL1
2200,Healthy,0.6091371565069721,0.0700159163510092,40,LYL1
2225,Healthy,0.6135053827216527,0.06681795589122494,40,LYL1
2250,Healthy,0.6852225840822527,0.06264170477146265,40,LYL1
2275,Healthy,0.7345783347924575,0.06207743392977381,40,LYL1
2300,Healthy,0.7336319533551926,0.07020508403496455,40,LYL1
2325,Healthy,0.6891478261610554,0.06940310638384745,40,LYL1
2350,Healthy,0.7137360079241658,0.07049110740514006,40,LYL1
2375,Healthy,0.7695031301521831,0.06690498503518066,40,LYL1
2400,Healthy,0.7614645354443031,0.06749127503706327,40,LYL1
2425,Healthy,0.7682620542742017,0.06580220118102939,40,LYL1
2450,Healthy,0.8297911038613563,0.06679904101084862,40,LYL1
2475,Healthy,0.8851401914183293,0.06665618498392424,40,LYL1
2500,Healthy,0.9160303541687911,0.06678551313572814,40,LYL1
2525,Healthy,0.92321853278443,0.07141962486921906,40,LYL1
2550,Healthy,0.9505317639769861,0.06773555907757446,40,LYL1
2575,Healthy,0.9393215799803989,0.06333310361536883,40,LYL1
2600,Healthy,0.8574941997182591,0.061905008657878416,40,LYL1
2625,Healthy,0.8483273490111944,0.0653064493927795,40,LYL1
2650,Healthy,0.8153236119964563,0.060756868191078735,40,LYL1
2675,Healthy,0.8346232350737386,0.0629973901270519,40,LYL1
2700,Healthy,0.7943613488512478,0.06917270974306272,40,LYL1
2725,Healthy,0.7787123241184162,0.07619049803125609,40,LYL1
2750,Healthy,0.7855608398844462,0.08232712737453099,40,LYL1
2775,Healthy,0.8280093667199492,0.08862883277815417,40,LYL1
2800,Healthy,0.7736468107872666,0.08387637942678297,40,LYL1
2825,Healthy,0.7592751009287851,0.07590837196166575,40,LYL1
2850,Healthy,0.7761013745029005,0.06789595703453523,40,LYL1
2875,Healthy,0.7330315808669896,0.06973027551036344,40,LYL1
2900,Healthy,0.741643584926934,0.078367357950307,40,LYL1
2925,Healthy,0.8219789115395623,0.0874308517205453,40,LYL1
2950,Healthy,0.9011887598185211,0.0880327533560246,40,LYL1
2975,Healthy,0.9738592943487486,0.09124910238873785,40,LYL1
3000,Healthy,-43.07162579472614,0.17947550924683756,40,LYL1
-3000,Squamous,0.4971762190944623,0.3944237100052967,7,LYL1
-2975,Squamous,0.46882377139775944,0.31219864790371754,7,LYL1
-2950,Squamous,0.528427761020167,0.25668081400703735,7,LYL1
-2925,Squamous,0.4636847812056181,0.21270443879984122,7,LYL1
-2900,Squamous,0.21624536299456568,0.2034364305005202,7,LYL1
-2875,Squamous,0.2935934622556994,0.18824282236058867,7,LYL1
-2850,Squamous,0.44363949791255936,0.14079766765515314,7,LYL1
-2825,Squamous,0.4839311961613772,0.10254869679557513,7,LYL1
-2800,Squamous,0.322312727080284,0.12183982061813976,7,LYL1
-2775,Squamous,0.29890004418933624,0.13464195411190644,7,LYL1
-2750,Squamous,0.37860420599524935,0.17644632350475628,7,LYL1
-2725,Squamous,0.4077382058924274,0.1934925777765484,7,LYL1
-2700,Squamous,0.3766972718069355,0.20391545738952455,7,LYL1
-2675,Squamous,0.4366304058016332,0.23696098438631244,7,LYL1
-2650,Squamous,0.3605473061011989,0.2460857837723319,7,LYL1
-2625,Squamous,0.38782486132412813,0.288859256365153,7,LYL1
-2600,Squamous,0.5221732846115641,0.28938147567024475,7,LYL1
-2575,Squamous,0.5072304382804603,0.2781425352645898,7,LYL1
-2550,Squamous,0.5392445429168395,0.2851661473447728,7,LYL1
-2525,Squamous,0.4416063605652204,0.27755187432945727,7,LYL1
-2500,Squamous,0.46273726791480313,0.2870053014729969,7,LYL1
-2475,Squamous,0.4647759773695343,0.29062900431523064,7,LYL1
-2450,Squamous,0.5276345671313907,0.25765390932890214,7,LYL1
-2425,Squamous,0.5049043237003846,0.2474978287901093,7,LYL1
-2400,Squamous,0.4248498573254473,0.22892716192393958,7,LYL1
-2375,Squamous,0.48537617516839743,0.1880327749059284,7,LYL1
-2350,Squamous,0.5102695378101886,0.20583896632890922,7,LYL1
-2325,Squamous,0.5050554398016727,0.2165900929229088,7,LYL1
-2300,Squamous,0.5500073481300123,0.21423948540566434,7,LYL1
-2275,Squamous,0.5914986346030641,0.21421346610184525,7,LYL1
-2250,Squamous,0.5819065036703187,0.1934161772757215,7,LYL1
-2225,Squamous,0.5410624357957502,0.187160166941019,7,LYL1
-2200,Squamous,0.6106949362836948,0.21817005542619816,7,LYL1
-2175,Squamous,0.527693861124822,0.22294090269874922,7,LYL1
-2150,Squamous,0.6577456494348195,0.23238608456732396,7,LYL1
-2125,Squamous,0.5983487243651133,0.25175185972421416,7,LYL1
-2100,Squamous,0.4753001114722791,0.22095365409435191,7,LYL1
-2075,Squamous,0.2633998143510874,0.25749315581791954,7,LYL1
-2050,Squamous,0.1787989677558354,0.25869856131244173,7,LYL1
-2025,Squamous,0.18203580663981378,0.21951895697895799,7,LYL1
-2000,Squamous,0.11914611776372554,0.25101500240858093,7,LYL1
-1975,Squamous,-0.018552789744870662,0.2694370470116677,7,LYL1
-1950,Squamous,-0.0083709127065143,0.2519144687671781,7,LYL1
-1925,Squamous,0.002785578634720509,0.31212925228787236,7,LYL1
-1900,Squamous,0.0990080902311102,0.29776972456260853,7,LYL1
-1875,Squamous,0.08086883984620519,0.2591058439845703,7,LYL1
-1850,Squamous,0.17681087207429372,0.23034887514431146,7,LYL1
-1825,Squamous,0.1740647942299413,0.19635610269879253,7,LYL1
-1800,Squamous,0.3358760568730126,0.19269876336218875,7,LYL1
-1775,Squamous,0.3942261566683208,0.17815202208107817,7,LYL1
-1750,Squamous,0.35947251208954495,0.13683022125887784,7,LYL1
-1725,Squamous,0.2571595626227242,0.09464896481620784,7,LYL1
-1700,Squamous,0.3947821043275338,0.10497383213482578,7,LYL1
-1675,Squamous,0.46118262146323963,0.09132796282553375,7,LYL1
-1650,Squamous,0.4768859951067,0.10547888547952607,7,LYL1
-1625,Squamous,0.49427058032101584,0.12425125993565028,7,LYL1
-1600,Squamous,0.4890836271704725,0.15183846896263417,7,LYL1
-1575,Squamous,0.44764989575051145,0.1251342098144332,7,LYL1
-1550,Squamous,0.30436302372865237,0.11818037341883106,7,LYL1
-1525,Squamous,0.25044664706014735,0.10623451967893306,7,LYL1
-1500,Squamous,0.35975425093487035,0.09725937540725745,7,LYL1
-1475,Squamous,0.42426786343259987,0.10892514014617216,7,LYL1
-1450,Squamous,0.39860458882812805,0.1340315222014468,7,LYL1
-1425,Squamous,0.4157697714766125,0.15143459285083763,7,LYL1
-1400,Squamous,0.4427761116516603,0.15559037020407196,7,LYL1
-1375,Squamous,0.3601350066372438,0.18509270252623225,7,LYL1
-1350,Squamous,0.24916599960228256,0.2273602582507773,7,LYL1
-1325,Squamous,0.01284969232225473,0.25656357913164224,7,LYL1
-1300,Squamous,-0.05286766815441062,0.22438743046119644,7,LYL1
-1275,Squamous,-0.14486650583517138,0.2447261106019208,7,LYL1
-1250,Squamous,-0.10887154201668316,0.2460257962812319,7,LYL1
-1225,Squamous,-0.10404104215275183,0.20215058918969703,7,LYL1
-1200,Squamous,-0.14447733005396252,0.1559814861459346,7,LYL1
-1175,Squamous,-0.1450093601916162,0.1322105693208916,7,LYL1
-1150,Squamous,-0.2805332697792406,0.14515289882133528,7,LYL1
-1125,Squamous,-0.2263014572218811,0.15187092424868692,7,LYL1
-1100,Squamous,-0.23725655074567167,0.11073077429602893,7,LYL1
-1075,Squamous,-0.2803088616408962,0.11844316530471913,7,LYL1
-1050,Squamous,-0.30660575478934937,0.14064983389326885,7,LYL1
-1025,Squamous,-0.42420555672200966,0.15503282218350337,7,LYL1
-1000,Squamous,-0.4402188061021853,0.13321658158333205,7,LYL1
-975,Squamous,-0.5108702271370347,0.17301864363669367,7,LYL1
-950,Squamous,-0.5216300442776349,0.19500714187680118,7,LYL1
-925,Squamous,-0.372768694113492,0.18956112896126331,7,LYL1
-900,Squamous,-0.1079904852640997,0.16220851175585713,7,LYL1
-875,Squamous,-0.15149365303041235,0.120169749516767,7,LYL1
-850,Squamous,-0.21353036332021036,0.11091155008525302,7,LYL1
-825,Squamous,-0.507895942663151,0.20488543819080768,7,LYL1
-800,Squamous,-0.7142175104473638,0.24180940247243124,7,LYL1
-775,Squamous,-0.834226411600686,0.2531227202366535,7,LYL1
-750,Squamous,-0.8557391057685187,0.2295230841129347,7,LYL1
-725,Squamous,-0.7634305925790666,0.24848760376714354,7,LYL1
-700,Squamous,-0.6713106697999721,0.24479093901642057,7,LYL1
-675,Squamous,-0.488725756247807,0.22199745211994204,7,LYL1
-650,Squamous,-0.45948776720384166,0.15935574925657062,7,LYL1
-625,Squamous,-0.5940564813303557,0.1703062326359951,7,LYL1
-600,Squamous,-0.6818378935594932,0.20190832671736128,7,LYL1
-575,Squamous,-0.5781974034673345,0.21558730639161072,7,LYL1
-550,Squamous,-0.39422637118954323,0.19671635566922627,7,LYL1
-525,Squamous,-0.3127251407327641,0.23088249667178637,7,LYL1
-500,Squamous,-0.2962577402423057,0.27170436149828725,7,LYL1
-475,Squamous,-0.20974972544345766,0.28082335911001144,7,LYL1
-450,Squamous,-0.3474214284896762,0.29661486388861164,7,LYL1
-425,Squamous,-0.44192246499537463,0.3115249362515755,7,LYL1
-400,Squamous,-0.3309896834883269,0.2877928880173319,7,LYL1
-375,Squamous,-0.13893023637470683,0.27349912523412523,7,LYL1
-350,Squamous,0.28921337680085585,0.2234948592180493,7,LYL1
-325,Squamous,0.6941150932147799,0.2861493875201121,7,LYL1
-300,Squamous,0.8837535472501469,0.32883631305818395,7,LYL1
-275,Squamous,0.9023785563962103,0.3353959430886084,7,LYL1
-250,Squamous,0.9420346924331313,0.33654326831318376,7,LYL1
-225,Squamous,1.0276729234226518,0.3681322539841889,7,LYL1
-200,Squamous,1.3000365904553322,0.40721993522733757,7,LYL1
-175,Squamous,1.4945530835258058,0.3747384172187757,7,LYL1
-150,Squamous,1.606579849408356,0.3633846943509661,7,LYL1
-125,Squamous,1.4079351264125408,0.41156425730381124,7,LYL1
-100,Squamous,0.8154152466844777,0.4559570848808924,7,LYL1
-75,Squamous,-0.08821075046527095,0.5531661760889175,7,LYL1
-50,Squamous,-0.9083717766905844,0.6401654233396256,7,LYL1
-25,Squamous,-1.3736481067776984,0.6957877537439069,7,LYL1
0,Squamous,-1.4024301968055328,0.7072193805303983,7,LYL1
25,Squamous,-0.9318715582504365,0.6065393545802502,7,LYL1
50,Squamous,-0.24831409814000655,0.5166982833629599,7,LYL1
75,Squamous,0.6609612456848276,0.4601183772420823,7,LYL1
100,Squamous,1.263826118804503,0.37951730219728136,7,LYL1
125,Squamous,1.4524641672874785,0.3368053584966145,7,LYL1
150,Squamous,1.330857171002814,0.3093070111890383,7,LYL1
175,Squamous,1.0699710298914284,0.29735028507888,7,LYL1
200,Squamous,0.6486313676876213,0.29598555511558355,7,LYL1
225,Squamous,0.44043409353439045,0.27139854366477734,7,LYL1
250,Squamous,0.19714248791736916,0.24319968547568604,7,LYL1
275,Squamous,0.2499633672144393,0.2268539634536029,7,LYL1
300,Squamous,0.08896046813914436,0.23675787098028744,7,LYL1
325,Squamous,-0.13656536444967868,0.26893749038787956,7,LYL1
350,Squamous,-0.45511254492027836,0.2835357278377886,7,LYL1
375,Squamous,-0.668468377704163,0.34073601299513107,7,LYL1
400,Squamous,-0.7010681624411432,0.30840742116936987,7,LYL1
425,Squamous,-0.39899623220423286,0.29772411876020505,7,LYL1
450,Squamous,-0.22413919153661413,0.30550074762913965,7,LYL1
475,Squamous,-0.08188352521118254,0.27326245107042335,7,LYL1
500,Squamous,-0.26219264377578,0.2723318848547855,7,LYL1
525,Squamous,-0.42088346030458845,0.26273563816153656,7,LYL1
550,Squamous,-0.5465212550268562,0.24240667912150346,7,LYL1
575,Squamous,-0.5622515412389008,0.22495420660501342,7,LYL1
600,Squamous,-0.5320402270665536,0.20070701042838643,7,LYL1
625,Squamous,-0.38192728230546974,0.2010225265025949,7,LYL1
650,Squamous,-0.27790816013111685,0.18792534825195262,7,LYL1
675,Squamous,-0.2838831306100618,0.18027670365952966,7,LYL1
700,Squamous,-0.34481522429330497,0.1538818682091367,7,LYL1
725,Squamous,-0.43222239700349496,0.14484287990286582,7,LYL1
750,Squamous,-0.43288184477807917,0.12939367133803995,7,LYL1
775,Squamous,-0.261913583410532,0.13550714514388218,7,LYL1
800,Squamous,-0.008605910883750869,0.1529914511770844,7,LYL1
825,Squamous,0.07765747576763349,0.17992772336104973,7,LYL1
850,Squamous,0.1284534688352858,0.1567781325782664,7,LYL1
875,Squamous,0.027953716851417256,0.1318258934050016,7,LYL1
900,Squamous,-0.10588475345060332,0.1421877379306303,7,LYL1
925,Squamous,-0.2400008385563238,0.12354061754324022,7,LYL1
950,Squamous,-0.29546422700149466,0.10307625924815372,7,LYL1
975,Squamous,-0.03806765385182687,0.10904819925861405,7,LYL1
1000,Squamous,0.06155151666027733,0.12596291752813485,7,LYL1
1025,Squamous,0.0010317478329177963,0.09531448205076816,7,LYL1
1050,Squamous,0.05204681978453822,0.10091489173862875,7,LYL1
1075,Squamous,-0.002673164626862556,0.12281383971869275,7,LYL1
1100,Squamous,0.01220162568480211,0.11196515278762104,7,LYL1
1125,Squamous,0.11032846776947154,0.10411009903910201,7,LYL1
1150,Squamous,0.05828157467668404,0.1300398443570024,7,LYL1
1175,Squamous,0.14672355022247519,0.12649348095913152,7,LYL1
1200,Squamous,0.16479571611977933,0.1406787402372124,7,LYL1
1225,Squamous,0.13229664413681141,0.194654445019538,7,LYL1
1250,Squamous,-0.037706562666804964,0.17035999776456628,7,LYL1
1275,Squamous,-0.16817517351016772,0.17107808849775333,7,LYL1
1300,Squamous,-0.13368786823521944,0.11990490559740921,7,LYL1
1325,Squamous,-0.05373176951446858,0.1318597102897548,7,LYL1
1350,Squamous,0.09708035871192104,0.1737001273371539,7,LYL1
1375,Squamous,0.1809493075560766,0.10860844005671302,7,LYL1
1400,Squamous,0.1812817628315322,0.11403314721050212,7,LYL1
1425,Squamous,0.27480476821566663,0.1309388821594644,7,LYL1
1450,Squamous,0.24212990774566479,0.08562415674738832,7,LYL1
1475,Squamous,0.10621113265637065,0.12204828072848745,7,LYL1
1500,Squamous,0.08374791160397861,0.13086610816892097,7,LYL1
1525,Squamous,0.09349982638592029,0.15934343308004958,7,LYL1
1550,Squamous,0.179992201070718,0.12438193818174736,7,LYL1
1575,Squamous,0.18535937632646238,0.11356390554177559,7,LYL1
1600,Squamous,0.038251430206660164,0.10530743240271623,7,LYL1
1625,Squamous,0.06423251713927103,0.14537920487410522,7,LYL1
1650,Squamous,0.09679118402279807,0.18281993737722418,7,LYL1
1675,Squamous,0.25865723123114187,0.20250403334981837,7,LYL1
1700,Squamous,0.40447742775166173,0.20587705641472812,7,LYL1
1725,Squamous,0.3007245308788272,0.2115441954616569,7,LYL1
1750,Squamous,0.39684002403038343,0.19801605881139306,7,LYL1
1775,Squamous,0.39188853630457476,0.188193975312217,7,LYL1
1800,Squamous,0.4161683691447144,0.17627112498633218,7,LYL1
1825,Squamous,0.24933598183463163,0.18930788477955832,7,LYL1
1850,Squamous,0.23570306047370426,0.14897976704732474,7,LYL1
1875,Squamous,0.14237943967795663,0.1480618725268301,7,LYL1
1900,Squamous,0.144134366024302,0.2040757489998954,7,LYL1
1925,Squamous,0.08877229744438696,0.2015648880733198,7,LYL1
1950,Squamous,0.027644863716094585,0.1692139502242965,7,LYL1
1975,Squamous,0.09854683942757199,0.18388248819536795,7,LYL1
2000,Squamous,0.16764432372015875,0.21672313732628862,7,LYL1
2025,Squamous,0.19415474691754156,0.2073154114333362,7,LYL1
2050,Squamous,0.20934923303926195,0.1913038255903064,7,LYL1
2075,Squamous,0.2713776461030704,0.2219725726013614,7,LYL1
2100,Squamous,0.3422400647413819,0.2632901703891932,7,LYL1
2125,Squamous,0.25419325294615136,0.3002196703535057,7,LYL1
2150,Squamous,0.3135567182481507,0.27942570739659145,7,LYL1
2175,Squamous,0.4059614190810352,0.30133089057398715,7,LYL1
2200,Squamous,0.42414301769801865,0.28836006406291315,7,LYL1
2225,Squamous,0.5965375806937148,0.21101071060556825,7,LYL1
2250,Squamous,0.6382196077262721,0.13996626213159924,7,LYL1
2275,Squamous,0.6579827766566034,0.07937686557857777,7,LYL1
2300,Squamous,0.7228681401509698,0.07846190750018076,7,LYL1
2325,Squamous,0.6674633325116685,0.10415344808057077,7,LYL1
2350,Squamous,0.5812407009637675,0.14496104753271158,7,LYL1
2375,Squamous,0.6162160565925574,0.19717464089203138,7,LYL1
2400,Squamous,0.6622036644984965,0.2086713315188779,7,LYL1
2425,Squamous,0.6803942532992194,0.25399303127600287,7,LYL1
2450,Squamous,0.6397677540996345,0.26045095708792126,7,LYL1
2475,Squamous,0.7414195981762054,0.23350031953698125,7,LYL1
2500,Squamous,0.779388929975716,0.23584007030062687,7,LYL1
2525,Squamous,0.6330538303367231,0.19110185114539346,7,LYL1
2550,Squamous,0.5790022969214855,0.1585796911995426,7,LYL1
2575,Squamous,0.5290587528842288,0.13588408720744666,7,LYL1
2600,Squamous,0.4038458050223574,0.10881043644129859,7,LYL1
2625,Squamous,0.37118892662297626,0.14332240910663582,7,LYL1
2650,Squamous,0.39818195913206295,0.16852655906092084,7,LYL1
2675,Squamous,0.4813925746491048,0.18270484641933296,7,LYL1
2700,Squamous,0.5083863094866559,0.21614744610274664,7,LYL1
2725,Squamous,0.4472752775784562,0.1862198674359263,7,LYL1
2750,Squamous,0.6899642897174519,0.22574589284005284,7,LYL1
2775,Squamous,0.7972275428902175,0.27416628990371394,7,LYL1
2800,Squamous,0.7074034606146307,0.27422143705708113,7,LYL1
2825,Squamous,0.6850582718135769,0.24244621241722947,7,LYL1
2850,Squamous,0.7006491073163688,0.20987709700636853,7,LYL1
2875,Squamous,0.5796913815444308,0.1969605613357027,7,LYL1
2900,Squamous,0.5557785965602136,0.1935461772270371,7,LYL1
2925,Squamous,0.5099107205584743,0.17884222579922074,7,LYL1
2950,Squamous,0.37858545955477274,0.15539884728163345,7,LYL1
2975,Squamous,0.33170257436712103,0.1968673562900035,7,LYL1
3000,Squamous,-43.709402784174166,0.7336269144410693,7,LYL1
-3000,Adenocarcinoma,0.7652358209722294,0.18595554929697902,9,GRHL2
-2975,Adenocarcinoma,0.5923054720212197,0.19982637418977656,9,GRHL2
-2950,Adenocarcinoma,0.45803892401020163,0.19523047618940612,9,GRHL2
-2925,Adenocarcinoma,0.396184479489607,0.19748506539755895,9,GRHL2
-2900,Adenocarcinoma,0.41924926542952984,0.21454346873031974,9,GRHL2
-2875,Adenocarcinoma,0.5552642027944298,0.17763079015467811,9,GRHL2
-2850,Adenocarcinoma,0.6937025840276263,0.14610286687036178,9,GRHL2
-2825,Adenocarcinoma,0.8317483153178783,0.15755864045675938,9,GRHL2
-2800,Adenocarcinoma,0.9952993518203348,0.1816325839469489,9,GRHL2
-2775,Adenocarcinoma,1.0334981189857295,0.1550607361912789,9,GRHL2
-2750,Adenocarcinoma,1.0473833269795496,0.1406934540775328,9,GRHL2
-2725,Adenocarcinoma,1.0532132455013252,0.16686547715092828,9,GRHL2
-2700,Adenocarcinoma,1.1561954420902623,0.1661980901793746,9,GRHL2
-2675,Adenocarcinoma,1.1588441498287814,0.12283167823032452,9,GRHL2
-2650,Adenocarcinoma,1.0404940297313832,0.09551455080409123,9,GRHL2
-2625,Adenocarcinoma,0.9898636277266215,0.10283578717735355,9,GRHL2
-2600,Adenocarcinoma,0.9842451843738307,0.12319248785129593,9,GRHL2
-2575,Adenocarcinoma,1.0114661751430538,0.1389688456023542,9,GRHL2
-2550,Adenocarcinoma,0.9811038701018246,0.0992011224269889,9,GRHL2
-2525,Adenocarcinoma,0.9427831140176413,0.1078762502095878,9,GRHL2
-2500,Adenocarcinoma,1.0172539045945093,0.12554407578104462,9,GRHL2
-2475,Adenocarcinoma,1.0215855915837297,0.10174610350348677,9,GRHL2
-2450,Adenocarcinoma,0.9590250036220727,0.08716144875230125,9,GRHL2
-2425,Adenocarcinoma,0.9508206877204765,0.09069648374742466,9,GRHL2
-2400,Adenocarcinoma,0.9916981064536627,0.08778509134021228,9,GRHL2
-2375,Adenocarcinoma,1.004827981206551,0.10671975592603448,9,GRHL2
-2350,Adenocarcinoma,1.074458075748487,0.13818385783432802,9,GRHL2
-2325,Adenocarcinoma,1.037644607661623,0.15294873240769752,9,GRHL2
-2300,Adenocarcinoma,1.080301432354266,0.173061173214715,9,GRHL2
-2275,Adenocarcinoma,1.1136287165025431,0.20368613571225014,9,GRHL2
-2250,Adenocarcinoma,1.0552841718228805,0.20757535054197784,9,GRHL2
-2225,Adenocarcinoma,0.9906914388877504,0.20906924670608798,9,GRHL2
-2200,Adenocarcinoma,0.9116160038837227,0.1881077455264778,9,GRHL2
-2175,Adenocarcinoma,0.7330363992374106,0.18144730869585482,9,GRHL2
-2150,Adenocarcinoma,0.5209348246156735,0.1537907690095414,9,GRHL2
-2125,Adenocarcinoma,0.47942491146873667,0.13093719685867683,9,GRHL2
-2100,Adenocarcinoma,0.6030499011892956,0.13575042029672704,9,GRHL2
-2075,Adenocarcinoma,0.6841381328379779,0.1726966046284729,9,GRHL2
-2050,Adenocarcinoma,0.7300832889948867,0.185089499694763,9,GRHL2
-2025,Adenocarcinoma,0.7870103364268947,0.16612956836746023,9,GRHL2
-2000,Adenocarcinoma,0.8210297711019041,0.16808476606872816,9,GRHL2
-1975,Adenocarcinoma,0.720490167341454,0.16140892451556246,9,GRHL2
-1950,Adenocarcinoma,0.6869886510367067,0.13244761478433192,9,GRHL2
-1925,Adenocarcinoma,0.6863943283071228,0.16416005118511703,9,GRHL2
-1900,Adenocarcinoma,0.598917272935603,0.13213488574222126,9,GRHL2
-1875,Adenocarcinoma,0.5592263923675828,0.17528698676121857,9,GRHL2
-1850,Adenocarcinoma,0.5789272237085531,0.1760771846739934,9,GRHL2
-1825,Adenocarcinoma,0.3701152308251781,0.1375059115633839,9,GRHL2
-1800,Adenocarcinoma,0.4205923274455035,0.10003704340291432,9,GRHL2
-1775,Adenocarcinoma,0.40217190349031184,0.07776516581248975,9,GRHL2
-1750,Adenocarcinoma,0.49324966014746974,0.12915351472255582,9,GRHL2
-1725,Adenocarcinoma,0.5001682795399072,0.12402636330165172,9,GRHL2
-1700,Adenocarcinoma,0.4275981728831431,0.1417512402542259,9,GRHL2
-1675,Adenocarcinoma,0.44824734218657647,0.13642395609166433,9,GRHL2
-1650,Adenocarcinoma,0.5342750370936887,0.10323771987039747,9,GRHL2
-1625,Adenocarcinoma,0.5940369961611095,0.10163797503460935,9,GRHL2
-1600,Adenocarcinoma,0.5736420153507001,0.12436910527405842,9,GRHL2
-1575,Adenocarcinoma,0.5132356511795932,0.1280748398372071,9,GRHL2
-1550,Adenocarcinoma,0.5358269349083801,0.15520625937384822,9,GRHL2
-1525,Adenocarcinoma,0.6435878613978342,0.17438929402581696,9,GRHL2
-1500,Adenocarcinoma,0.6052491098168734,0.21007380152294855,9,GRHL2
-1475,Adenocarcinoma,0.6006093766267325,0.20749246671739097,9,GRHL2
-1450,Adenocarcinoma,0.5751804014201455,0.22062837901904733,9,GRHL2
-1425,Adenocarcinoma,0.48459230099326017,0.19352749027624472,9,GRHL2
-1400,Adenocarcinoma,0.4116823566678992,0.15213970864581775,9,GRHL2
-1375,Adenocarcinoma,0.44883749883217733,0.10873424286740326,9,GRHL2
-1350,Adenocarcinoma,0.34771312188933845,0.12720898230275238,9,GRHL2
-1325,Adenocarcinoma,0.2713392729974826,0.09526178893866781,9,GRHL2
-1300,Adenocarcinoma,0.16304005442932257,0.0995657399190676,9,GRHL2
-1275,Adenocarcinoma,0.02986262918488577,0.09954443558669378,9,GRHL2
-1250,Adenocarcinoma,-0.1794088527598386,0.05455170958472038,9,GRHL2
-1225,Adenocarcinoma,-0.28685686711096076,0.06406393067869044,9,GRHL2
-1200,Adenocarcinoma,-0.40445840174760456,0.09275297646868756,9,GRHL2
-1175,Adenocarcinoma,-0.46295306544920867,0.10614799329114728,9,GRHL2
-1150,Adenocarcinoma,-0.5816929203333181,0.17427636074056688,9,GRHL2
-1125,Adenocarcinoma,-0.5528065007931502,0.17125668928608484,9,GRHL2
-1100,Adenocarcinoma,-0.4139705265392725,0.1597743635103934,9,GRHL2
-1075,Adenocarcinoma,-0.3356931321397707,0.14555990782748338,9,GRHL2
-1050,Adenocarcinoma,-0.3093706381023209,0.17125313491077074,9,GRHL2
-1025,Adenocarcinoma,-0.2812690066342322,0.1600090180885578,9,GRHL2
-1000,Adenocarcinoma,-0.2966715238257398,0.16425850110644485,9,GRHL2
-975,Adenocarcinoma,-0.30876230294155954,0.1696958818659848,9,GRHL2
-950,Adenocarcinoma,-0.3569610423502263,0.13719101816317378,9,GRHL2
-925,Adenocarcinoma,-0.39070302942732876,0.14758270268785587,9,GRHL2
-900,Adenocarcinoma,-0.4158373075345001,0.1444510895243631,9,GRHL2
-875,Adenocarcinoma,-0.4503180784254645,0.13199806279410028,9,GRHL2
-850,Adenocarcinoma,-0.5432498021501116,0.12887373502939736,9,GRHL2
-825,Adenocarcinoma,-0.6010529706308861,0.12497921296330126,9,GRHL2
-800,Adenocarcinoma,-0.6142769669886802,0.12196452422018873,9,GRHL2
-775,Adenocarcinoma,-0.4913969054769544,0.10237032385693466,9,GRHL2
-750,Adenocarcinoma,-0.48919364341046034,0.13481158611471594,9,GRHL2
-725,Adenocarcinoma,-0.40474647761612353,0.15291068644578978,9,GRHL2
-700,Adenocarcinoma,-0.4397157261032606,0.15105748925060117,9,GRHL2
-675,Adenocarcinoma,-0.5260111517992944,0.1974195145272756,9,GRHL2
-650,Adenocarcinoma,-0.7123270589082594,0.22690736623401575,9,GRHL2
-625,Adenocarcinoma,-0.8217547953274352,0.21418458277514763,9,GRHL2
-600,Adenocarcinoma,-0.839586406965631,0.2157515109132173,9,GRHL2
-575,Adenocarcinoma,-0.7746314086754245,0.21740632261220705,9,GRHL2
-550,Adenocarcinoma,-0.8492960109743652,0.1775899197909259,9,GRHL2
-525,Adenocarcinoma,-0.9322231904626151,0.1371734056243216,9,GRHL2
-500,Adenocarcinoma,-0.8293548395777997,0.10764573569152014,9,GRHL2
-475,Adenocarcinoma,-0.8051111052290987,0.12522465811333308,9,GRHL2
-450,Adenocarcinoma,-0.9302544913849601,0.10622801964445089,9,GRHL2
-425,Adenocarcinoma,-1.1173218144846793,0.14313347529673043,9,GRHL2
-400,Adenocarcinoma,-1.1260082524234831,0.15112982926598628,9,GRHL2
-375,Adenocarcinoma,-0.9678844233494451,0.16271194198460714,9,GRHL2
-350,Adenocarcinoma,-0.7604290546922581,0.16880135532792975,9,GRHL2
-325,Adenocarcinoma,-0.6899850714671457,0.18614040998196865,9,GRHL2
-300,Adenocarcinoma,-0.7048511145866729,0.2012581464384514,9,GRHL2
-275,Adenocarcinoma,-0.7637683517911907,0.2129715500923288,9,GRHL2
-250,Adenocarcinoma,-0.8140799823435202,0.2572557909521473,9,GRHL2
-225,Adenocarcinoma,-0.6779482885458151,0.25587124565021896,9,GRHL2
-200,Adenocarcinoma,-0.5302792154850879,0.25054971770941825,9,GRHL2
-175,Adenocarcinoma,-0.1723838464279095,0.27801399397526566,9,GRHL2
-150,Adenocarcinoma,0.09426370580457587,0.26773929426434584,9,GRHL2
-125,Adenocarcinoma,0.06686974162294755,0.2974073187084127,9,GRHL2
-100,Adenocarcinoma,-0.15303971576546863,0.36139666815085286,9,GRHL2
-75,Adenocarcinoma,-0.5119828053472675,0.42934303942316226,9,GRHL2
-50,Adenocarcinoma,-0.7807892850514443,0.48285597885445103,9,GRHL2
-25,Adenocarcinoma,-1.1235662580192707,0.5049781261981875,9,GRHL2
0,Adenocarcinoma,-1.0872183610242991,0.5265187210166973,9,GRHL2
25,Adenocarcinoma,-0.785290534657289,0.4666221251538973,9,GRHL2
50,Adenocarcinoma,-0.4686684644981218,0.386656308048211,9,GRHL2
75,Adenocarcinoma,-0.20883588333566236,0.29868066985911185,9,GRHL2
100,Adenocarcinoma,-0.014721736482678334,0.25391549522392515,9,GRHL2
125,Adenocarcinoma,-0.02437518861397887,0.2225266177034553,9,GRHL2
150,Adenocarcinoma,-0.16095651026959096,0.17577873327277158,9,GRHL2
175,Adenocarcinoma,-0.47789095145687543,0.13777047289861094,9,GRHL2
200,Adenocarcinoma,-0.6843649427818382,0.147662243690203,9,GRHL2
225,Adenocarcinoma,-0.6430233579646784,0.18851567577946973,9,GRHL2
250,Adenocarcinoma,-0.6091462158643071,0.2014173868337943,9,GRHL2
275,Adenocarcinoma,-0.5139064272761318,0.19593178287193572,9,GRHL2
300,Adenocarcinoma,-0.4710867463037567,0.19831977479931398,9,GRHL2
325,Adenocarcinoma,-0.6362283919292084,0.17806120938802486,9,GRHL2
350,Adenocarcinoma,-0.8111302737775752,0.1778807354263001,9,GRHL2
375,Adenocarcinoma,-0.8946932502020725,0.17147180231755152,9,GRHL2
400,Adenocarcinoma,-0.7663142743565148,0.1599077552471682,9,GRHL2
425,Adenocarcinoma,-0.7628120501523429,0.15885653193631158,9,GRHL2
450,Adenocarcinoma,-0.7214438374641796,0.13694081574055533,9,GRHL2
475,Adenocarcinoma,-0.6636623324106341,0.12191800819426245,9,GRHL2
500,Adenocarcinoma,-0.6514339856001297,0.10504638028456594,9,GRHL2
525,Adenocarcinoma,-0.7011941501804116,0.11767209576896102,9,GRHL2
550,Adenocarcinoma,-0.9795012976176738,0.13277909773970709,9,GRHL2
575,Adenocarcinoma,-1.1413003343612105,0.15918042926986228,9,GRHL2
600,Adenocarcinoma,-1.2315920555996658,0.1657434848319144,9,GRHL2
625,Adenocarcinoma,-1.2259153163266556,0.14901321342619386,9,GRHL2
650,Adenocarcinoma,-1.1029671737850348,0.11560531048482275,9,GRHL2
675,Adenocarcinoma,-1.110541817258283,0.120957708206082,9,GRHL2
700,Adenocarcinoma,-1.1652250126559913,0.12362670941326066,9,GRHL2
725,Adenocarcinoma,-1.1605568301572768,0.1425157911349163,9,GRHL2
750,Adenocarcinoma,-1.0552239173008573,0.16027486953962575,9,GRHL2
775,Adenocarcinoma,-0.9438225713471029,0.13701929143118086,9,GRHL2
800,Adenocarcinoma,-0.79823491340091,0.13353691381437532,9,GRHL2
825,Adenocarcinoma,-0.6721595125783494,0.14731362740963927,9,GRHL2
850,Adenocarcinoma,-0.5144298461522077,0.14476873793025402,9,GRHL2
875,Adenocarcinoma,-0.41184096856358143,0.1364606372180064,9,GRHL2
900,Adenocarcinoma,-0.39601347503298207,0.13283029307752597,9,GRHL2
925,Adenocarcinoma,-0.41500877873065106,0.16159777732168878,9,GRHL2
950,Adenocarcinoma,-0.40938348640271405,0.1914603190073477,9,GRHL2
975,Adenocarcinoma,-0.3796369634440483,0.21415537495223513,9,GRHL2
1000,Adenocarcinoma,-0.33713369637483515,0.2276211997234783,9,GRHL2
1025,Adenocarcinoma,-0.15860373763774094,0.2120046433222087,9,GRHL2
1050,Adenocarcinoma,0.048331094079523323,0.19969763851734632,9,GRHL2
1075,Adenocarcinoma,0.24677490849819436,0.17455347694965329,9,GRHL2
1100,Adenocarcinoma,0.36055393309216194,0.14808506588784398,9,GRHL2
1125,Adenocarcinoma,0.4174341506937533,0.15623190841463272,9,GRHL2
1150,Adenocarcinoma,0.4593180897750554,0.15519037126582008,9,GRHL2
1175,Adenocarcinoma,0.5348512134602912,0.12310185400460015,9,GRHL2
1200,Adenocarcinoma,0.5645992038347717,0.13559354194645645,9,GRHL2
1225,Adenocarcinoma,0.48077309226691844,0.1423122832086611,9,GRHL2
1250,Adenocarcinoma,0.4311538641557403,0.17571272963308218,9,GRHL2
1275,Adenocarcinoma,0.3801860233623274,0.18216510952556267,9,GRHL2
1300,Adenocarcinoma,0.30245890943190173,0.20434227737852903,9,GRHL2
1325,Adenocarcinoma,0.20764852207368842,0.19042102328045493,9,GRHL2
1350,Adenocarcinoma,0.26078994978649533,0.20015891327012217,9,GRHL2
1375,Adenocarcinoma,0.2961336389564954,0.15540056410736278,9,GRHL2
1400,Adenocarcinoma,0.3049389725008898,0.16561570504533124,9,GRHL2
1425,Adenocarcinoma,0.25808106327781594,0.18102341804042396,9,GRHL2
1450,Adenocarcinoma,0.17603056345660784,0.13462496135477275,9,GRHL2
1475,Adenocarcinoma,0.07257408594120766,0.11755838737921975,9,GRHL2
1500,Adenocarcinoma,0.057304310619117,0.11465089638990293,9,GRHL2
1525,Adenocarcinoma,0.17571663022483314,0.11175097092615265,9,GRHL2
1550,Adenocarcinoma,0.2551528865994274,0.11872759155506017,9,GRHL2
1575,Adenocarcinoma,0.3517409896489094,0.12964185921167828,9,GRHL2
1600,Adenocarcinoma,0.5004751144125483,0.14433938650255235,9,GRHL2
1625,Adenocarcinoma,0.7281926064880981,0.1495406492397028,9,GRHL2
1650,Adenocarcinoma,0.7445836824564405,0.16421755253976367,9,GRHL2
1675,Adenocarcinoma,0.6744655610868868,0.16435948341784415,9,GRHL2
1700,Adenocarcinoma,0.7445015845100525,0.1657334143555931,9,GRHL2
1725,Adenocarcinoma,0.7422442866534168,0.16758925108990527,9,GRHL2
1750,Adenocarcinoma,0.7418346236839212,0.1578654380968107,9,GRHL2
1775,Adenocarcinoma,0.7084585910308354,0.10702625876029355,9,GRHL2
1800,Adenocarcinoma,0.7275902322152947,0.121463655705835,9,GRHL2
1825,Adenocarcinoma,0.873509638505772,0.11253196208780634,9,GRHL2
1850,Adenocarcinoma,0.6898439999778383,0.11207816213461368,9,GRHL2
1875,Adenocarcinoma,0.6125648245043503,0.10563559941602672,9,GRHL2
1900,Adenocarcinoma,0.7720372633996204,0.09818759323404243,9,GRHL2
1925,Adenocarcinoma,0.8357016005276782,0.08084798417796944,9,GRHL2
1950,Adenocarcinoma,0.7497926288072365,0.11562906695942975,9,GRHL2
1975,Adenocarcinoma,0.7487335211991076,0.1008014656612811,9,GRHL2
2000,Adenocarcinoma,0.8039715022544316,0.09531573893514822,9,GRHL2
2025,Adenocarcinoma,0.8033633853513941,0.11614872575954786,9,GRHL2
2050,Adenocarcinoma,0.7743017874787723,0.11725066128748592,9,GRHL2
2075,Adenocarcinoma,0.7750995275356529,0.13001982117130398,9,GRHL2
2100,Adenocarcinoma,0.6991129601008168,0.11001695131508098,9,GRHL2
2125,Adenocarcinoma,0.622730478339312,0.12312066823512553,9,GRHL2
2150,Adenocarcinoma,0.5312895211832356,0.12665943666776602,9,GRHL2
2175,Adenocarcinoma,0.5707932702458108,0.14323151735846482,9,GRHL2
2200,Adenocarcinoma,0.5725343222119803,0.1493684230162077,9,GRHL2
2225,Adenocarcinoma,0.542896398733328,0.14058681376882104,9,GRHL2
2250,Adenocarcinoma,0.6460895738806297,0.14926122903031147,9,GRHL2
2275,Adenocarcinoma,0.6137069739407383,0.09802748908635452,9,GRHL2
2300,Adenocarcinoma,0.5724054210464116,0.09832017824550694,9,GRHL2
2325,Adenocarcinoma,0.521759661308648,0.10128988725762907,9,GRHL2
2350,Adenocarcinoma,0.4466378037931255,0.09308147605056184,9,GRHL2
2375,Adenocarcinoma,0.45462583450029737,0.08918673363723063,9,GRHL2
2400,Adenocarcinoma,0.5666049314371043,0.1369137400201826,9,GRHL2
2425,Adenocarcinoma,0.7666896386290601,0.1704469611827799,9,GRHL2
2450,Adenocarcinoma,0.8738128955518262,0.25585865687228654,9,GRHL2
2475,Adenocarcinoma,0.8041354250060264,0.27110376291182925,9,GRHL2
2500,Adenocarcinoma,0.8614122337710431,0.2955023994281218,9,GRHL2
2525,Adenocarcinoma,0.8943646188897271,0.29113228235842925,9,GRHL2
2550,Adenocarcinoma,0.815573258495977,0.2552823320008451,9,GRHL2
2575,Adenocarcinoma,0.748990299893113,0.2322270117535552,9,GRHL2
2600,Adenocarcinoma,0.6857443585602345,0.17525518648564573,9,GRHL2
2625,Adenocarcinoma,0.8921666194940971,0.13920745419890554,9,GRHL2
2650,Adenocarcinoma,0.9964875153718052,0.13034427068204346,9,GRHL2
2675,Adenocarcinoma,0.8668184295813989,0.13114911001280197,9,GRHL2
2700,Adenocarcinoma,0.7730506803739017,0.17699740872784245,9,GRHL2
2725,Adenocarcinoma,0.8946825474528041,0.20555906624318007,9,GRHL2
2750,Adenocarcinoma,0.9409511688357441,0.15763731189218172,9,GRHL2
2775,Adenocarcinoma,0.9127518669392602,0.11466278783970385,9,GRHL2
2800,Adenocarcinoma,0.7206207170692039,0.09459756100849676,9,GRHL2
2825,Adenocarcinoma,0.7670394849304456,0.06854403150742994,9,GRHL2
2850,Adenocarcinoma,0.8856685223986175,0.085043030245584,9,GRHL2
2875,Adenocarcinoma,0.8561219422539392,0.0909643525966773,9,GRHL2
2900,Adenocarcinoma,0.8204765990173717,0.14179658487192404,9,GRHL2
2925,Adenocarcinoma,0.8523276329607185,0.14989929152728412,9,GRHL2
2950,Adenocarcinoma,0.9159366949957735,0.16249264966755125,9,GRHL2
2975,Adenocarcinoma,0.9049515048160487,0.15205105060931073,9,GRHL2
3000,Adenocarcinoma,-41.372643671788616,0.6922765345026831,9,GRHL2
-3000,Healthy,0.30628369648902143,0.07291557516561668,40,GRHL2
-2975,Healthy,0.24784993244370215,0.06989365521325043,40,GRHL2
-2950,Healthy,0.223928011914312,0.06838032939339667,40,GRHL2
-2925,Healthy,0.24370069365843688,0.06447343760568885,40,GRHL2
-2900,Healthy,0.24177970223231154,0.06973689501217006,40,GRHL2
-2875,Healthy,0.38945536050987684,0.07381759406947712,40,GRHL2
-2850,Healthy,0.5157059759965444,0.07123465436362214,40,GRHL2
-2825,Healthy,0.5724738135008939,0.06391373891954542,40,GRHL2
-2800,Healthy,0.628129615567617,0.059812534171046455,40,GRHL2
-2775,Healthy,0.6599940056487984,0.0685866771788437,40,GRHL2
-2750,Healthy,0.6782796384612468,0.06904201216018371,40,GRHL2
-2725,Healthy,0.6500937316821762,0.07192621280371735,40,GRHL2
-2700,Healthy,0.6112452227946082,0.07657385818939126,40,GRHL2
-2675,Healthy,0.6449745260136946,0.08418808925778097,40,GRHL2
-2650,Healthy,0.6755131740282699,0.08550596082454769,40,GRHL2
-2625,Healthy,0.6252390149809371,0.08871931402192329,40,GRHL2
-2600,Healthy,0.5755116761083227,0.08566823185143023,40,GRHL2
-2575,Healthy,0.604062224041296,0.07544367615810826,40,GRHL2
-2550,Healthy,0.6417308302802331,0.07101112988230997,40,GRHL2
-2525,Healthy,0.5662867523679109,0.07262723097114247,40,GRHL2
-2500,Healthy,0.625526010474851,0.06214424105984507,40,GRHL2
-2475,Healthy,0.6165757252890514,0.06328618772092523,40,GRHL2
-2450,Healthy,0.6336168300434106,0.06120157042251267,40,GRHL2
-2425,Healthy,0.6757851906715877,0.06762334353456965,40,GRHL2
-2400,Healthy,0.6893092228048698,0.07734372565008645,40,GRHL2
-2375,Healthy,0.668184786392271,0.07852008237893793,40,GRHL2
-2350,Healthy,0.6644647421797274,0.07637905104399471,40,GRHL2
-2325,Healthy,0.6440738607806046,0.07290284455736472,40,GRHL2
-2300,Healthy,0.6529039354161476,0.06933128489414853,40,GRHL2
-2275,Healthy,0.6348791172411595,0.06821680367381178,40,GRHL2
-2250,Healthy,0.5720489365046914,0.06194324384569457,40,GRHL2
-2225,Healthy,0.5374693028810825,0.0583154326732663,40,GRHL2
-2200,Healthy,0.5590079340776635,0.05618885908494848,40,GRHL2
-2175,Healthy,0.5200762529905703,0.05554511428160741,40,GRHL2
-2150,Healthy,0.49380366563829103,0.05747395108209531,40,GRHL2
-2125,Healthy,0.4889914807242728,0.06021813530420025,40,GRHL2
-2100,Healthy,0.5716781390671172,0.058019063467736054,40,GRHL2
-2075,Healthy,0.6781839403128643,0.059813274591760175,40,GRHL2
-2050,Healthy,0.7420687500100561,0.07288556936428814,40,GRHL2
-2025,Healthy,0.7153523714142223,0.06968596963684721,40,GRHL2
-2000,Healthy,0.7531620499681658,0.07196300426136032,40,GRHL2
-1975,Healthy,0.6908334102700515,0.06965381845935462,40,GRHL2
-1950,Healthy,0.7317382459159542,0.06582968767635988,40,GRHL2
-1925,Healthy,0.7796393715289625,0.06282768396612724,40,GRHL2
-1900,Healthy,0.6949899797681764,0.05963609754751577,40,GRHL2
-1875,Healthy,0.673188479867663,0.05034515861598767,40,GRHL2
-1850,Healthy,0.6198262320223437,0.05846521698081354,40,GRHL2
-1825,Healthy,0.5412686762162172,0.05514631429703956,40,GRHL2
-1800,Healthy,0.4773125529073833,0.054987748901676944,40,GRHL2
-1775,Healthy,0.3475104910896683,0.060148274861911676,40,GRHL2
-1750,Healthy,0.30596139869950456,0.0602942180942729,40,GRHL2
-1725,Healthy,0.2343821388227205,0.0616617909571678,40,GRHL2
-1700,Healthy,0.13452788958316447,0.0645734016991417,40,GRHL2
-1675,Healthy,0.1175675354905016,0.0622964503507527,40,GRHL2
-1650,Healthy,0.09908355130626485,0.06159632049672021,40,GRHL2
-1625,Healthy,0.13304804058996392,0.06606900249407742,40,GRHL2
-1600,Healthy,0.25265949614020977,0.07500805270650275,40,GRHL2
-1575,Healthy,0.24149707590498223,0.07839559584964165,40,GRHL2
-1550,Healthy,0.3239363951285359,0.07662790928053821,40,GRHL2
-1525,Healthy,0.3913974483333852,0.07705632089949094,40,GRHL2
-1500,Healthy,0.4056128167118341,0.07444323054709044,40,GRHL2
-1475,Healthy,0.45550839777394647,0.07052326450924482,40,GRHL2
-1450,Healthy,0.4860315719443115,0.06664631516273553,40,GRHL2
-1425,Healthy,0.5037962149257781,0.07061740806336896,40,GRHL2
-1400,Healthy,0.48469956178896906,0.07531201673354489,40,GRHL2
-1375,Healthy,0.4152657364262759,0.07985045586928764,40,GRHL2
-1350,Healthy,0.36881547396201386,0.08142323702495888,40,GRHL2
-1325,Healthy,0.28209414736417093,0.0798529985360618,40,GRHL2
-1300,Healthy,0.1701435926578358,0.07793480910287165,40,GRHL2
-1275,Healthy,0.021050623566519863,0.07218732903661568,40,GRHL2
-1250,Healthy,-0.09727118700261564,0.07560131774509783,40,GRHL2
-1225,Healthy,-0.24150823671051602,0.07779905938518679,40,GRHL2
-1200,Healthy,-0.33101864220005145,0.07160479568120541,40,GRHL2
-1175,Healthy,-0.4735705779117514,0.06993086702086844,40,GRHL2
-1150,Healthy,-0.5384899441577135,0.06785646071724505,40,GRHL2
-1125,Healthy,-0.5743982085773676,0.0721032559658905,40,GRHL2
-1100,Healthy,-0.48738952733789986,0.06790537358983194,40,GRHL2
-1075,Healthy,-0.4092414883932944,0.06572861453699835,40,GRHL2
-1050,Healthy,-0.39577359079546304,0.06131090713892399,40,GRHL2
-1025,Healthy,-0.34431446376675534,0.06516738841679083,40,GRHL2
-1000,Healthy,-0.23130530274954153,0.05788554461684927,40,GRHL2
-975,Healthy,-0.16815349935741472,0.06200062257252809,40,GRHL2
-950,Healthy,-0.04994876278286804,0.06621139541149415,40,GRHL2
-925,Healthy,-0.020485358704271258,0.07473037063783917,40,GRHL2
-900,Healthy,-0.055719035413296876,0.0787972352970864,40,GRHL2
-875,Healthy,-0.027383571198999108,0.0827814105313633,40,GRHL2
-850,Healthy,-0.08824267693375715,0.08475126211075386,40,GRHL2
-825,Healthy,-0.1306490954046017,0.08350683892469062,40,GRHL2
-800,Healthy,-0.13935472558612416,0.08060842243008322,40,GRHL2
-775,Healthy,-0.11940375043606286,0.07606076713915284,40,GRHL2
-750,Healthy,-0.1984250603258237,0.07955588678522596,40,GRHL2
-725,Healthy,-0.2371025330817293,0.0831322083868613,40,GRHL2
-700,Healthy,-0.2865631465260567,0.08503564585209787,40,GRHL2
-675,Healthy,-0.3537092080235343,0.08654910626268805,40,GRHL2
-650,Healthy,-0.48721274393800984,0.08008926706884777,40,GRHL2
-625,Healthy,-0.5906935473927037,0.07737162084512439,40,GRHL2
-600,Healthy,-0.6471700614393251,0.07230987141958362,40,GRHL2
-575,Healthy,-0.6712561673687861,0.0634441634102955,40,GRHL2
-550,Healthy,-0.6884713732157918,0.06462233616690355,40,GRHL2
-525,Healthy,-0.7276325456655833,0.06316562812203265,40,GRHL2
-500,Healthy,-0.7335848968189466,0.059724191573075555,40,GRHL2
-475,Healthy,-0.674670069633389,0.05687536851112936,40,GRHL2
-450,Healthy,-0.6784027082736683,0.05890864470282375,40,GRHL2
-425,Healthy,-0.7828006938521159,0.06409501006513953,40,GRHL2
-400,Healthy,-0.7341319154724907,0.06632905942923711,40,GRHL2
-375,Healthy,-0.5799968644243026,0.06794205144493448,40,GRHL2
-350,Healthy,-0.4357712050303406,0.07174643228091634,40,GRHL2
-325,Healthy,-0.40075243061485044,0.0760433792645394,40,GRHL2
-300,Healthy,-0.3342512517283383,0.07322001479842985,40,GRHL2
-275,Healthy,-0.27489263469488834,0.07251246852124947,40,GRHL2
-250,Healthy,-0.20560759074374063,0.07041105416046335,40,GRHL2
-225,Healthy,-0.15636156667963724,0.07532056226974485,40,GRHL2
-200,Healthy,-0.025266906905725587,0.0716031838570358,40,GRHL2
-175,Healthy,0.3637785233114226,0.07218951626316582,40,GRHL2
-150,Healthy,0.7002098673810409,0.0690417760104489,40,GRHL2
-125,Healthy,0.8062342463699538,0.07005151235296796,40,GRHL2
-100,Healthy,0.8273826808483765,0.06773595749242041,40,GRHL2
-75,Healthy,0.7503522637146599,0.06654415130427485,40,GRHL2
-50,Healthy,0.7362594997315546,0.06841360971881379,40,GRHL2
-25,Healthy,0.6159777804239007,0.06866691862600696,40,GRHL2
0,Healthy,0.6989056356686729,0.06791164732047131,40,GRHL2
25,Healthy,0.9299251076413363,0.06384760407923655,40,GRHL2
50,Healthy,0.9858040175962937,0.06371494075423692,40,GRHL2
75,Healthy,1.0412234835154532,0.07062364544812165,40,GRHL2
100,Healthy,1.0454529889055064,0.07587914376926874,40,GRHL2
125,Healthy,0.8945702168933067,0.08399847761160247,40,GRHL2
150,Healthy,0.584332549176185,0.07634081249839533,40,GRHL2
175,Healthy,0.19107921451152152,0.06479807254702395,40,GRHL2
200,Healthy,-0.012797038498106,0.07390382172421266,40,GRHL2
225,Healthy,-0.034675730027904875,0.07047511954599327,40,GRHL2
250,Healthy,-0.08609462049945116,0.06771163006013517,40,GRHL2
275,Healthy,-0.11320227852276687,0.06998828608021271,40,GRHL2
300,Healthy,-0.2089887251206362,0.07707275428035204,40,GRHL2
325,Healthy,-0.334120447006928,0.07692377109320546,40,GRHL2
350,Healthy,-0.5595946986819041,0.07841693402410908,40,GRHL2
375,Healthy,-0.6939991255517718,0.07734005985280791,40,GRHL2
400,Healthy,-0.698778634643507,0.06872560996504556,40,GRHL2
425,Healthy,-0.7585626956748662,0.06426031213394127,40,GRHL2
450,Healthy,-0.7496465767165582,0.06773817514563878,40,GRHL2
475,Healthy,-0.7652830545616363,0.06633690816072021,40,GRHL2
500,Healthy,-0.7085419372794861,0.06815403120505602,40,GRHL2
525,Healthy,-0.7306969594823112,0.06269416800393522,40,GRHL2
550,Healthy,-0.8230557371709861,0.06761138256704112,40,GRHL2
575,Healthy,-0.8880469219069286,0.06820808261761335,40,GRHL2
600,Healthy,-0.890277629336451,0.07199670771610409,40,GRHL2
625,Healthy,-0.8107493398639648,0.07959894969748245,40,GRHL2
650,Healthy,-0.7667830638261894,0.07982344129481221,40,GRHL2
675,Healthy,-0.7217315550218009,0.07552513886512728,40,GRHL2
700,Healthy,-0.6756038951057187,0.0702405675416963,40,GRHL2
725,Healthy,-0.6162852443705855,0.07323741705012847,40,GRHL2
750,Healthy,-0.5518250909640512,0.07656766765229721,40,GRHL2
775,Healthy,-0.5150291550036471,0.07344148442620803,40,GRHL2
800,Healthy,-0.47095508876424513,0.07028651656552168,40,GRHL2
825,Healthy,-0.40184414730506884,0.06743984640394914,40,GRHL2
850,Healthy,-0.33805529571373305,0.06494847506747298,40,GRHL2
875,Healthy,-0.2647082842949361,0.06440315343918002,40,GRHL2
900,Healthy,-0.21990412504030435,0.07252653866540248,40,GRHL2
925,Healthy,-0.23260597280094936,0.07177168664975299,40,GRHL2
950,Healthy,-0.3030006204290234,0.07556348395524241,40,GRHL2
975,Healthy,-0.24311344151671554,0.08220303365699899,40,GRHL2
1000,Healthy,-0.18506364514434331,0.0841157071959012,40,GRHL2
1025,Healthy,-0.10520495546564071,0.08354615355227175,40,GRHL2
1050,Healthy,0.046904262039395184,0.07694617344028847,40,GRHL2
1075,Healthy,0.12524062148777684,0.07461636709170417,40,GRHL2
1100,Healthy,0.18612844788484686,0.06802439706131289,40,GRHL2
1125,Healthy,0.2469749606659039,0.0653583130648665,40,GRHL2
1150,Healthy,0.25514632249197566,0.058064404519138704,40,GRHL2
1175,Healthy,0.2625716894083716,0.057477326276017995,40,GRHL2
1200,Healthy,0.2902654151274009,0.05758553516072706,40,GRHL2
1225,Healthy,0.2516330082558746,0.056787969534906044,40,GRHL2
1250,Healthy,0.3080117818373284,0.05939489580599132,40,GRHL2
1275,Healthy,0.3364759842410787,0.06797693363591356,40,GRHL2
1300,Healthy,0.2993389386305867,0.0718745456820779,40,GRHL2
1325,Healthy,0.3082984242393225,0.08047619244008758,40,GRHL2
1350,Healthy,0.3308849429432353,0.08419238390552075,40,GRHL2
1375,Healthy,0.34165288229793894,0.07807867417654839,40,GRHL2
1400,Healthy,0.24219182887601529,0.06995769117431708,40,GRHL2
1425,Healthy,0.18877220606492065,0.0681387934967109,40,GRHL2
1450,Healthy,0.1507663258744973,0.06587473197601704,40,GRHL2
1475,Healthy,0.10891300310562603,0.060890987821820876,40,GRHL2
1500,Healthy,0.10766648777575884,0.05385128963848342,40,GRHL2
1525,Healthy,0.14198871943328414,0.053122700044769315,40,GRHL2
1550,Healthy,0.21498342502336024,0.059608141499392524,40,GRHL2
1575,Healthy,0.28755524786161,0.07120154883609786,40,GRHL2
1600,Healthy,0.3380614821880987,0.07184537042416562,40,GRHL2
1625,Healthy,0.4489268431732326,0.07717132588618386,40,GRHL2
1650,Healthy,0.4633366464447247,0.08232113890948974,40,GRHL2
1675,Healthy,0.41546024064275094,0.07394970732703687,40,GRHL2
1700,Healthy,0.4867170512440746,0.07057866081656243,40,GRHL2
1725,Healthy,0.5467674397457684,0.06793017702042968,40,GRHL2
1750,Healthy,0.5041266990518449,0.07760319107768966,40,GRHL2
1775,Healthy,0.4538567587593739,0.07714533754356913,40,GRHL2
1800,Healthy,0.40221530510090364,0.07782239936545503,40,GRHL2
1825,Healthy,0.43279321598391035,0.0798150659062629,40,GRHL2
1850,Healthy,0.3099115692349573,0.07538640950651204,40,GRHL2
1875,Healthy,0.3212632670316501,0.0687487958570807,40,GRHL2
1900,Healthy,0.336721741798921,0.06523559356380082,40,GRHL2
1925,Healthy,0.2568401084197148,0.06075714544755822,40,GRHL2
1950,Healthy,0.23451697086677212,0.04881510928696269,40,GRHL2
1975,Healthy,0.2069370382951664,0.04606774483845294,40,GRHL2
2000,Healthy,0.2512270920143705,0.05818037068663935,40,GRHL2
2025,Healthy,0.2736618434105631,0.06415101279632862,40,GRHL2
2050,Healthy,0.2636398560504949,0.06368433610851136,40,GRHL2
2075,Healthy,0.30647431827581695,0.06466625584266761,40,GRHL2
2100,Healthy,0.3091731017178234,0.06525260917643957,40,GRHL2
2125,Healthy,0.34432975931658566,0.06736225863141579,40,GRHL2
2150,Healthy,0.31159264047438856,0.07003640078960374,40,GRHL2
2175,Healthy,0.2785029734283332,0.07040713724902863,40,GRHL2
2200,Healthy,0.29926223670414887,0.07148942965088087,40,GRHL2
2225,Healthy,0.3128357893675106,0.07654932432323266,40,GRHL2
2250,Healthy,0.39440061887955913,0.07532778632045065,40,GRHL2
2275,Healthy,0.3922937540172999,0.07815362024594251,40,GRHL2
2300,Healthy,0.38096174096552676,0.08378416658456433,40,GRHL2
2325,Healthy,0.4167408961994119,0.07658332579108551,40,GRHL2
2350,Healthy,0.3678609598505388,0.07405157368990663,40,GRHL2
2375,Healthy,0.366151288861388,0.0692634191335877,40,GRHL2
2400,Healthy,0.47784717410933336,0.057424548815046154,40,GRHL2
2425,Healthy,0.5865804322089937,0.05327942996353075,40,GRHL2
2450,Healthy,0.6822854651683348,0.06149431054207694,40,GRHL2
2475,Healthy,0.7338913984147408,0.06773738089438328,40,GRHL2
2500,Healthy,0.7098941414092216,0.07460044881183414,40,GRHL2
2525,Healthy,0.7282085588709941,0.07316297643435589,40,GRHL2
2550,Healthy,0.7188675558923995,0.07299572319809315,40,GRHL2
2575,Healthy,0.6371538155929938,0.07922363351928267,40,GRHL2
2600,Healthy,0.5537754769814033,0.0770816063125443,40,GRHL2
2625,Healthy,0.5588197009866372,0.07586196205199802,40,GRHL2
2650,Healthy,0.5742185942436336,0.07222863519972277,40,GRHL2
2675,Healthy,0.5244445556178858,0.07122083299037482,40,GRHL2
2700,Healthy,0.4622698685358425,0.07402227855316974,40,GRHL2
2725,Healthy,0.4972029691519988,0.08017805245155564,40,GRHL2
2750,Healthy,0.5730921628970026,0.08032184703760152,40,GRHL2
2775,Healthy,0.6473946441486762,0.07996355139478051,40,GRHL2
2800,Healthy,0.6143263771121045,0.07826549521933962,40,GRHL2
2825,Healthy,0.554312187623084,0.08381302859234198,40,GRHL2
2850,Healthy,0.586667088359462,0.07970236878324666,40,GRHL2
2875,Healthy,0.5644247325422953,0.07484195566097103,40,GRHL2
2900,Healthy,0.47532899621407765,0.06679340283572467,40,GRHL2
2925,Healthy,0.45550001266835366,0.06123272139218922,40,GRHL2
2950,Healthy,0.4108018107624728,0.058289765986757405,40,GRHL2
2975,Healthy,0.45650203248811433,0.056349105405444536,40,GRHL2
3000,Healthy,-43.93083589249801,0.17659685571752723,40,GRHL2
-3000,Squamous,0.5249952872008314,0.2613896264044842,7,GRHL2
-2975,Squamous,0.5277691230206093,0.2844560462183062,7,GRHL2
-2950,Squamous,0.5798640129663863,0.2734301780368356,7,GRHL2
-2925,Squamous,0.5985751375481579,0.25168349689631303,7,GRHL2
-2900,Squamous,0.6531169164481859,0.22696479924908697,7,GRHL2
-2875,Squamous,0.8105358048866032,0.19321444127225768,7,GRHL2
-2850,Squamous,0.8592524645288637,0.15475430071844629,7,GRHL2
-2825,Squamous,0.9381102185644933,0.17682651228241333,7,GRHL2
-2800,Squamous,0.9882214813286142,0.1882955685460358,7,GRHL2
-2775,Squamous,1.0071848493942352,0.1944082334713152,7,GRHL2
-2750,Squamous,0.9068745170915686,0.19390866278681743,7,GRHL2
-2725,Squamous,0.8014959876050114,0.16105825229861123,7,GRHL2
-2700,Squamous,0.63554424951328925,0.1417044412854506,7,GRHL2
-2675,Squamous,0.6117977817998529,0.14012166387398692,7,GRHL2
-2650,Squamous,0.6644156264689569,0.1566586822335646,7,GRHL2
-2625,Squamous,0.6678638245712799,0.14222966606560217,7,GRHL2
-2600,Squamous,0.8373513365982721,0.15495057039835033,7,GRHL2
-2575,Squamous,1.0092307123716315,0.1790656306796515,7,GRHL2
-2550,Squamous,1.0816941131207864,0.17808398333221492,7,GRHL2
-2525,Squamous,1.1816896142226399,0.17514521450870726,7,GRHL2
-2500,Squamous,1.2731672470036652,0.14446429559546994,7,GRHL2
-2475,Squamous,1.2768842191515903,0.13500757392082507,7,GRHL2
-2450,Squamous,1.2078766040783222,0.15547464593359625,7,GRHL2
-2425,Squamous,1.218169529367657,0.15494242352428397,7,GRHL2
-2400,Squamous,1.0099148821915507,0.18387095065987627,7,GRHL2
-2375,Squamous,0.7766696098781481,0.23564200020527065,7,GRHL2
-2350,Squamous,0.6935982510386027,0.21480989782773535,7,GRHL2
-2325,Squamous,0.5572658915861617,0.16934518983943056,7,GRHL2
-2300,Squamous,0.5768674657508068,0.1298002155328368,7,GRHL2
-2275,Squamous,0.5480651974404817,0.10542713183428361,7,GRHL2
-2250,Squamous,0.48242023983713717,0.12212226725191079,7,GRHL2
-2225,Squamous,0.43736072471772086,0.13848696654976705,7,GRHL2
-2200,Squamous,0.5640019414459322,0.08593700671445904,7,GRHL2
-2175,Squamous,0.5959968421982046,0.1058827232474838,7,GRHL2
-2150,Squamous,0.6334039511323077,0.11720539120494483,7,GRHL2
-2125,Squamous,0.7195447541294695,0.13433257472497967,7,GRHL2
-2100,Squamous,0.7748266037259939,0.1283246223154971,7,GRHL2
-2075,Squamous,0.8705677251963745,0.08939585048513772,7,GRHL2
-2050,Squamous,1.0070621177695909,0.11616110175620334,7,GRHL2
-2025,Squamous,0.8953402489178676,0.12317335162864752,7,GRHL2
-2000,Squamous,0.871311926262952,0.14374287010233158,7,GRHL2
-1975,Squamous,0.7866687701233426,0.1569686839274997,7,GRHL2
-1950,Squamous,0.8175964598439285,0.14716226796676898,7,GRHL2
-1925,Squamous,0.6676696783691586,0.16047373617624008,7,GRHL2
-1900,Squamous,0.6783063467466874,0.17756454632108892,7,GRHL2
-1875,Squamous,0.5760585466969678,0.15015726467819068,7,GRHL2
-1850,Squamous,0.5024731447450747,0.10725736945410777,7,GRHL2
-1825,Squamous,0.45342471139763074,0.10885075046195042,7,GRHL2
-1800,Squamous,0.5585471453640048,0.10505152563568329,7,GRHL2
-1775,Squamous,0.5551586168841703,0.11279540073045957,7,GRHL2
-1750,Squamous,0.6839205752993579,0.10558002222933664,7,GRHL2
-1725,Squamous,0.7198206576000857,0.10981849891681353,7,GRHL2
-1700,Squamous,0.7144714370107156,0.13150596125384414,7,GRHL2
-1675,Squamous,0.7557275995043099,0.13304237891798387,7,GRHL2
-1650,Squamous,0.6859299355738604,0.1447959698736553,7,GRHL2
-1625,Squamous,0.5605038498206966,0.15221782990387434,7,GRHL2
-1600,Squamous,0.5407074845214812,0.13053011164267314,7,GRHL2
-1575,Squamous,0.5031115820464321,0.1321739528902149,7,GRHL2
-1550,Squamous,0.501054577592659,0.13615028337765095,7,GRHL2
-1525,Squamous,0.3894067315400872,0.17544802838351942,7,GRHL2
-1500,Squamous,0.3012463665915605,0.13019233833874483,7,GRHL2
-1475,Squamous,0.3483006947116058,0.0523776586340735,7,GRHL2
-1450,Squamous,0.3675173312086647,0.08119214327339136,7,GRHL2
-1425,Squamous,0.4348004379482184,0.16418713188520578,7,GRHL2
-1400,Squamous,0.3213050835317013,0.13009694940238728,7,GRHL2
-1375,Squamous,0.37321998128502537,0.09367091319085398,7,GRHL2
-1350,Squamous,0.4590726745184671,0.16139223660174987,7,GRHL2
-1325,Squamous,0.41918091446159494,0.15402089858602616,7,GRHL2
-1300,Squamous,0.34255144393167963,0.14135893772116495,7,GRHL2
-1275,Squamous,0.20886003355150792,0.14441708483915414,7,GRHL2
-1250,Squamous,-0.09591195204713189,0.14120450609781446,7,GRHL2
-1225,Squamous,-0.25531664623124656,0.14114783855373614,7,GRHL2
-1200,Squamous,-0.43292030753532573,0.17417394050327095,7,GRHL2
-1175,Squamous,-0.6900971963164467,0.21403799445789579,7,GRHL2
-1150,Squamous,-0.8510135509448616,0.18791960633917928,7,GRHL2
-1125,Squamous,-0.8202929415253672,0.1981415059099308,7,GRHL2
-1100,Squamous,-0.7061088068653549,0.18601859583130692,7,GRHL2
-1075,Squamous,-0.5488428816952243,0.21454374255946007,7,GRHL2
-1050,Squamous,-0.5950052641618617,0.2000840066579181,7,GRHL2
-1025,Squamous,-0.4831747757238242,0.1824548401598104,7,GRHL2
-1000,Squamous,-0.31020697254932283,0.20246853517196944,7,GRHL2
-975,Squamous,-0.3629394556171874,0.19094900573606027,7,GRHL2
-950,Squamous,-0.37163949753518216,0.13583398169510927,7,GRHL2
-925,Squamous,-0.424886023414788,0.10875171156834378,7,GRHL2
-900,Squamous,-0.4072110911260368,0.13924507074738526,7,GRHL2
-875,Squamous,-0.49407388706977284,0.16899575672895695,7,GRHL2
-850,Squamous,-0.6127721563919153,0.18349383092599206,7,GRHL2
-825,Squamous,-0.7882330811716021,0.16414458700843088,7,GRHL2
-800,Squamous,-0.7315682587282051,0.1744434233804706,7,GRHL2
-775,Squamous,-0.5803917978316826,0.1847927343472676,7,GRHL2
-750,Squamous,-0.6923277916611473,0.19251225422056625,7,GRHL2
-725,Squamous,-0.7340312760165603,0.1757276234371079,7,GRHL2
-700,Squamous,-0.6342288593322858,0.16824163374005952,7,GRHL2
-675,Squamous,-0.6700255788458074,0.20692615342705328,7,GRHL2
-650,Squamous,-0.8577547745595103,0.26882446548883765,7,GRHL2
-625,Squamous,-1.0095452354998062,0.2757864235803952,7,GRHL2
-600,Squamous,-1.0612447142283872,0.2822370127882058,7,GRHL2
-575,Squamous,-0.9814821967482334,0.22350852609559818,7,GRHL2
-550,Squamous,-0.9870864529642299,0.18385445401571318,7,GRHL2
-525,Squamous,-0.9281763123211964,0.15864762624058046,7,GRHL2
-500,Squamous,-0.8134099088048531,0.1624020604140263,7,GRHL2
-475,Squamous,-0.6986907659725116,0.16150190952247537,7,GRHL2
-450,Squamous,-0.8893240334992472,0.20965399406144603,7,GRHL2
-425,Squamous,-1.0445833400596198,0.3096283579102761,7,GRHL2
-400,Squamous,-0.9273535360585066,0.2977383202180371,7,GRHL2
-375,Squamous,-0.815921035427864,0.22717713764107034,7,GRHL2
-350,Squamous,-0.6462332537041838,0.15116713016462244,7,GRHL2
-325,Squamous,-0.6322292857799343,0.17326735559188702,7,GRHL2
-300,Squamous,-0.593419732124464,0.15881941969873342,7,GRHL2
-275,Squamous,-0.5682110954908575,0.15557708323401867,7,GRHL2
-250,Squamous,-0.7240428874231976,0.19026898086900185,7,GRHL2
-225,Squamous,-0.6500450806318768,0.21299368561419704,7,GRHL2
-200,Squamous,-0.3652827168502217,0.21134330053450967,7,GRHL2
-175,Squamous,-0.02995398309523751,0.22342911100822013,7,GRHL2
-150,Squamous,0.11403670688892421,0.2150800912187238,7,GRHL2
-125,Squamous,-0.07962519086879258,0.19891401309706266,7,GRHL2
-100,Squamous,-0.39808267971937733,0.28187733413126115,7,GRHL2
-75,Squamous,-0.8686848557405269,0.46239999950074845,7,GRHL2
-50,Squamous,-1.3284863437491592,0.6954847393584704,7,GRHL2
-25,Squamous,-1.8235579608457562,0.7926381771804745,7,GRHL2
0,Squamous,-1.7438293095887933,0.8321897276665228,7,GRHL2
25,Squamous,-1.197945815004378,0.746807013804166,7,GRHL2
50,Squamous,-0.6296075721233267,0.5615576479150375,7,GRHL2
75,Squamous,0.02164625407467292,0.40451080873694395,7,GRHL2
100,Squamous,0.39707334308018544,0.2878493791012747,7,GRHL2
125,Squamous,0.5631915834643584,0.29246724276215763,7,GRHL2
150,Squamous,0.498391525679553,0.2738284236996591,7,GRHL2
175,Squamous,0.05895655365989787,0.25907545229054185,7,GRHL2
200,Squamous,-0.18886834116918974,0.3226789245280612,7,GRHL2
225,Squamous,-0.21233958298312008,0.36376981681569687,7,GRHL2
250,Squamous,-0.2873907813608125,0.3612564526556085,7,GRHL2
275,Squamous,-0.3358797324459583,0.3144890509306002,7,GRHL2
300,Squamous,-0.3764838012056206,0.20215783758279918,7,GRHL2
325,Squamous,-0.5787841204110487,0.20746024055777296,7,GRHL2
350,Squamous,-0.8743422936717866,0.22839484475983796,7,GRHL2
375,Squamous,-1.1719083987634467,0.22180152737773923,7,GRHL2
400,Squamous,-1.1156282235853066,0.2515116592500753,7,GRHL2
425,Squamous,-1.0643453925334363,0.220306077812743,7,GRHL2
450,Squamous,-0.9617842161925062,0.19357494029537775,7,GRHL2
475,Squamous,-0.8120305840659408,0.18277983371786147,7,GRHL2
500,Squamous,-0.7737892768721415,0.19378548186435687,7,GRHL2
525,Squamous,-0.9126702891888266,0.1627759054463114,7,GRHL2
550,Squamous,-1.1586346321859011,0.12852998706717433,7,GRHL2
575,Squamous,-1.240793213624411,0.10652691462536466,7,GRHL2
600,Squamous,-1.121262596848917,0.08180977840848354,7,GRHL2
625,Squamous,-1.0973323921818279,0.12824454960993792,7,GRHL2
650,Squamous,-0.9777310191043318,0.15710865604532748,7,GRHL2
675,Squamous,-0.8842653478024255,0.150181260917846,7,GRHL2
700,Squamous,-0.8701470822527658,0.14949097280301785,7,GRHL2
725,Squamous,-0.7644745295942814,0.10588977427245201,7,GRHL2
750,Squamous,-0.6755815721255061,0.07814646842977564,7,GRHL2
775,Squamous,-0.6521553286469538,0.09063454180229942,7,GRHL2
800,Squamous,-0.5265921075953031,0.10783303333337999,7,GRHL2
825,Squamous,-0.2525728374316959,0.1325702770239655,7,GRHL2
850,Squamous,-0.1423714850087411,0.1201974719668788,7,GRHL2
875,Squamous,-0.06221416404839271,0.11513397366078996,7,GRHL2
900,Squamous,-0.0920370954881113,0.1314276935415212,7,GRHL2
925,Squamous,-0.04968598275210899,0.1416843088513474,7,GRHL2
950,Squamous,-0.20387366390622735,0.13372070899882524,7,GRHL2
975,Squamous,-0.285629133577545,0.14230173571338775,7,GRHL2
1000,Squamous,-0.24480041425336282,0.1740395757366598,7,GRHL2
1025,Squamous,-0.09336934572356353,0.2286299670722679,7,GRHL2
1050,Squamous,0.05807170482465144,0.2150119582303812,7,GRHL2
1075,Squamous,0.12565674705848343,0.1983860989869617,7,GRHL2
1100,Squamous,0.09460832655950333,0.18583769803496117,7,GRHL2
1125,Squamous,0.017882572997569627,0.11902255214342596,7,GRHL2
1150,Squamous,0.10998482995345074,0.09277818918647653,7,GRHL2
1175,Squamous,0.1097681119112187,0.12193537333247784,7,GRHL2
1200,Squamous,0.16790041433409195,0.1686495440385084,7,GRHL2
1225,Squamous,0.10643380408221756,0.12049701446117904,7,GRHL2
1250,Squamous,0.2307480219444938,0.12738732420255386,7,GRHL2
1275,Squamous,0.3594106335874659,0.14479473544631868,7,GRHL2
1300,Squamous,0.4265972866169114,0.19308095829482014,7,GRHL2
1325,Squamous,0.4758071472872118,0.17745115783454685,7,GRHL2
1350,Squamous,0.4866444288886093,0.16159701953405217,7,GRHL2
1375,Squamous,0.5249646224035798,0.1793691795584863,7,GRHL2
1400,Squamous,0.5296075725233641,0.13389528349663973,7,GRHL2
1425,Squamous,0.44047543121796107,0.09984661317942714,7,GRHL2
1450,Squamous,0.3373720472431071,0.14273951386504594,7,GRHL2
1475,Squamous,0.24520715097173837,0.17409975208300485,7,GRHL2
1500,Squamous,0.28294331574630205,0.19517230782869607,7,GRHL2
1525,Squamous,0.3654035181369657,0.21771606402068686,7,GRHL2
1550,Squamous,0.3764045813654681,0.19991020437929174,7,GRHL2
1575,Squamous,0.41796698641399266,0.20752702249751756,7,GRHL2
1600,Squamous,0.505296656206443,0.22634769890796544,7,GRHL2
1625,Squamous,0.6292133040080787,0.2523937116235274,7,GRHL2
1650,Squamous,0.476410734048222,0.22013232412356745,7,GRHL2
1675,Squamous,0.42629879142198823,0.1653948904998044,7,GRHL2
1700,Squamous,0.4167730900192497,0.16350224649727765,7,GRHL2
1725,Squamous,0.38854687261144594,0.20552823290991276,7,GRHL2
1750,Squamous,0.4130963736488072,0.2815577678705536,7,GRHL2
1775,Squamous,0.3859154322551092,0.30861069934560487,7,GRHL2
1800,Squamous,0.4571016361330091,0.3390352935099621,7,GRHL2
1825,Squamous,0.6554035730870966,0.29974793031442065,7,GRHL2
1850,Squamous,0.574785805924835,0.2671030503263363,7,GRHL2
1875,Squamous,0.5928444068430224,0.26552654622195,7,GRHL2
1900,Squamous,0.6340864574679181,0.22942173704549804,7,GRHL2
1925,Squamous,0.6011833715880232,0.20504549848597253,7,GRHL2
1950,Squamous,0.7112725274126455,0.2025372969051488,7,GRHL2
1975,Squamous,0.6954589740803975,0.14340031394807815,7,GRHL2
2000,Squamous,0.6478433250565828,0.14802169292850254,7,GRHL2
2025,Squamous,0.7208730822487033,0.21596644006606366,7,GRHL2
2050,Squamous,0.8096767644359375,0.2116385441555946,7,GRHL2
2075,Squamous,0.9028953486102141,0.19281605245970135,7,GRHL2
2100,Squamous,0.8337265719076251,0.2275419393098393,7,GRHL2
2125,Squamous,0.7434071031363446,0.24933491655274073,7,GRHL2
2150,Squamous,0.6023695134650611,0.2779555516114071,7,GRHL2
2175,Squamous,0.6306888598272322,0.2817566377957492,7,GRHL2
2200,Squamous,0.6145327679874406,0.2833580611477684,7,GRHL2
2225,Squamous,0.656417864409342,0.28192031178906174,7,GRHL2
2250,Squamous,0.6948946655332462,0.2726019492639667,7,GRHL2
2275,Squamous,0.7016288858156933,0.29644940781094203,7,GRHL2
2300,Squamous,0.700931902696942,0.33686034404406634,7,GRHL2
2325,Squamous,0.8521147020304671,0.34525838975964784,7,GRHL2
2350,Squamous,0.8517494706132707,0.311921949214907,7,GRHL2
2375,Squamous,0.7263747881827621,0.2797279241494929,7,GRHL2
2400,Squamous,0.7537021541210441,0.2713807923670368,7,GRHL2
2425,Squamous,0.9260026643757203,0.19574285881788567,7,GRHL2
2450,Squamous,0.9594420422270007,0.1704848387118366,7,GRHL2
2475,Squamous,0.9906782159955713,0.1228605102579135,7,GRHL2
2500,Squamous,0.9380576547071019,0.1045385171903498,7,GRHL2
2525,Squamous,0.9925203179530417,0.14908379433669347,7,GRHL2
2550,Squamous,0.9369936949003055,0.17148842451152543,7,GRHL2
2575,Squamous,0.9175025987114463,0.1940093473734682,7,GRHL2
2600,Squamous,0.8711569786413192,0.2280733601073175,7,GRHL2
2625,Squamous,0.9990205525387755,0.27271238804707876,7,GRHL2
2650,Squamous,1.178320636848245,0.2623421845889054,7,GRHL2
2675,Squamous,1.2594827030732938,0.2231471059750407,7,GRHL2
2700,Squamous,1.1204730208680933,0.21938316860962992,7,GRHL2
2725,Squamous,1.146354730982548,0.26098642692024104,7,GRHL2
2750,Squamous,1.2025021696063247,0.2907608015403498,7,GRHL2
2775,Squamous,1.3119361253992823,0.2719149804998003,7,GRHL2
2800,Squamous,1.199788040728579,0.27696991756024103,7,GRHL2
2825,Squamous,1.0828510177724051,0.27488267819291284,7,GRHL2
2850,Squamous,1.0858205302403254,0.3063448687960849,7,GRHL2
2875,Squamous,1.0027105626511637,0.24906382849701672,7,GRHL2
2900,Squamous,1.004749668140606,0.2217600946503317,7,GRHL2
2925,Squamous,0.9577054935957856,0.23109423504402735,7,GRHL2
2950,Squamous,0.8610140604918305,0.2174674282237592,7,GRHL2
2975,Squamous,0.9394028771567444,0.2499364044990537,7,GRHL2
3000,Squamous,-43.28887010402287,0.983577304705638,7,GRHL2
-3000,Adenocarcinoma,0.8728219465735286,0.1744583917032209,9,FOXA1
-2975,Adenocarcinoma,0.747447525695543,0.17207384107224286,9,FOXA1
-2950,Adenocarcinoma,0.6108044802369993,0.18012429867453197,9,FOXA1
-2925,Adenocarcinoma,0.714046694301884,0.20837861533862514,9,FOXA1
-2900,Adenocarcinoma,0.8272740224496725,0.24039093557672211,9,FOXA1
-2875,Adenocarcinoma,0.8133729816567675,0.24785209474743483,9,FOXA1
-2850,Adenocarcinoma,0.7018705851663671,0.24916752086281366,9,FOXA1
-2825,Adenocarcinoma,0.7467328705664767,0.23618923789718113,9,FOXA1
-2800,Adenocarcinoma,0.8778139912166409,0.21914263382417756,9,FOXA1
-2775,Adenocarcinoma,0.7858405635539729,0.1704578868695323,9,FOXA1
-2750,Adenocarcinoma,0.6717506345818516,0.1718128695127041,9,FOXA1
-2725,Adenocarcinoma,0.5322177130584129,0.1646050077790591,9,FOXA1
-2700,Adenocarcinoma,0.485706938754291,0.19958449483000198,9,FOXA1
-2675,Adenocarcinoma,0.5148850496374727,0.22394554258103047,9,FOXA1
-2650,Adenocarcinoma,0.48910974463062235,0.2838414474233479,9,FOXA1
-2625,Adenocarcinoma,0.4644568104940812,0.3221912738094573,9,FOXA1
-2600,Adenocarcinoma,0.41871861267968885,0.28629635108508555,9,FOXA1
-2575,Adenocarcinoma,0.44581012924442465,0.2661942822108658,9,FOXA1
-2550,Adenocarcinoma,0.5589906548234225,0.2600850533234235,9,FOXA1
-2525,Adenocarcinoma,0.6233249947694618,0.23868218070494462,9,FOXA1
-2500,Adenocarcinoma,0.6581192064685313,0.23801934947751688,9,FOXA1
-2475,Adenocarcinoma,0.8455082029414904,0.218146550359242,9,FOXA1
-2450,Adenocarcinoma,0.8248412137142612,0.24759946362613836,9,FOXA1
-2425,Adenocarcinoma,0.7670289040433739,0.2920379500141602,9,FOXA1
-2400,Adenocarcinoma,0.6941544751348908,0.2824756860621925,9,FOXA1
-2375,Adenocarcinoma,0.6051167357639835,0.24187499391241377,9,FOXA1
-2350,Adenocarcinoma,0.4991038080922454,0.23846971281329757,9,FOXA1
-2325,Adenocarcinoma,0.5049361583163902,0.24422535629619455,9,FOXA1
-2300,Adenocarcinoma,0.5419098156450133,0.25207373480068784,9,FOXA1
-2275,Adenocarcinoma,0.6292537845058613,0.23724574248841132,9,FOXA1
-2250,Adenocarcinoma,0.7756074735654055,0.2224467245138835,9,FOXA1
-2225,Adenocarcinoma,0.7072994095248321,0.2181858348195913,9,FOXA1
-2200,Adenocarcinoma,0.7645753894059553,0.23475226619276254,9,FOXA1
-2175,Adenocarcinoma,0.7834844052288573,0.2722085119677055,9,FOXA1
-2150,Adenocarcinoma,0.7459577537941443,0.2829233391455867,9,FOXA1
-2125,Adenocarcinoma,0.7815627023333955,0.3167348927542637,9,FOXA1
-2100,Adenocarcinoma,0.7727239016050595,0.285153259711866,9,FOXA1
-2075,Adenocarcinoma,0.8885741898241153,0.21583965368179373,9,FOXA1
-2050,Adenocarcinoma,0.9354743727588295,0.15759446133601776,9,FOXA1
-2025,Adenocarcinoma,0.933171518825488,0.13171096381767758,9,FOXA1
-2000,Adenocarcinoma,0.8162588058469203,0.11143974635954705,9,FOXA1
-1975,Adenocarcinoma,0.7717538467384865,0.11663072101101361,9,FOXA1
-1950,Adenocarcinoma,0.7044354613636622,0.14592500614713447,9,FOXA1
-1925,Adenocarcinoma,0.4858999917529195,0.1839599712167356,9,FOXA1
-1900,Adenocarcinoma,0.41843761726882694,0.18687316620610564,9,FOXA1
-1875,Adenocarcinoma,0.4083418471409572,0.1913052193276589,9,FOXA1
-1850,Adenocarcinoma,0.41638766504890173,0.210131474427495,9,FOXA1
-1825,Adenocarcinoma,0.3964448299555994,0.2144664865249459,9,FOXA1
-1800,Adenocarcinoma,0.3831923828362397,0.23470435028258826,9,FOXA1
-1775,Adenocarcinoma,0.4193464091926087,0.22141925149751995,9,FOXA1
-1750,Adenocarcinoma,0.40880278362289346,0.15452532336527325,9,FOXA1
-1725,Adenocarcinoma,0.5306500349815044,0.0941526613016131,9,FOXA1
-1700,Adenocarcinoma,0.5985611945199645,0.08029829192761254,9,FOXA1
-1675,Adenocarcinoma,0.6158378714914703,0.08541825665955531,9,FOXA1
-1650,Adenocarcinoma,0.699352167960962,0.09557218900205795,9,FOXA1
-1625,Adenocarcinoma,0.716504488404575,0.10632304645504519,9,FOXA1
-1600,Adenocarcinoma,0.7011384528849748,0.11247011570634069,9,FOXA1
-1575,Adenocarcinoma,0.5626289400503243,0.1378893600898894,9,FOXA1
-1550,Adenocarcinoma,0.5488444640388965,0.1914829249782024,9,FOXA1
-1525,Adenocarcinoma,0.4649500877732733,0.18951487355926566,9,FOXA1
-1500,Adenocarcinoma,0.41767554199676493,0.17803169124073204,9,FOXA1
-1475,Adenocarcinoma,0.38407579830881794,0.17057952130444384,9,FOXA1
-1450,Adenocarcinoma,0.48943597154214397,0.16085754435788593,9,FOXA1
-1425,Adenocarcinoma,0.29264291738038084,0.1433482742892015,9,FOXA1
-1400,Adenocarcinoma,0.15753359587070012,0.14360773450064096,9,FOXA1
-1375,Adenocarcinoma,0.10700752502857737,0.12324951360318476,9,FOXA1
-1350,Adenocarcinoma,0.011923275090529716,0.12722908436538713,9,FOXA1
-1325,Adenocarcinoma,-0.1006275617420691,0.14755089776667563,9,FOXA1
-1300,Adenocarcinoma,-0.1412245522432541,0.17595698209056823,9,FOXA1
-1275,Adenocarcinoma,-0.11440985831285136,0.1726958550054728,9,FOXA1
-1250,Adenocarcinoma,-0.0924153743297347,0.16955924282975712,9,FOXA1
-1225,Adenocarcinoma,-0.22498349265687273,0.1634691455729064,9,FOXA1
-1200,Adenocarcinoma,-0.2821584510931684,0.16767600294325324,9,FOXA1
-1175,Adenocarcinoma,-0.2969351278091064,0.1574189372128912,9,FOXA1
-1150,Adenocarcinoma,-0.2825871706254627,0.18719562105498813,9,FOXA1
-1125,Adenocarcinoma,-0.24202534028617623,0.18565455752789825,9,FOXA1
-1100,Adenocarcinoma,-0.19951027172427335,0.19545609191801894,9,FOXA1
-1075,Adenocarcinoma,-0.21827110471023173,0.16540454094153026,9,FOXA1
-1050,Adenocarcinoma,-0.14066049431636712,0.13596727286954466,9,FOXA1
-1025,Adenocarcinoma,-0.3000496430825923,0.12585723814047586,9,FOXA1
-1000,Adenocarcinoma,-0.45346936322716974,0.1237342117949732,9,FOXA1
-975,Adenocarcinoma,-0.41854262836331035,0.10617529373257488,9,FOXA1
-950,Adenocarcinoma,-0.3452688251234989,0.13811536000527883,9,FOXA1
-925,Adenocarcinoma,-0.31692943581650845,0.174261214339788,9,FOXA1
-900,Adenocarcinoma,-0.2853371323056477,0.18438458550960365,9,FOXA1
-875,Adenocarcinoma,-0.29959734109319736,0.17658188847871237,9,FOXA1
-850,Adenocarcinoma,-0.22851808339945903,0.19993705096681744,9,FOXA1
-825,Adenocarcinoma,-0.3312746733252737,0.1743303517658357,9,FOXA1
-800,Adenocarcinoma,-0.32149850014842435,0.15668877998981817,9,FOXA1
-775,Adenocarcinoma,-0.3253274303064645,0.15608202597250778,9,FOXA1
-750,Adenocarcinoma,-0.4012547160452096,0.1294230988073656,9,FOXA1
-725,Adenocarcinoma,-0.3051802486608677,0.11591090211428333,9,FOXA1
-700,Adenocarcinoma,-0.32505692603073244,0.17426087977566077,9,FOXA1
-675,Adenocarcinoma,-0.3859397602548201,0.18819430984606475,9,FOXA1
-650,Adenocarcinoma,-0.5444575390401344,0.1875831129171289,9,FOXA1
-625,Adenocarcinoma,-0.7694915866739306,0.19641668942542698,9,FOXA1
-600,Adenocarcinoma,-0.923046104067859,0.21142941012167504,9,FOXA1
-575,Adenocarcinoma,-0.8469258261417149,0.20181208698388461,9,FOXA1
-550,Adenocarcinoma,-0.7311463521980274,0.18187780191725542,9,FOXA1
-525,Adenocarcinoma,-0.6235889353539169,0.17543879925236258,9,FOXA1
-500,Adenocarcinoma,-0.6550651495221188,0.20038639957562418,9,FOXA1
-475,Adenocarcinoma,-0.6159963992561995,0.22984159872079427,9,FOXA1
-450,Adenocarcinoma,-0.5570700218305127,0.2353239119824552,9,FOXA1
-425,Adenocarcinoma,-0.5777818547489381,0.20174651216847136,9,FOXA1
-400,Adenocarcinoma,-0.47774328534347144,0.18377222714901884,9,FOXA1
-375,Adenocarcinoma,-0.3830738534282239,0.19645303449621662,9,FOXA1
-350,Adenocarcinoma,-0.14899541365754754,0.17704878148899636,9,FOXA1
-325,Adenocarcinoma,0.06403526580333635,0.19378581023129782,9,FOXA1
-300,Adenocarcinoma,0.2293224105159334,0.20188747823921174,9,FOXA1
-275,Adenocarcinoma,0.24028155886698715,0.22446523475951766,9,FOXA1
-250,Adenocarcinoma,0.49247378324038776,0.23467787548026994,9,FOXA1
-225,Adenocarcinoma,0.7037436198998929,0.24344792794085526,9,FOXA1
-200,Adenocarcinoma,0.8628402071510508,0.2744303503881937,9,FOXA1
-175,Adenocarcinoma,1.0558813861068994,0.3587891482539188,9,FOXA1
-150,Adenocarcinoma,1.1420328496880618,0.47611447481682384,9,FOXA1
-125,Adenocarcinoma,1.1237640603519634,0.5897612258520127,9,FOXA1
-100,Adenocarcinoma,0.9615100177535916,0.7141488352998797,9,FOXA1
-75,Adenocarcinoma,0.7644600061247838,0.7885881910083256,9,FOXA1
-50,Adenocarcinoma,0.4816203419869815,0.8132404932888825,9,FOXA1
-25,Adenocarcinoma,0.21148405745829468,0.8133878130949886,9,FOXA1
0,Adenocarcinoma,0.2502309140671121,0.8108722362712641,9,FOXA1
25,Adenocarcinoma,0.3700245482248352,0.7819497345128134,9,FOXA1
50,Adenocarcinoma,0.4827112401298807,0.7500791517628661,9,FOXA1
75,Adenocarcinoma,0.6702196768990225,0.6743348890935721,9,FOXA1
100,Adenocarcinoma,0.798494545218814,0.5972212896500203,9,FOXA1
125,Adenocarcinoma,0.7254527424867255,0.515575468206859,9,FOXA1
150,Adenocarcinoma,0.5544091690474521,0.3922367441163172,9,FOXA1
175,Adenocarcinoma,0.4162367133549068,0.3362016897055768,9,FOXA1
200,Adenocarcinoma,0.21795552596691076,0.2764607794726294,9,FOXA1
225,Adenocarcinoma,-0.10501626795112527,0.2546160791614351,9,FOXA1
250,Adenocarcinoma,-0.16885863440273194,0.24733082812270468,9,FOXA1
275,Adenocarcinoma,-0.20445014574072867,0.229511458088849,9,FOXA1
300,Adenocarcinoma,-0.33980562061434244,0.22126154396658645,9,FOXA1
325,Adenocarcinoma,-0.4991256534038121,0.20558773457981086,9,FOXA1
350,Adenocarcinoma,-0.6693532231902007,0.19434303295706354,9,FOXA1
375,Adenocarcinoma,-0.6687636434404057,0.2037773994197992,9,FOXA1
400,Adenocarcinoma,-0.6542958836180162,0.21343592079459453,9,FOXA1
425,Adenocarcinoma,-0.6082313736834344,0.225613834435014,9,FOXA1
450,Adenocarcinoma,-0.5581614065961207,0.20208293950310194,9,FOXA1
475,Adenocarcinoma,-0.4434706890936134,0.24647462544325127,9,FOXA1
500,Adenocarcinoma,-0.519600932003679,0.24353797939097152,9,FOXA1
525,Adenocarcinoma,-0.6137655041195754,0.21643552165200952,9,FOXA1
550,Adenocarcinoma,-0.8090977086818146,0.1930265523247615,9,FOXA1
575,Adenocarcinoma,-0.8936175944543169,0.152043896695636,9,FOXA1
600,Adenocarcinoma,-0.8821652235991881,0.11416210883778806,9,FOXA1
625,Adenocarcinoma,-0.7620251967375976,0.08299666096253903,9,FOXA1
650,Adenocarcinoma,-0.659360971467244,0.08533367829226712,9,FOXA1
675,Adenocarcinoma,-0.6824021763289,0.09641701081244719,9,FOXA1
700,Adenocarcinoma,-0.8417727539781729,0.16892693053243946,9,FOXA1
725,Adenocarcinoma,-0.807508426186234,0.1736309291163708,9,FOXA1
750,Adenocarcinoma,-0.8027445023245423,0.17503834138853178,9,FOXA1
775,Adenocarcinoma,-0.664041973594707,0.16925183850815864,9,FOXA1
800,Adenocarcinoma,-0.5295534852017106,0.1628748982689795,9,FOXA1
825,Adenocarcinoma,-0.45402230735401417,0.16815216113982123,9,FOXA1
850,Adenocarcinoma,-0.266298465156743,0.14362680986727322,9,FOXA1
875,Adenocarcinoma,-0.03822801888324948,0.13035118855562342,9,FOXA1
900,Adenocarcinoma,-0.11101306207851462,0.13562849360068094,9,FOXA1
925,Adenocarcinoma,-0.2922265809612137,0.1271807343576294,9,FOXA1
950,Adenocarcinoma,-0.3748210767156423,0.1392964072581548,9,FOXA1
975,Adenocarcinoma,-0.32777638310182583,0.14142211889437273,9,FOXA1
1000,Adenocarcinoma,-0.2874461858224868,0.12247665908648088,9,FOXA1
1025,Adenocarcinoma,-0.2472067174194637,0.09138269078460214,9,FOXA1
1050,Adenocarcinoma,-0.33819112075137125,0.06996645077757103,9,FOXA1
1075,Adenocarcinoma,-0.2882134880926024,0.05284734188070273,9,FOXA1
1100,Adenocarcinoma,-0.25255280965555116,0.08106309462169078,9,FOXA1
1125,Adenocarcinoma,-0.29700651701154723,0.12829840278911,9,FOXA1
1150,Adenocarcinoma,-0.3193980304135955,0.1453571998631802,9,FOXA1
1175,Adenocarcinoma,-0.26786524933941713,0.11704173825248144,9,FOXA1
1200,Adenocarcinoma,-0.23159309968825528,0.10925295482267022,9,FOXA1
1225,Adenocarcinoma,-0.27986401605284533,0.14153128805279877,9,FOXA1
1250,Adenocarcinoma,-0.3171220382849691,0.17518918963618554,9,FOXA1
1275,Adenocarcinoma,-0.2723808168155246,0.16588514350761388,9,FOXA1
1300,Adenocarcinoma,-0.15626786673540094,0.18057951007788245,9,FOXA1
1325,Adenocarcinoma,-0.021285399767815273,0.22612495416653444,9,FOXA1
1350,Adenocarcinoma,0.007059201101469379,0.24806916414013283,9,FOXA1
1375,Adenocarcinoma,0.06411714630222717,0.2788867992006062,9,FOXA1
1400,Adenocarcinoma,0.19307016116250236,0.2495324473274385,9,FOXA1
1425,Adenocarcinoma,0.1983819506095358,0.24282799853715406,9,FOXA1
1450,Adenocarcinoma,0.16766362084504205,0.2529627836825178,9,FOXA1
1475,Adenocarcinoma,0.1886481919614445,0.22670383009382247,9,FOXA1
1500,Adenocarcinoma,0.0780869365399504,0.24240682782061643,9,FOXA1
1525,Adenocarcinoma,0.0862963486729873,0.1973276468595084,9,FOXA1
1550,Adenocarcinoma,0.09191487563935077,0.1899563704608306,9,FOXA1
1575,Adenocarcinoma,0.11420861175149999,0.1568910807388423,9,FOXA1
1600,Adenocarcinoma,0.10770276143624,0.1312950786002323,9,FOXA1
1625,Adenocarcinoma,0.10238583515949377,0.15861253958082527,9,FOXA1
1650,Adenocarcinoma,0.07108301175020326,0.17436494143572856,9,FOXA1
1675,Adenocarcinoma,0.051347085285914904,0.1709860514729754,9,FOXA1
1700,Adenocarcinoma,0.0509703795389278,0.18126239888889964,9,FOXA1
1725,Adenocarcinoma,0.0797668408785224,0.18975228830531507,9,FOXA1
1750,Adenocarcinoma,0.12689536656264735,0.21261750937437685,9,FOXA1
1775,Adenocarcinoma,0.212658647927282,0.1713561324817102,9,FOXA1
1800,Adenocarcinoma,0.18361463454994614,0.13699856000158972,9,FOXA1
1825,Adenocarcinoma,0.1996764740614766,0.12460038942981806,9,FOXA1
1850,Adenocarcinoma,0.1319931973832165,0.12854735893172434,9,FOXA1
1875,Adenocarcinoma,0.02569281224381807,0.15385130932479013,9,FOXA1
1900,Adenocarcinoma,0.07751431498187492,0.15746514286667537,9,FOXA1
1925,Adenocarcinoma,0.10001862875052728,0.13377871856467285,9,FOXA1
1950,Adenocarcinoma,0.1433065916749613,0.16356015233593776,9,FOXA1
1975,Adenocarcinoma,0.1263991435540984,0.19005542975839773,9,FOXA1
2000,Adenocarcinoma,0.14989832562479144,0.22260377514371762,9,FOXA1
2025,Adenocarcinoma,0.2425705110635188,0.24754956817640072,9,FOXA1
2050,Adenocarcinoma,0.34503460404338726,0.2122146123173904,9,FOXA1
2075,Adenocarcinoma,0.40734303552489015,0.17896327025055916,9,FOXA1
2100,Adenocarcinoma,0.5515528986966834,0.18050574517035223,9,FOXA1
2125,Adenocarcinoma,0.5122066230591841,0.18347377214477123,9,FOXA1
2150,Adenocarcinoma,0.42833452670414474,0.17840977314504294,9,FOXA1
2175,Adenocarcinoma,0.3478526842142534,0.17304817693989558,9,FOXA1
2200,Adenocarcinoma,0.44883739020274654,0.21294829412129793,9,FOXA1
2225,Adenocarcinoma,0.5126825055466572,0.2008691867605329,9,FOXA1
2250,Adenocarcinoma,0.5803819746942533,0.19094453858449065,9,FOXA1
2275,Adenocarcinoma,0.6795875092667595,0.2068963245881097,9,FOXA1
2300,Adenocarcinoma,0.8358477296631965,0.20968111718193957,9,FOXA1
2325,Adenocarcinoma,0.8809486467244617,0.21002001967661452,9,FOXA1
2350,Adenocarcinoma,0.8162697048398634,0.20413827561662923,9,FOXA1
2375,Adenocarcinoma,0.760998486579331,0.2178060214924706,9,FOXA1
2400,Adenocarcinoma,0.6181133688659858,0.20204748568778833,9,FOXA1
2425,Adenocarcinoma,0.5845071421557533,0.16333021812080342,9,FOXA1
2450,Adenocarcinoma,0.5468913927819898,0.12818667136385015,9,FOXA1
2475,Adenocarcinoma,0.4590326179979923,0.13941357682787872,9,FOXA1
2500,Adenocarcinoma,0.44411093798299817,0.13442727435592555,9,FOXA1
2525,Adenocarcinoma,0.4927613867284051,0.1495045694639394,9,FOXA1
2550,Adenocarcinoma,0.5390024611337468,0.1672412452115081,9,FOXA1
2575,Adenocarcinoma,0.6052149371893992,0.14489793888019487,9,FOXA1
2600,Adenocarcinoma,0.6137650232809833,0.1596124908604251,9,FOXA1
2625,Adenocarcinoma,0.6230666388460759,0.19484761292344185,9,FOXA1
2650,Adenocarcinoma,0.7717441834013242,0.18820028397072175,9,FOXA1
2675,Adenocarcinoma,0.8616667029724652,0.13936433268691686,9,FOXA1
2700,Adenocarcinoma,0.7798402293026938,0.14562180561998425,9,FOXA1
2725,Adenocarcinoma,0.5528660949873614,0.17151834717428097,9,FOXA1
2750,Adenocarcinoma,0.44011647327612047,0.197315640798692,9,FOXA1
2775,Adenocarcinoma,0.411839062976668,0.2021491741421395,9,FOXA1
2800,Adenocarcinoma,0.4345659485452554,0.18899899218538596,9,FOXA1
2825,Adenocarcinoma,0.30396583266848304,0.1566534373630568,9,FOXA1
2850,Adenocarcinoma,0.34870883435620487,0.13095203392152474,9,FOXA1
2875,Adenocarcinoma,0.5074085942091116,0.14314350890103475,9,FOXA1
2900,Adenocarcinoma,0.5870735939204094,0.14986953378245887,9,FOXA1
2925,Adenocarcinoma,0.5780966774644892,0.15701957093606841,9,FOXA1
2950,Adenocarcinoma,0.5386728476193299,0.14485045414812595,9,FOXA1
2975,Adenocarcinoma,0.6057846873340158,0.15551148156853992,9,FOXA1
3000,Adenocarcinoma,-42.97688050198185,0.7859119455190737,9,FOXA1
-3000,Healthy,0.5193619040660098,0.08424365900677278,40,FOXA1
-2975,Healthy,0.3926343524883742,0.08609819206021072,40,FOXA1
-2950,Healthy,0.3143991247558409,0.08910459267735484,40,FOXA1
-2925,Healthy,0.2583302427497656,0.08453779865089057,40,FOXA1
-2900,Healthy,0.19745693970104747,0.07268001417864171,40,FOXA1
-2875,Healthy,0.12320056499545488,0.06639697887246278,40,FOXA1
-2850,Healthy,0.0335975345676435,0.07856416355734352,40,FOXA1
-2825,Healthy,0.06806392765443738,0.0844290599589145,40,FOXA1
-2800,Healthy,0.09715035325625124,0.08037019088736796,40,FOXA1
-2775,Healthy,0.0583973830002163,0.07638642315973354,40,FOXA1
-2750,Healthy,-0.015929945952923692,0.07865368479789757,40,FOXA1
-2725,Healthy,0.007528363863418347,0.07678263986641796,40,FOXA1
-2700,Healthy,-0.026664034676590488,0.07720559928031384,40,FOXA1
-2675,Healthy,0.02612783287839561,0.07436771625924299,40,FOXA1
-2650,Healthy,0.06647422352333689,0.07040748865905012,40,FOXA1
-2625,Healthy,0.08793295862775506,0.07087096725210348,40,FOXA1
-2600,Healthy,0.13477559987404553,0.07411443621094721,40,FOXA1
-2575,Healthy,0.17310257630511564,0.08084907562114126,40,FOXA1
-2550,Healthy,0.19191296617120165,0.08558932564552874,40,FOXA1
-2525,Healthy,0.2452354017327648,0.08352515077973041,40,FOXA1
-2500,Healthy,0.3020900075958256,0.082872226656395,40,FOXA1
-2475,Healthy,0.3896665413259022,0.08433993016639957,40,FOXA1
-2450,Healthy,0.4176766657104694,0.08149524941847572,40,FOXA1
-2425,Healthy,0.3558221511059737,0.07365592500102337,40,FOXA1
-2400,Healthy,0.3094196327147127,0.07087335481291743,40,FOXA1
-2375,Healthy,0.2425234531827263,0.0593047575726268,40,FOXA1
-2350,Healthy,0.1658594282681477,0.0610612027332058,40,FOXA1
-2325,Healthy,0.14665889236193586,0.07276552866571363,40,FOXA1
-2300,Healthy,0.14212395775091194,0.07918393188934378,40,FOXA1
-2275,Healthy,0.2628388890989097,0.08096591861748731,40,FOXA1
-2250,Healthy,0.3383421931443449,0.07076485335433189,40,FOXA1
-2225,Healthy,0.3386246920268124,0.06329818688435576,40,FOXA1
-2200,Healthy,0.4022490253634907,0.06266018777632532,40,FOXA1
-2175,Healthy,0.3546179186411649,0.06201346767400262,40,FOXA1
-2150,Healthy,0.29764171913526327,0.06259944321652995,40,FOXA1
-2125,Healthy,0.31618820518489665,0.059011449347843956,40,FOXA1
-2100,Healthy,0.32892517350362965,0.06837776893680911,40,FOXA1
-2075,Healthy,0.4356220241976348,0.06425125630865278,40,FOXA1
-2050,Healthy,0.4757431080879895,0.06478716933645305,40,FOXA1
-2025,Healthy,0.4656722278518211,0.06777614025748586,40,FOXA1
-2000,Healthy,0.43587295414578586,0.06301626441007721,40,FOXA1
-1975,Healthy,0.3615439695089548,0.058841172922594116,40,FOXA1
-1950,Healthy,0.29332996050213167,0.05943859020319902,40,FOXA1
-1925,Healthy,0.1706921507653297,0.05946114127979549,40,FOXA1
-1900,Healthy,0.07998617940295098,0.06201295825693943,40,FOXA1
-1875,Healthy,0.0438914183846767,0.07652159503445669,40,FOXA1
-1850,Healthy,-0.0032141160199053217,0.08110173310759534,40,FOXA1
-1825,Healthy,0.0037594144037734856,0.08242240658540914,40,FOXA1
-1800,Healthy,0.06948492944787898,0.08037968788018146,40,FOXA1
-1775,Healthy,0.12012303093367817,0.07932313459973336,40,FOXA1
-1750,Healthy,0.16623843818666859,0.0825188832308638,40,FOXA1
-1725,Healthy,0.26226060235671783,0.08398641796328532,40,FOXA1
-1700,Healthy,0.36917287955983713,0.08169958819962778,40,FOXA1
-1675,Healthy,0.3900639435167842,0.07258904243128853,40,FOXA1
-1650,Healthy,0.4020552294520051,0.07024087245980402,40,FOXA1
-1625,Healthy,0.35283024779992417,0.07341296230196603,40,FOXA1
-1600,Healthy,0.3565876385949316,0.08198159662398377,40,FOXA1
-1575,Healthy,0.3299556469142495,0.08716243357512665,40,FOXA1
-1550,Healthy,0.30453048218266365,0.08607102656262589,40,FOXA1
-1525,Healthy,0.2782873339988387,0.08414008738698449,40,FOXA1
-1500,Healthy,0.28571503383784247,0.08479398499558585,40,FOXA1
-1475,Healthy,0.31834675588579636,0.0848237041056798,40,FOXA1
-1450,Healthy,0.30211413513174284,0.08393909501446262,40,FOXA1
-1425,Healthy,0.18479918661145386,0.07701790447320624,40,FOXA1
-1400,Healthy,0.0943823752349962,0.08034691797086659,40,FOXA1
-1375,Healthy,0.033593756045221454,0.07523545673039254,40,FOXA1
-1350,Healthy,0.021540550495346058,0.07306329206527576,40,FOXA1
-1325,Healthy,-0.01685494896168366,0.06715633174087651,40,FOXA1
-1300,Healthy,-0.0959928440328978,0.06879737637510269,40,FOXA1
-1275,Healthy,-0.14127851202085118,0.07296218508921193,40,FOXA1
-1250,Healthy,-0.22942580201035856,0.07635020279160416,40,FOXA1
-1225,Healthy,-0.37139018729565493,0.07066101261659805,40,FOXA1
-1200,Healthy,-0.4806692354062583,0.07180858699891687,40,FOXA1
-1175,Healthy,-0.4598338033818644,0.07353753105108832,40,FOXA1
-1150,Healthy,-0.4204836102171757,0.0814828256946056,40,FOXA1
-1125,Healthy,-0.4059332450135341,0.08299509674776141,40,FOXA1
-1100,Healthy,-0.34195778803398996,0.08095793226769413,40,FOXA1
-1075,Healthy,-0.295697940913816,0.08032036442410992,40,FOXA1
-1050,Healthy,-0.2568559111254685,0.07513107583053279,40,FOXA1
-1025,Healthy,-0.29082159288157045,0.06535433662337752,40,FOXA1
-1000,Healthy,-0.33197349736164233,0.07046132052338662,40,FOXA1
-975,Healthy,-0.2632385771120551,0.06597297106847605,40,FOXA1
-950,Healthy,-0.19510479169520495,0.07406304575757036,40,FOXA1
-925,Healthy,-0.17211721872684227,0.07571618857706792,40,FOXA1
-900,Healthy,-0.07374506823369785,0.07230604362763042,40,FOXA1
-875,Healthy,-0.04448517255346373,0.07512905265566244,40,FOXA1
-850,Healthy,-0.04740874634866969,0.07251942307524728,40,FOXA1
-825,Healthy,-0.14219313658871058,0.08244596620748959,40,FOXA1
-800,Healthy,-0.15911937283863478,0.08776452778835447,40,FOXA1
-775,Healthy,-0.1442169555101367,0.08522017808391469,40,FOXA1
-750,Healthy,-0.19277978519542668,0.09377969479915796,40,FOXA1
-725,Healthy,-0.2577526972596766,0.09702638169958427,40,FOXA1
-700,Healthy,-0.2741616585299941,0.08828362948203933,40,FOXA1
-675,Healthy,-0.2936191626832259,0.09031180802011306,40,FOXA1
-650,Healthy,-0.30168473141827296,0.08575091488960938,40,FOXA1
-625,Healthy,-0.38674181536521257,0.07706648449108276,40,FOXA1
-600,Healthy,-0.4191499761553829,0.07450752892773922,40,FOXA1
-575,Healthy,-0.34276066974226205,0.0806664712928348,40,FOXA1
-550,Healthy,-0.23015182077931273,0.08584837185713817,40,FOXA1
-525,Healthy,-0.26955332040674795,0.0932809789461675,40,FOXA1
-500,Healthy,-0.29067758387771475,0.08819145599889772,40,FOXA1
-475,Healthy,-0.20684691451287163,0.07024955518745593,40,FOXA1
-450,Healthy,-0.15283722442930087,0.06588305377843649,40,FOXA1
-425,Healthy,-0.1331742779783764,0.06904036895970235,40,FOXA1
-400,Healthy,-0.027684676928650943,0.07115928281321159,40,FOXA1
-375,Healthy,0.1526727506234108,0.07105089042984736,40,FOXA1
-350,Healthy,0.3836054084927598,0.07061543429468635,40,FOXA1
-325,Healthy,0.5201563956013046,0.07438913670905642,40,FOXA1
-300,Healthy,0.5926307055145941,0.07179017441106596,40,FOXA1
-275,Healthy,0.8309568451712864,0.0676966465274796,40,FOXA1
-250,Healthy,1.1499178830392192,0.0638876796774843,40,FOXA1
-225,Healthy,1.4678767245624826,0.05725614179176384,40,FOXA1
-200,Healthy,1.72492549100892,0.05871322249084725,40,FOXA1
-175,Healthy,2.1071472262781157,0.07271516111014184,40,FOXA1
-150,Healthy,2.4974695939794795,0.07457330124978541,40,FOXA1
-125,Healthy,2.72834374503061,0.07296012276947693,40,FOXA1
-100,Healthy,2.9290290437052704,0.09105352826679873,40,FOXA1
-75,Healthy,2.9548539745332922,0.10529528956002415,40,FOXA1
-50,Healthy,2.9488736483276434,0.1191011473223898,40,FOXA1
-25,Healthy,2.937854859854331,0.13007193453665997,40,FOXA1
0,Healthy,2.9695938984175383,0.1288275060980078,40,FOXA1
25,Healthy,3.0591682748497275,0.11087064433396082,40,FOXA1
50,Healthy,3.0251608335563414,0.09446505315994672,40,FOXA1
75,Healthy,2.9280315797168024,0.07957520516238349,40,FOXA1
100,Healthy,2.741663615558498,0.07397390154392974,40,FOXA1
125,Healthy,2.3711733844715637,0.07700330861590289,40,FOXA1
150,Healthy,1.8612676020500787,0.07406396069476781,40,FOXA1
175,Healthy,1.3909562290874853,0.0689416612843822,40,FOXA1
200,Healthy,0.9988681973949464,0.06810775997102092,40,FOXA1
225,Healthy,0.7295304496251556,0.0624693421183114,40,FOXA1
250,Healthy,0.5836369598909762,0.07002876341330312,40,FOXA1
275,Healthy,0.4035843912343771,0.07496663414167982,40,FOXA1
300,Healthy,0.2833718622577844,0.07492822802321246,40,FOXA1
325,Healthy,0.10595916706016911,0.07636835654570194,40,FOXA1
350,Healthy,-0.07402718379528785,0.07744755845897096,40,FOXA1
375,Healthy,-0.20813778545291167,0.0789901453276486,40,FOXA1
400,Healthy,-0.2838023268583161,0.07282132178149443,40,FOXA1
425,Healthy,-0.303732632793199,0.07909917759352426,40,FOXA1
450,Healthy,-0.2508358281486373,0.0859151772213054,40,FOXA1
475,Healthy,-0.26300688417800977,0.08347602295423508,40,FOXA1
500,Healthy,-0.3430901912805404,0.08435317425915294,40,FOXA1
525,Healthy,-0.48904941794037776,0.08891652856467813,40,FOXA1
550,Healthy,-0.6274471097647498,0.08825031545757238,40,FOXA1
575,Healthy,-0.638713601216345,0.07750127295315659,40,FOXA1
600,Healthy,-0.5850794200434096,0.06806922406660273,40,FOXA1
625,Healthy,-0.5523469204883998,0.06755585834522145,40,FOXA1
650,Healthy,-0.5261415989209243,0.06369328065701323,40,FOXA1
675,Healthy,-0.5701315602588243,0.058617396338504206,40,FOXA1
700,Healthy,-0.5605811647168631,0.06534422500875131,40,FOXA1
725,Healthy,-0.5260005394877376,0.07134059728824071,40,FOXA1
750,Healthy,-0.5810884243032401,0.06852736759813194,40,FOXA1
775,Healthy,-0.49451092767769533,0.06469591294985277,40,FOXA1
800,Healthy,-0.39833723269846316,0.06960601123749455,40,FOXA1
825,Healthy,-0.2929517804896108,0.0715780905481305,40,FOXA1
850,Healthy,-0.1798937544897905,0.0749647949648565,40,FOXA1
875,Healthy,-0.12283885518829964,0.07855603405017957,40,FOXA1
900,Healthy,-0.09173253493322069,0.07426643114316513,40,FOXA1
925,Healthy,-0.1272829232625559,0.07510412236869815,40,FOXA1
950,Healthy,-0.12010043491868246,0.07468621848890931,40,FOXA1
975,Healthy,-0.07763530187252311,0.08093646297023659,40,FOXA1
1000,Healthy,-0.0805688665256689,0.07422750851121533,40,FOXA1
1025,Healthy,-0.08132393448623618,0.06957409829886925,40,FOXA1
1050,Healthy,-0.15312554000510792,0.06310007374638696,40,FOXA1
1075,Healthy,-0.16483085071564468,0.05683621383029894,40,FOXA1
1100,Healthy,-0.1351639386053502,0.07173986953656286,40,FOXA1
1125,Healthy,-0.21818005716658234,0.0746854488689982,40,FOXA1
1150,Healthy,-0.24160591894588193,0.08147806909662372,40,FOXA1
1175,Healthy,-0.22319970120994082,0.08143702828209928,40,FOXA1
1200,Healthy,-0.22525233836558584,0.08017599162116595,40,FOXA1
1225,Healthy,-0.16331738490054915,0.07447502360913569,40,FOXA1
1250,Healthy,-0.14220283141817924,0.06847008870853533,40,FOXA1
1275,Healthy,-0.17232222912161943,0.06256513012269281,40,FOXA1
1300,Healthy,-0.1459580292689098,0.0704220250570394,40,FOXA1
1325,Healthy,-0.22734711534943852,0.06822750546279119,40,FOXA1
1350,Healthy,-0.31272468011694127,0.06690818551842526,40,FOXA1
1375,Healthy,-0.2776816875369262,0.0704701022200537,40,FOXA1
1400,Healthy,-0.3351279899350668,0.06466316344190412,40,FOXA1
1425,Healthy,-0.31819666464521384,0.056462707982837326,40,FOXA1
1450,Healthy,-0.35886678441906184,0.05763724513360724,40,FOXA1
1475,Healthy,-0.34205288643428317,0.06612526245707465,40,FOXA1
1500,Healthy,-0.3211377334253869,0.07368877448689529,40,FOXA1
1525,Healthy,-0.28176455872267026,0.07135078085927894,40,FOXA1
1550,Healthy,-0.20566731019647785,0.07574192816185987,40,FOXA1
1575,Healthy,-0.1432843224527823,0.08635256050956888,40,FOXA1
1600,Healthy,-0.15933010270121853,0.08689423465465751,40,FOXA1
1625,Healthy,-0.2424112818854647,0.07877152357167636,40,FOXA1
1650,Healthy,-0.18197725503117346,0.07297441478600561,40,FOXA1
1675,Healthy,-0.08622597668111377,0.06743739761613655,40,FOXA1
1700,Healthy,-0.10941587880859699,0.06521814726219194,40,FOXA1
1725,Healthy,-0.13103155809678405,0.06940129275112296,40,FOXA1
1750,Healthy,-0.07898571127889625,0.07171291909603186,40,FOXA1
1775,Healthy,-0.03377506766205392,0.06637238047581433,40,FOXA1
1800,Healthy,0.0013016889417501942,0.06995778977295455,40,FOXA1
1825,Healthy,0.06180574258058983,0.06698849016634409,40,FOXA1
1850,Healthy,0.057317919341740665,0.06536858434889684,40,FOXA1
1875,Healthy,-0.009060408207735373,0.07248998539231918,40,FOXA1
1900,Healthy,0.08251126240572382,0.0759463860311948,40,FOXA1
1925,Healthy,0.13759382039581597,0.07446029948786584,40,FOXA1
1950,Healthy,0.10353485673274737,0.07625194206847911,40,FOXA1
1975,Healthy,0.11147904510423755,0.07779870400521109,40,FOXA1
2000,Healthy,0.11674367005684132,0.08217228524296617,40,FOXA1
2025,Healthy,0.14689969274992112,0.07624974215869659,40,FOXA1
2050,Healthy,0.21082440073824202,0.07011210086364748,40,FOXA1
2075,Healthy,0.27225693064292494,0.06849646917013091,40,FOXA1
2100,Healthy,0.28713756852531735,0.07097730545803699,40,FOXA1
2125,Healthy,0.28264600327236017,0.06729664670797511,40,FOXA1
2150,Healthy,0.16825292152263527,0.07155090690607127,40,FOXA1
2175,Healthy,0.09263995240560079,0.08313600299502229,40,FOXA1
2200,Healthy,0.08687159239382748,0.08053979160057037,40,FOXA1
2225,Healthy,0.07558100778954091,0.0762649365084329,40,FOXA1
2250,Healthy,0.16157278562226574,0.08145696565222246,40,FOXA1
2275,Healthy,0.2856014768041276,0.08278525058051346,40,FOXA1
2300,Healthy,0.317188792740456,0.07859679354867946,40,FOXA1
2325,Healthy,0.280088258427523,0.07379667297793975,40,FOXA1
2350,Healthy,0.2599148680416359,0.08438758217745794,40,FOXA1
2375,Healthy,0.22610589765894804,0.081809920868447,40,FOXA1
2400,Healthy,0.09635402921631496,0.08122295062707383,40,FOXA1
2425,Healthy,0.06541598802155739,0.08349216437521023,40,FOXA1
2450,Healthy,0.11810209862573416,0.083301876919835,40,FOXA1
2475,Healthy,0.18516026436802072,0.07540811400990648,40,FOXA1
2500,Healthy,0.13663771444000725,0.07504368224344346,40,FOXA1
2525,Healthy,0.05168098766410588,0.06963263155886394,40,FOXA1
2550,Healthy,0.01986437441978339,0.07003510805708936,40,FOXA1
2575,Healthy,0.03179600159843207,0.06783906636244764,40,FOXA1
2600,Healthy,0.05108564862961801,0.057903193399606125,40,FOXA1
2625,Healthy,0.01789903887784653,0.06621197513747112,40,FOXA1
2650,Healthy,0.015237618399917144,0.0632275823637464,40,FOXA1
2675,Healthy,0.048263299667676,0.05882730791572075,40,FOXA1
2700,Healthy,0.07663556539017605,0.06039577669968124,40,FOXA1
2725,Healthy,0.01020266395028024,0.06344371058608637,40,FOXA1
2750,Healthy,-0.035199549739688855,0.06881551651333054,40,FOXA1
2775,Healthy,-0.0018698464278632434,0.06864520544911368,40,FOXA1
2800,Healthy,0.03342033788511933,0.06450713150096639,40,FOXA1
2825,Healthy,0.04948474331357819,0.06718797808688322,40,FOXA1
2850,Healthy,0.08031675361576261,0.062784049152404,40,FOXA1
2875,Healthy,0.1049620189440357,0.059313806703632024,40,FOXA1
2900,Healthy,0.08698568915269511,0.06776819141785168,40,FOXA1
2925,Healthy,0.08366002648043727,0.0821558542780467,40,FOXA1
2950,Healthy,0.15293084565873044,0.08327322146014053,40,FOXA1
2975,Healthy,0.28452896893329743,0.08283474813817032,40,FOXA1
3000,Healthy,-45.685057276961075,0.1923232046055741,40,FOXA1
-3000,Squamous,0.7071881095350815,0.2221557473280102,7,FOXA1
-2975,Squamous,0.5140097542440929,0.24435522006141847,7,FOXA1
-2950,Squamous,0.48846836349818545,0.26794874857716117,7,FOXA1
-2925,Squamous,0.4433672327990875,0.21556079991185534,7,FOXA1
-2900,Squamous,0.4484157445242129,0.16227630851887048,7,FOXA1
-2875,Squamous,0.34501994902129063,0.17812706478557871,7,FOXA1
-2850,Squamous,0.2787783471154235,0.20493750939280356,7,FOXA1
-2825,Squamous,0.29828307215515515,0.18362023222408838,7,FOXA1
-2800,Squamous,0.31177327765624374,0.216082106273203,7,FOXA1
-2775,Squamous,0.2691578462176459,0.25744817133190656,7,FOXA1
-2750,Squamous,0.24073395562401034,0.274023400841348,7,FOXA1
-2725,Squamous,0.30898739335763176,0.26024509473103397,7,FOXA1
-2700,Squamous,0.2866771197209761,0.23416372719083242,7,FOXA1
-2675,Squamous,0.1267222678022917,0.2517700639007188,7,FOXA1
-2650,Squamous,0.19588059409742364,0.28027734229651813,7,FOXA1
-2625,Squamous,0.39447601439531654,0.2866965842505783,7,FOXA1
-2600,Squamous,0.4060274551600517,0.24233515580215945,7,FOXA1
-2575,Squamous,0.5091305129616709,0.19443807025770213,7,FOXA1
-2550,Squamous,0.5209617970076563,0.18232711731090012,7,FOXA1
-2525,Squamous,0.5295420670333071,0.1834959996554999,7,FOXA1
-2500,Squamous,0.6213147850441493,0.13878840831671968,7,FOXA1
-2475,Squamous,0.7618477249363936,0.11427262631039987,7,FOXA1
-2450,Squamous,0.6525984082532064,0.0961486529350517,7,FOXA1
-2425,Squamous,0.5209847229359487,0.11696063286000365,7,FOXA1
-2400,Squamous,0.3776225307557808,0.09158781314957866,7,FOXA1
-2375,Squamous,0.2697167130289571,0.11344376411507658,7,FOXA1
-2350,Squamous,0.2864647056963895,0.14149230484741904,7,FOXA1
-2325,Squamous,0.23238931776982502,0.13923215683430357,7,FOXA1
-2300,Squamous,0.2256202243774547,0.1349602387924852,7,FOXA1
-2275,Squamous,0.3506661742068326,0.16290850158248738,7,FOXA1
-2250,Squamous,0.43303681973827274,0.14644789620463633,7,FOXA1
-2225,Squamous,0.4309715842767392,0.14006207181676317,7,FOXA1
-2200,Squamous,0.4933363714051614,0.15528453083351473,7,FOXA1
-2175,Squamous,0.4447273364632103,0.16205837624261668,7,FOXA1
-2150,Squamous,0.473838776659382,0.17987730287445955,7,FOXA1
-2125,Squamous,0.5090500107803972,0.22884167573175482,7,FOXA1
-2100,Squamous,0.5835060044693214,0.23636715393664537,7,FOXA1
-2075,Squamous,0.6950779691757719,0.21319793830604641,7,FOXA1
-2050,Squamous,0.7441384937119674,0.20374853651813898,7,FOXA1
-2025,Squamous,0.6627131793113387,0.18327201505194862,7,FOXA1
-2000,Squamous,0.4053362404393821,0.21996752861287724,7,FOXA1
-1975,Squamous,0.2726096206643285,0.20056002240141585,7,FOXA1
-1950,Squamous,0.19549264194826718,0.17637397198935262,7,FOXA1
-1925,Squamous,0.08990281416574379,0.2026946954867448,7,FOXA1
-1900,Squamous,-0.0951630583392482,0.21159492440433092,7,FOXA1
-1875,Squamous,-0.15446076283581997,0.20857553673148033,7,FOXA1
-1850,Squamous,-0.1493020389100352,0.18903776511868892,7,FOXA1
-1825,Squamous,-0.11689504759635859,0.14647503168667178,7,FOXA1
-1800,Squamous,-0.07832872105069627,0.17541289264116786,7,FOXA1
-1775,Squamous,-0.03242602006119703,0.1185451526691837,7,FOXA1
-1750,Squamous,0.09406240774140318,0.15333560585324466,7,FOXA1
-1725,Squamous,0.2759823628052358,0.1617880688855879,7,FOXA1
-1700,Squamous,0.4247123471195147,0.21518787470276327,7,FOXA1
-1675,Squamous,0.5552567943945178,0.1670624647780708,7,FOXA1
-1650,Squamous,0.6787410700602532,0.13077417601983987,7,FOXA1
-1625,Squamous,0.6565109652830455,0.12881774459020573,7,FOXA1
-1600,Squamous,0.5324475151195102,0.14202642301895896,7,FOXA1
-1575,Squamous,0.5575271372590347,0.149240807233598,7,FOXA1
-1550,Squamous,0.5921546596390981,0.1477839857886658,7,FOXA1
-1525,Squamous,0.5793126900531014,0.15930781692572216,7,FOXA1
-1500,Squamous,0.5471422253435244,0.1737148949264461,7,FOXA1
-1475,Squamous,0.5679561064259697,0.1868120885217771,7,FOXA1
-1450,Squamous,0.5380516129734298,0.1750433627532625,7,FOXA1
-1425,Squamous,0.4599494529658257,0.17436271502975062,7,FOXA1
-1400,Squamous,0.34990741415268195,0.1642383543411962,7,FOXA1
-1375,Squamous,0.23651597555962597,0.19866895419299774,7,FOXA1
-1350,Squamous,0.05769135110351514,0.22922142576665333,7,FOXA1
-1325,Squamous,-0.012204414268372403,0.2220992499625049,7,FOXA1
-1300,Squamous,-0.19181463939287763,0.24359461329053833,7,FOXA1
-1275,Squamous,-0.2554672913719682,0.19497254731985483,7,FOXA1
-1250,Squamous,-0.34089210208026266,0.18256274517097867,7,FOXA1
-1225,Squamous,-0.40149335838722067,0.20448683902685613,7,FOXA1
-1200,Squamous,-0.6489250288889877,0.1448735385734121,7,FOXA1
-1175,Squamous,-0.6405141921793945,0.1224347854998483,7,FOXA1
-1150,Squamous,-0.6834179053641141,0.10650272796262665,7,FOXA1
-1125,Squamous,-0.7948271216327295,0.13134739037761453,7,FOXA1
-1100,Squamous,-0.765865859693353,0.13115221858470844,7,FOXA1
-1075,Squamous,-0.7411135566171587,0.10970783510964993,7,FOXA1
-1050,Squamous,-0.5777379094936964,0.11406600123352918,7,FOXA1
-1025,Squamous,-0.40807232957078987,0.1240693832837507,7,FOXA1
-1000,Squamous,-0.43656210031973197,0.09746036631907648,7,FOXA1
-975,Squamous,-0.3213039306154862,0.0680241279515082,7,FOXA1
-950,Squamous,-0.1558536640006356,0.08561749362414467,7,FOXA1
-925,Squamous,-0.08166464842278517,0.13307842678861048,7,FOXA1
-900,Squamous,-0.15692855642903195,0.09152389604378551,7,FOXA1
-875,Squamous,-0.15949375557786666,0.12498005223301624,7,FOXA1
-850,Squamous,-0.12828063436229165,0.13461820846095515,7,FOXA1
-825,Squamous,-0.21487682614635417,0.12413478238596708,7,FOXA1
-800,Squamous,-0.21038736449550444,0.14328880120700574,7,FOXA1
-775,Squamous,-0.10619768197509791,0.11401498340860375,7,FOXA1
-750,Squamous,-0.1221657918053741,0.14347027356559391,7,FOXA1
-725,Squamous,-0.18202823443550997,0.18437295057321448,7,FOXA1
-700,Squamous,-0.30093992840463524,0.2119918848803484,7,FOXA1
-675,Squamous,-0.4358774943206265,0.21965445114029722,7,FOXA1
-650,Squamous,-0.4695307376067385,0.24213818067376452,7,FOXA1
-625,Squamous,-0.5289258330826913,0.21043571632969252,7,FOXA1
-600,Squamous,-0.47660000978467615,0.1721927448885796,7,FOXA1
-575,Squamous,-0.45881927192559224,0.16210503363064846,7,FOXA1
-550,Squamous,-0.3720196247123913,0.1785013017129292,7,FOXA1
-525,Squamous,-0.34538044659687894,0.20966412564750495,7,FOXA1
-500,Squamous,-0.27679253977649854,0.22429571448237037,7,FOXA1
-475,Squamous,-0.27523891656809624,0.25196525313828305,7,FOXA1
-450,Squamous,-0.3047153869324099,0.2317026283726569,7,FOXA1
-425,Squamous,-0.2967119198402699,0.22553477181711673,7,FOXA1
-400,Squamous,-0.194101862988854,0.21505734628409845,7,FOXA1
-375,Squamous,0.07248659914630205,0.17896697904211487,7,FOXA1
-350,Squamous,0.384694703607694,0.1730227957852509,7,FOXA1
-325,Squamous,0.5316282066843399,0.19609202711868434,7,FOXA1
-300,Squamous,0.6625739557334616,0.17790486895663146,7,FOXA1
-275,Squamous,0.9392377474047721,0.16149187831185882,7,FOXA1
-250,Squamous,1.3184357747566846,0.14654100173428056,7,FOXA1
-225,Squamous,1.3798600820347728,0.18547268579039405,7,FOXA1
-200,Squamous,1.5133049764461959,0.2346504170051192,7,FOXA1
-175,Squamous,1.7865441426726578,0.3240023879606401,7,FOXA1
-150,Squamous,2.019113739647551,0.3259314730764262,7,FOXA1
-125,Squamous,2.182428247404905,0.39284745608504373,7,FOXA1
-100,Squamous,2.151441370024169,0.4661992488535467,7,FOXA1
-75,Squamous,2.120697569936576,0.4884516221445452,7,FOXA1
-50,Squamous,2.1223132784197634,0.49380070831507994,7,FOXA1
-25,Squamous,1.956253052534863,0.48700081212645524,7,FOXA1
0,Squamous,1.9653335721032208,0.4533540154616113,7,FOXA1
25,Squamous,1.9815660104682757,0.4055580137279813,7,FOXA1
50,Squamous,2.009053116732885,0.36597947446577994,7,FOXA1
75,Squamous,2.043656205017326,0.2836557329174193,7,FOXA1
100,Squamous,1.957762952556456,0.2919481496948492,7,FOXA1
125,Squamous,1.769726193309374,0.33433588027273503,7,FOXA1
150,Squamous,1.3282969869572843,0.31829846540409634,7,FOXA1
175,Squamous,1.1463773577157805,0.2855153554265704,7,FOXA1
200,Squamous,1.0558073249552133,0.29473862586486527,7,FOXA1
225,Squamous,0.8882834575500234,0.2740571985107974,7,FOXA1
250,Squamous,0.6356231592678931,0.2780391635021861,7,FOXA1
275,Squamous,0.48611780085885964,0.22174685068711886,7,FOXA1
300,Squamous,0.33499188377193573,0.16568308834505613,7,FOXA1
325,Squamous,0.15196410247400066,0.12075231591551527,7,FOXA1
350,Squamous,0.06104866957118941,0.11357955244266349,7,FOXA1
375,Squamous,-0.1767738570394334,0.1470489181810855,7,FOXA1
400,Squamous,-0.39980217349517255,0.17659639047030792,7,FOXA1
425,Squamous,-0.38584222775307997,0.16857793018470957,7,FOXA1
450,Squamous,-0.37721205213898634,0.23342145319568197,7,FOXA1
475,Squamous,-0.40284315412901245,0.26213039593335874,7,FOXA1
500,Squamous,-0.5674624591964667,0.277308946012416,7,FOXA1
525,Squamous,-0.6280944212276505,0.32005921664830383,7,FOXA1
550,Squamous,-0.662621050785478,0.30120854665897995,7,FOXA1
575,Squamous,-0.6093017808007687,0.25805136085598257,7,FOXA1
600,Squamous,-0.4841273910801608,0.22323094569720828,7,FOXA1
625,Squamous,-0.34710684305050427,0.23912432227766797,7,FOXA1
650,Squamous,-0.363974655648267,0.2167744788258905,7,FOXA1
675,Squamous,-0.6628479928360302,0.18104358641275253,7,FOXA1
700,Squamous,-0.91378915736456,0.19651072261091276,7,FOXA1
725,Squamous,-0.9872881715349696,0.21936234428597895,7,FOXA1
750,Squamous,-0.9341001734274027,0.23669652044568554,7,FOXA1
775,Squamous,-0.9688837559257164,0.24627501702762897,7,FOXA1
800,Squamous,-0.880118743424727,0.2579808326346126,7,FOXA1
825,Squamous,-0.7237308080421624,0.21801022461861944,7,FOXA1
850,Squamous,-0.5730682220131915,0.18469027961137158,7,FOXA1
875,Squamous,-0.3706247807073963,0.15649176945624987,7,FOXA1
900,Squamous,-0.3894266241870697,0.12686115719213456,7,FOXA1
925,Squamous,-0.5045721093264101,0.1283703186469204,7,FOXA1
950,Squamous,-0.46569218092373704,0.14964299238857334,7,FOXA1
975,Squamous,-0.45687180562344537,0.15801104941818894,7,FOXA1
1000,Squamous,-0.43578280752695464,0.16266563676152876,7,FOXA1
1025,Squamous,-0.33556792917682826,0.1991169392099983,7,FOXA1
1050,Squamous,-0.17205819091497107,0.21441039013949073,7,FOXA1
1075,Squamous,-0.08211824964871631,0.16087137138649987,7,FOXA1
1100,Squamous,-0.03544253013400481,0.12234337454581556,7,FOXA1
1125,Squamous,-0.023839124623381478,0.11118962072319086,7,FOXA1
1150,Squamous,0.06804741023608159,0.0824307324353985,7,FOXA1
1175,Squamous,0.15414739989628376,0.09046102621664216,7,FOXA1
1200,Squamous,0.0697226296421338,0.1013898513303344,7,FOXA1
1225,Squamous,0.02275360713828762,0.14000496835291162,7,FOXA1
1250,Squamous,0.10221182445900664,0.12028270192430998,7,FOXA1
1275,Squamous,0.09262316970128537,0.12441246724214915,7,FOXA1
1300,Squamous,0.0821770028187352,0.10756642634285739,7,FOXA1
1325,Squamous,-0.034216125254479195,0.1342489427917662,7,FOXA1
1350,Squamous,-0.09107396752998675,0.1971488038022637,7,FOXA1
1375,Squamous,0.017999688159612736,0.19095825891903104,7,FOXA1
1400,Squamous,-0.048428541510229024,0.17193918670748506,7,FOXA1
1425,Squamous,-0.1437305553868895,0.12158798099943323,7,FOXA1
1450,Squamous,-0.15500863699627457,0.11384418642269349,7,FOXA1
1475,Squamous,-0.11874150555243229,0.11870205747186953,7,FOXA1
1500,Squamous,-0.20736965824207423,0.09949405144096052,7,FOXA1
1525,Squamous,-0.13369125623198055,0.14461827262875251,7,FOXA1
1550,Squamous,-0.06579227213371112,0.13833685673078253,7,FOXA1
1575,Squamous,-0.05349827928451901,0.15240932277105143,7,FOXA1
1600,Squamous,-0.06936681949174381,0.12765380173403448,7,FOXA1
1625,Squamous,-0.06251787587378599,0.134853789506278,7,FOXA1
1650,Squamous,0.014750290308897157,0.14428285636074428,7,FOXA1
1675,Squamous,0.11091126847634267,0.14302573717136519,7,FOXA1
1700,Squamous,0.030515678203286496,0.1600461559922182,7,FOXA1
1725,Squamous,0.07175890040925342,0.11885845336970946,7,FOXA1
1750,Squamous,0.1740191764902071,0.15093748617291644,7,FOXA1
1775,Squamous,0.29785496043227827,0.14762954758239455,7,FOXA1
1800,Squamous,0.25780897947945114,0.10776272992745953,7,FOXA1
1825,Squamous,0.1853446317099134,0.14575032733842175,7,FOXA1
1850,Squamous,0.07978307488129054,0.1781678258690073,7,FOXA1
1875,Squamous,0.04592555624266524,0.17869310964952853,7,FOXA1
1900,Squamous,-0.025501760983009894,0.2126755488232124,7,FOXA1
1925,Squamous,-0.059529845922062244,0.21072123117204883,7,FOXA1
1950,Squamous,-0.031194039780201938,0.19962510736557898,7,FOXA1
1975,Squamous,-0.01463166560703809,0.22393733746912262,7,FOXA1
2000,Squamous,0.03791679829597436,0.22086561291082157,7,FOXA1
2025,Squamous,-0.01840071219628735,0.23192700674223982,7,FOXA1
2050,Squamous,0.049048482522096634,0.26037940707571416,7,FOXA1
2075,Squamous,0.09081092012946548,0.24375395912793696,7,FOXA1
2100,Squamous,0.1929703690782081,0.23583313281494003,7,FOXA1
2125,Squamous,0.19655893294836332,0.15863752516939095,7,FOXA1
2150,Squamous,0.14487074452566365,0.14995717622867397,7,FOXA1
2175,Squamous,0.2523517662439921,0.15550846997697598,7,FOXA1
2200,Squamous,0.372174232228542,0.12081287882276653,7,FOXA1
2225,Squamous,0.46478547801616776,0.12103245641427163,7,FOXA1
2250,Squamous,0.5403865622947379,0.13743827566121194,7,FOXA1
2275,Squamous,0.6682129554734908,0.11557426528339104,7,FOXA1
2300,Squamous,0.7637509227519648,0.11736251752416135,7,FOXA1
2325,Squamous,0.5275606831094646,0.15212983841967764,7,FOXA1
2350,Squamous,0.3831689121044772,0.14470126543501946,7,FOXA1
2375,Squamous,0.3551174551241852,0.15180808726074482,7,FOXA1
2400,Squamous,0.24920118261381247,0.11076733306420289,7,FOXA1
2425,Squamous,0.11923753866684922,0.166647955489344,7,FOXA1
2450,Squamous,0.03664578379886093,0.1826100204425236,7,FOXA1
2475,Squamous,-0.042335448550812456,0.23100769328816115,7,FOXA1
2500,Squamous,0.020789070090684175,0.1824955193065024,7,FOXA1
2525,Squamous,-0.04227789267821378,0.18710900884765116,7,FOXA1
2550,Squamous,-0.09338587153085573,0.2054913257985491,7,FOXA1
2575,Squamous,-0.088364100837956025,0.19780669692509426,7,FOXA1
2600,Squamous,-0.08078840155952895,0.16722451734915025,7,FOXA1
2625,Squamous,-0.045305517368745184,0.1870625733591761,7,FOXA1
2650,Squamous,0.016352914525100352,0.1924860700237867,7,FOXA1
2675,Squamous,0.13294047240774792,0.20345838256948892,7,FOXA1
2700,Squamous,0.09696998985434203,0.17225028401757753,7,FOXA1
2725,Squamous,0.2089112596115254,0.15748921033840838,7,FOXA1
2750,Squamous,0.17464059292538403,0.2054047722943667,7,FOXA1
2775,Squamous,0.1535821241580262,0.19291389153274877,7,FOXA1
2800,Squamous,0.2881737569821484,0.21533199579033244,7,FOXA1
2825,Squamous,0.31729144908885176,0.23684204542904194,7,FOXA1
2850,Squamous,0.38982970519317767,0.2635873778703726,7,FOXA1
2875,Squamous,0.5271108907002054,0.31759906298228213,7,FOXA1
2900,Squamous,0.4989603246326256,0.31361953163518247,7,FOXA1
2925,Squamous,0.4761998225780549,0.28190064704286616,7,FOXA1
2950,Squamous,0.44948780417167955,0.19906754300396776,7,FOXA1
2975,Squamous,0.5182817731752848,0.2092940307650307,7,FOXA1
3000,Squamous,-45.46330059754195,0.8057457203100368,7,FOXA1
-3000,Adenocarcinoma,1.8073710970617802,0.13062321738895893,9,MECOM
-2975,Adenocarcinoma,1.7941190286809763,0.09146951552615716,9,MECOM
-2950,Adenocarcinoma,1.7202425039260911,0.07057089204740963,9,MECOM
-2925,Adenocarcinoma,1.7100725111709887,0.05318220155099668,9,MECOM
-2900,Adenocarcinoma,1.5310991197125918,0.05746718353799743,9,MECOM
-2875,Adenocarcinoma,1.561422539143626,0.10634883090047714,9,MECOM
-2850,Adenocarcinoma,1.6196465712387118,0.1410886085067343,9,MECOM
-2825,Adenocarcinoma,1.6818541926713209,0.17247581265062753,9,MECOM
-2800,Adenocarcinoma,1.6750836185666251,0.20460647644087937,9,MECOM
-2775,Adenocarcinoma,1.6962733083417754,0.20119313598487232,9,MECOM
-2750,Adenocarcinoma,1.6208326820808818,0.2122290106554975,9,MECOM
-2725,Adenocarcinoma,1.6190128248992661,0.20492752652410598,9,MECOM
-2700,Adenocarcinoma,1.6058854745700102,0.19429731849875154,9,MECOM
-2675,Adenocarcinoma,1.5083679909098493,0.20713163325130524,9,MECOM
-2650,Adenocarcinoma,1.5506138131193126,0.21391969142361178,9,MECOM
-2625,Adenocarcinoma,1.5801137747548986,0.1742390258774723,9,MECOM
-2600,Adenocarcinoma,1.6009006402405244,0.19333238932076155,9,MECOM
-2575,Adenocarcinoma,1.634601201998369,0.1713112404652547,9,MECOM
-2550,Adenocarcinoma,1.5713927624433908,0.18646722475758834,9,MECOM
-2525,Adenocarcinoma,1.5145862340466119,0.1813541004693822,9,MECOM
-2500,Adenocarcinoma,1.5204644149827924,0.194977007298898,9,MECOM
-2475,Adenocarcinoma,1.454221520023617,0.18560742057501298,9,MECOM
-2450,Adenocarcinoma,1.515100918715369,0.1981759344652961,9,MECOM
-2425,Adenocarcinoma,1.424493649439859,0.20706737165427383,9,MECOM
-2400,Adenocarcinoma,1.3745846302503448,0.1929796640906999,9,MECOM
-2375,Adenocarcinoma,1.333855574737394,0.1729030517369934,9,MECOM
-2350,Adenocarcinoma,1.3268348290007983,0.14984065994688686,9,MECOM
-2325,Adenocarcinoma,1.278284299091688,0.1370267448667745,9,MECOM
-2300,Adenocarcinoma,1.289667389739369,0.19528533080771282,9,MECOM
-2275,Adenocarcinoma,1.393265144641545,0.17412990971056716,9,MECOM
-2250,Adenocarcinoma,1.5101743544522486,0.1797983223026517,9,MECOM
-2225,Adenocarcinoma,1.3460314969008929,0.17185041296144218,9,MECOM
-2200,Adenocarcinoma,1.349014737223386,0.14707004686652558,9,MECOM
-2175,Adenocarcinoma,1.395770147349252,0.16805783796084195,9,MECOM
-2150,Adenocarcinoma,1.3826406258001744,0.18893465676404175,9,MECOM
-2125,Adenocarcinoma,1.4134270347684155,0.19333994501300122,9,MECOM
-2100,Adenocarcinoma,1.5911395558170884,0.19121828433973517,9,MECOM
-2075,Adenocarcinoma,1.6999572133077867,0.19676319033875278,9,MECOM
-2050,Adenocarcinoma,1.7295775325975689,0.17979141282408093,9,MECOM
-2025,Adenocarcinoma,1.7825527303316278,0.1856211734015174,9,MECOM
-2000,Adenocarcinoma,1.789633813546208,0.15586377225938383,9,MECOM
-1975,Adenocarcinoma,1.6975654227627837,0.160123748700701,9,MECOM
-1950,Adenocarcinoma,1.4225915636495432,0.1223370879005044,9,MECOM
-1925,Adenocarcinoma,1.187597862329624,0.11179945781706746,9,MECOM
-1900,Adenocarcinoma,1.0550676037196307,0.08533051845146773,9,MECOM
-1875,Adenocarcinoma,1.0126377505693744,0.09616287283726109,9,MECOM
-1850,Adenocarcinoma,0.964493047260198,0.08510313784001934,9,MECOM
-1825,Adenocarcinoma,0.9665972301766635,0.09866109498232208,9,MECOM
-1800,Adenocarcinoma,0.9089256579816861,0.1261822564282331,9,MECOM
-1775,Adenocarcinoma,0.9829474738334754,0.12641264129364116,9,MECOM
-1750,Adenocarcinoma,1.0453614637894135,0.1363540180314126,9,MECOM
-1725,Adenocarcinoma,0.9093741503604942,0.15228844872713024,9,MECOM
-1700,Adenocarcinoma,0.8677835296829205,0.1692667483230045,9,MECOM
-1675,Adenocarcinoma,0.8658170666015571,0.15230779790988372,9,MECOM
-1650,Adenocarcinoma,0.9113680185921883,0.17190647878658558,9,MECOM
-1625,Adenocarcinoma,0.9176488606822704,0.1754859869366107,9,MECOM
-1600,Adenocarcinoma,0.7766827755001102,0.16458001735818872,9,MECOM
-1575,Adenocarcinoma,0.8172371105823142,0.13288044903627635,9,MECOM
-1550,Adenocarcinoma,0.7721107768191648,0.16016362071788853,9,MECOM
-1525,Adenocarcinoma,0.7670441763626042,0.14643940018456397,9,MECOM
-1500,Adenocarcinoma,0.652768670968962,0.14653249643744323,9,MECOM
-1475,Adenocarcinoma,0.5179215826974486,0.11197839410110005,9,MECOM
-1450,Adenocarcinoma,0.5272922892919838,0.13424619621679135,9,MECOM
-1425,Adenocarcinoma,0.4612503578353202,0.15572609462095638,9,MECOM
-1400,Adenocarcinoma,0.3112024101369353,0.1770676587715423,9,MECOM
-1375,Adenocarcinoma,0.28713312982755523,0.1685374021221874,9,MECOM
-1350,Adenocarcinoma,0.24744968610462784,0.14834186812212485,9,MECOM
-1325,Adenocarcinoma,0.3011160615713149,0.13495687779043794,9,MECOM
-1300,Adenocarcinoma,0.2316279905914001,0.16571244408929894,9,MECOM
-1275,Adenocarcinoma,0.23657134410313338,0.1494153678172917,9,MECOM
-1250,Adenocarcinoma,0.2882246749725624,0.13745450113777108,9,MECOM
-1225,Adenocarcinoma,0.3021727204665175,0.1336210143277428,9,MECOM
-1200,Adenocarcinoma,0.11721496568146687,0.11686456182418549,9,MECOM
-1175,Adenocarcinoma,0.006145903351048588,0.10114631881150882,9,MECOM
-1150,Adenocarcinoma,-0.059605235992309616,0.08257192746417874,9,MECOM
-1125,Adenocarcinoma,-0.036646776444776714,0.09789834707898716,9,MECOM
-1100,Adenocarcinoma,-0.12779350881101745,0.10338490416945927,9,MECOM
-1075,Adenocarcinoma,-0.1886921060718592,0.11401658728810705,9,MECOM
-1050,Adenocarcinoma,-0.2579179986086361,0.15223654110366314,9,MECOM
-1025,Adenocarcinoma,-0.38453882965549857,0.1321570857666543,9,MECOM
-1000,Adenocarcinoma,-0.5947359815020454,0.11324696804964231,9,MECOM
-975,Adenocarcinoma,-0.7063820373431646,0.09921266303849961,9,MECOM
-950,Adenocarcinoma,-0.7266752658605427,0.09869328382399667,9,MECOM
-925,Adenocarcinoma,-0.7925445858707407,0.0883966873750411,9,MECOM
-900,Adenocarcinoma,-0.7824126681859055,0.10630315625855098,9,MECOM
-875,Adenocarcinoma,-0.7510775403349755,0.11494557839876973,9,MECOM
-850,Adenocarcinoma,-0.7248912392972078,0.10496159888860251,9,MECOM
-825,Adenocarcinoma,-0.9001646457642952,0.0789483651712873,9,MECOM
-800,Adenocarcinoma,-1.1006639564082616,0.10248822725561128,9,MECOM
-775,Adenocarcinoma,-1.1693257309505445,0.1346182596939803,9,MECOM
-750,Adenocarcinoma,-1.0898104570703044,0.10845753186104728,9,MECOM
-725,Adenocarcinoma,-1.006408039727049,0.0996949165794281,9,MECOM
-700,Adenocarcinoma,-0.988829119029549,0.11229463284286051,9,MECOM
-675,Adenocarcinoma,-1.0031521576778086,0.11673951456550391,9,MECOM
-650,Adenocarcinoma,-1.0593490354514954,0.10624275071060807,9,MECOM
-625,Adenocarcinoma,-1.1929059444324033,0.09163085113351409,9,MECOM
-600,Adenocarcinoma,-1.3771820048116343,0.10617068192241243,9,MECOM
-575,Adenocarcinoma,-1.4429256148079836,0.10236741170878977,9,MECOM
-550,Adenocarcinoma,-1.493183888483202,0.12881187684101988,9,MECOM
-525,Adenocarcinoma,-1.5423493538027142,0.1510767362173685,9,MECOM
-500,Adenocarcinoma,-1.4825326470855391,0.15664454886915405,9,MECOM
-475,Adenocarcinoma,-1.5266142777556546,0.17797929472172738,9,MECOM
-450,Adenocarcinoma,-1.7440596085146136,0.15324215753424397,9,MECOM
-425,Adenocarcinoma,-1.9322072773585945,0.14173483819714214,9,MECOM
-400,Adenocarcinoma,-1.9515426920555257,0.12906899923027362,9,MECOM
-375,Adenocarcinoma,-1.748932985697764,0.12469908875930691,9,MECOM
-350,Adenocarcinoma,-1.6703060430921641,0.10380346868958097,9,MECOM
-325,Adenocarcinoma,-1.5569298533424352,0.11150625017133631,9,MECOM
-300,Adenocarcinoma,-1.5352410844779765,0.1418443215383958,9,MECOM
-275,Adenocarcinoma,-1.5689421547295894,0.1463177186618781,9,MECOM
-250,Adenocarcinoma,-1.6865526734698635,0.16628924070397327,9,MECOM
-225,Adenocarcinoma,-1.7873891507689348,0.2149941699201735,9,MECOM
-200,Adenocarcinoma,-1.7408051590057243,0.24748229540454095,9,MECOM
-175,Adenocarcinoma,-1.7096013022214536,0.25568845402333623,9,MECOM
-150,Adenocarcinoma,-1.921912394768247,0.24377990961385068,9,MECOM
-125,Adenocarcinoma,-2.3577500560747557,0.2425304414855353,9,MECOM
-100,Adenocarcinoma,-2.995592539058832,0.2536662635606169,9,MECOM
-75,Adenocarcinoma,-3.781566568678125,0.31863886984380985,9,MECOM
-50,Adenocarcinoma,-4.554858880406919,0.39202242229026774,9,MECOM
-25,Adenocarcinoma,-4.960714235680797,0.4319610408135069,9,MECOM
0,Adenocarcinoma,-4.92254103855779,0.4627386950587449,9,MECOM
25,Adenocarcinoma,-4.5900232469430415,0.4465677413867278,9,MECOM
50,Adenocarcinoma,-3.757232400058622,0.35310495683351945,9,MECOM
75,Adenocarcinoma,-2.88195213755458,0.2658930627047536,9,MECOM
100,Adenocarcinoma,-2.1385479886793837,0.28321569502404437,9,MECOM
125,Adenocarcinoma,-1.7341067654154656,0.28573243635198214,9,MECOM
150,Adenocarcinoma,-1.62650339920413,0.24901156878269773,9,MECOM
175,Adenocarcinoma,-1.5630280229686453,0.2398442027684172,9,MECOM
200,Adenocarcinoma,-1.6913895314488148,0.17929248065949122,9,MECOM
225,Adenocarcinoma,-1.7433363123001588,0.1356459315088394,9,MECOM
250,Adenocarcinoma,-1.7475785627459688,0.12446997900094021,9,MECOM
275,Adenocarcinoma,-1.6283331442516458,0.15032629842252968,9,MECOM
300,Adenocarcinoma,-1.6108770525827094,0.16870991846194294,9,MECOM
325,Adenocarcinoma,-1.7829011118502465,0.1684833924966164,9,MECOM
350,Adenocarcinoma,-2.0179779571782808,0.16514188968569635,9,MECOM
375,Adenocarcinoma,-2.090365586412228,0.1610053241748571,9,MECOM
400,Adenocarcinoma,-2.0396428469642895,0.14902629502801745,9,MECOM
425,Adenocarcinoma,-2.033253338884501,0.1409115501276226,9,MECOM
450,Adenocarcinoma,-1.9510825310000475,0.14877801239864732,9,MECOM
475,Adenocarcinoma,-1.8158845162717174,0.16202346848308433,9,MECOM
500,Adenocarcinoma,-1.7523739661845021,0.19240315822448587,9,MECOM
525,Adenocarcinoma,-1.6701204875243496,0.20784391229348195,9,MECOM
550,Adenocarcinoma,-1.7221639702715281,0.24162560835559366,9,MECOM
575,Adenocarcinoma,-1.6928260110041677,0.22923663450696638,9,MECOM
600,Adenocarcinoma,-1.4536969718399841,0.2069657275697234,9,MECOM
625,Adenocarcinoma,-1.2874000891811463,0.1865807093615003,9,MECOM
650,Adenocarcinoma,-1.1441274124985406,0.180006641232711,9,MECOM
675,Adenocarcinoma,-1.0769211794360662,0.17620332332896338,9,MECOM
700,Adenocarcinoma,-1.0079387410963623,0.14699639037749226,9,MECOM
725,Adenocarcinoma,-0.9686529638006506,0.1317777966015188,9,MECOM
750,Adenocarcinoma,-0.9664989806021059,0.10710804876487869,9,MECOM
775,Adenocarcinoma,-0.787479622586386,0.12803159154355837,9,MECOM
800,Adenocarcinoma,-0.592221627474944,0.12745677863855545,9,MECOM
825,Adenocarcinoma,-0.3728921417927319,0.1269869016418673,9,MECOM
850,Adenocarcinoma,-0.3427907105744464,0.13670476649866165,9,MECOM
875,Adenocarcinoma,-0.2996768447103555,0.16301860048092112,9,MECOM
900,Adenocarcinoma,-0.38420169916587127,0.17928931340076396,9,MECOM
925,Adenocarcinoma,-0.46983007355809464,0.16375751540384606,9,MECOM
950,Adenocarcinoma,-0.39535512471413453,0.17451663309166246,9,MECOM
975,Adenocarcinoma,-0.311672608453759,0.16104037232949864,9,MECOM
1000,Adenocarcinoma,-0.25071733610173685,0.13333123730069824,9,MECOM
1025,Adenocarcinoma,-0.17686809778155338,0.09359476574595599,9,MECOM
1050,Adenocarcinoma,-0.04505174594289067,0.0916321206537362,9,MECOM
1075,Adenocarcinoma,-0.03635531216135123,0.10094509656642965,9,MECOM
1100,Adenocarcinoma,-0.03957956260340096,0.12548662389559803,9,MECOM
1125,Adenocarcinoma,0.044066939462690816,0.13462863168970243,9,MECOM
1150,Adenocarcinoma,0.08411780166319832,0.14141849746820948,9,MECOM
1175,Adenocarcinoma,0.10774132445631857,0.14297415519210938,9,MECOM
1200,Adenocarcinoma,0.0301542959188987,0.15998103078683906,9,MECOM
1225,Adenocarcinoma,-0.024147247969534408,0.1340680812983017,9,MECOM
1250,Adenocarcinoma,-0.03231808853873696,0.1339748950800281,9,MECOM
1275,Adenocarcinoma,-0.060134084632647675,0.09153496154507017,9,MECOM
1300,Adenocarcinoma,0.022161916136080585,0.09660850305914913,9,MECOM
1325,Adenocarcinoma,0.1197946429564234,0.08980590313646593,9,MECOM
1350,Adenocarcinoma,0.22102689362416147,0.12274243345242751,9,MECOM
1375,Adenocarcinoma,0.35992200845316996,0.11620452115815334,9,MECOM
1400,Adenocarcinoma,0.3692943407934843,0.11926923029774424,9,MECOM
1425,Adenocarcinoma,0.43792555691337,0.11032386670773141,9,MECOM
1450,Adenocarcinoma,0.540050972825823,0.11781608223374933,9,MECOM
1475,Adenocarcinoma,0.6801833252950485,0.11519780347454726,9,MECOM
1500,Adenocarcinoma,0.8397483494074949,0.08502218588652632,9,MECOM
1525,Adenocarcinoma,1.0317052231448733,0.07280956200637027,9,MECOM
1550,Adenocarcinoma,1.1822660598227732,0.09734147110163306,9,MECOM
1575,Adenocarcinoma,1.206098651401371,0.08482425424336605,9,MECOM
1600,Adenocarcinoma,1.178140776249317,0.1142024361403559,9,MECOM
1625,Adenocarcinoma,1.0937095354484576,0.1269418926024434,9,MECOM
1650,Adenocarcinoma,1.1304703861012844,0.14819153173043625,9,MECOM
1675,Adenocarcinoma,1.1738739551677007,0.16634624601204673,9,MECOM
1700,Adenocarcinoma,1.2324427590627474,0.15455721786155935,9,MECOM
1725,Adenocarcinoma,1.2756015548798258,0.17521583329348175,9,MECOM
1750,Adenocarcinoma,1.3243026956578163,0.16933206080806748,9,MECOM
1775,Adenocarcinoma,1.1651079165649316,0.1856331334269816,9,MECOM
1800,Adenocarcinoma,1.14470360049444,0.18398399291059267,9,MECOM
1825,Adenocarcinoma,1.1862823073822448,0.1961360209994525,9,MECOM
1850,Adenocarcinoma,1.3013529834850142,0.21312674649000551,9,MECOM
1875,Adenocarcinoma,1.3651306742525515,0.2255248128935261,9,MECOM
1900,Adenocarcinoma,1.4009086630164234,0.24350645441937102,9,MECOM
1925,Adenocarcinoma,1.4868982956283892,0.21933858074956744,9,MECOM
1950,Adenocarcinoma,1.4089176025195806,0.18125148543939687,9,MECOM
1975,Adenocarcinoma,1.2900390745936117,0.17405732717574862,9,MECOM
2000,Adenocarcinoma,1.2027385585523522,0.13348966136643942,9,MECOM
2025,Adenocarcinoma,1.1192758715746582,0.11762763072308834,9,MECOM
2050,Adenocarcinoma,1.2349124921944197,0.09133213534357959,9,MECOM
2075,Adenocarcinoma,1.1906165821976296,0.08247347373923038,9,MECOM
2100,Adenocarcinoma,1.247324475562657,0.11432805303135464,9,MECOM
2125,Adenocarcinoma,1.1973586756890713,0.1399905580870169,9,MECOM
2150,Adenocarcinoma,1.1618226500112165,0.15027740068281759,9,MECOM
2175,Adenocarcinoma,1.1706804412681748,0.16049124661538713,9,MECOM
2200,Adenocarcinoma,1.2250036629508274,0.15072154565517368,9,MECOM
2225,Adenocarcinoma,1.2600186407566503,0.14482882891028595,9,MECOM
2250,Adenocarcinoma,1.316005737375451,0.12221438834363309,9,MECOM
2275,Adenocarcinoma,1.4124886132560597,0.11771377193212855,9,MECOM
2300,Adenocarcinoma,1.4348196573664003,0.1371270500582861,9,MECOM
2325,Adenocarcinoma,1.4189304492400594,0.1540484598626106,9,MECOM
2350,Adenocarcinoma,1.5183573218368898,0.15088361422601745,9,MECOM
2375,Adenocarcinoma,1.4940916849485886,0.11415246492507693,9,MECOM
2400,Adenocarcinoma,1.5248856585267856,0.09875451437778775,9,MECOM
2425,Adenocarcinoma,1.429548279827855,0.12929420345585996,9,MECOM
2450,Adenocarcinoma,1.4296737039640712,0.11904479857793476,9,MECOM
2475,Adenocarcinoma,1.399642255328058,0.12833523967885577,9,MECOM
2500,Adenocarcinoma,1.3812783365177106,0.14067702725705641,9,MECOM
2525,Adenocarcinoma,1.3137578959753142,0.1423612695495994,9,MECOM
2550,Adenocarcinoma,1.288125328561687,0.10841820405323128,9,MECOM
2575,Adenocarcinoma,1.290399710390327,0.1392259817951716,9,MECOM
2600,Adenocarcinoma,1.3825019806682002,0.13667661852140636,9,MECOM
2625,Adenocarcinoma,1.4005254370869369,0.13352028610852776,9,MECOM
2650,Adenocarcinoma,1.4958982474336675,0.1329727367690686,9,MECOM
2675,Adenocarcinoma,1.5291369188268482,0.15626059192462052,9,MECOM
2700,Adenocarcinoma,1.480977564239874,0.1791247081613917,9,MECOM
2725,Adenocarcinoma,1.5736365902515044,0.15448168674988924,9,MECOM
2750,Adenocarcinoma,1.5506875107615732,0.16586525785784273,9,MECOM
2775,Adenocarcinoma,1.560685727173134,0.15996864913002054,9,MECOM
2800,Adenocarcinoma,1.4773933084612805,0.17341420319119216,9,MECOM
2825,Adenocarcinoma,1.3612345584729497,0.13449992355046697,9,MECOM
2850,Adenocarcinoma,1.3039913370014753,0.13812688511860244,9,MECOM
2875,Adenocarcinoma,1.304522717670991,0.15283574538638814,9,MECOM
2900,Adenocarcinoma,1.2639794130239144,0.15499516053288065,9,MECOM
2925,Adenocarcinoma,1.3779927444016429,0.1724202591774858,9,MECOM
2950,Adenocarcinoma,1.5526305495769679,0.16897425965117116,9,MECOM
2975,Adenocarcinoma,1.7775262171483788,0.1435226902422677,9,MECOM
3000,Adenocarcinoma,-38.88555991988938,0.46589288334374374,9,MECOM
-3000,Healthy,2.0799708641568206,0.06901474156417094,40,MECOM
-2975,Healthy,2.031143657361334,0.07155972626496492,40,MECOM
-2950,Healthy,1.9673451119773648,0.07776735290676855,40,MECOM
-2925,Healthy,1.9071601712563722,0.07635476659437275,40,MECOM
-2900,Healthy,1.7839021756056854,0.07313498331821537,40,MECOM
-2875,Healthy,1.790289921604063,0.0801043724304627,40,MECOM
-2850,Healthy,1.807038998370232,0.07970464574955795,40,MECOM
-2825,Healthy,1.7273479132656624,0.08094782067934754,40,MECOM
-2800,Healthy,1.6893681016720485,0.07443161254429993,40,MECOM
-2775,Healthy,1.74557091650287,0.07292286103980825,40,MECOM
-2750,Healthy,1.7266413612920304,0.07824024305013577,40,MECOM
-2725,Healthy,1.7076796632725806,0.07910622067078056,40,MECOM
-2700,Healthy,1.6629009474489813,0.07540006890006963,40,MECOM
-2675,Healthy,1.7145366450909818,0.08024705260708868,40,MECOM
-2650,Healthy,1.756467275036396,0.07619277772613783,40,MECOM
-2625,Healthy,1.7459439345329604,0.07424194707628158,40,MECOM
-2600,Healthy,1.777751074508062,0.07385490050318311,40,MECOM
-2575,Healthy,1.7593599849537784,0.06316962054249307,40,MECOM
-2550,Healthy,1.7652919941874627,0.0628855429141615,40,MECOM
-2525,Healthy,1.714330840944022,0.06611850366042223,40,MECOM
-2500,Healthy,1.6050347912954168,0.06637810373672841,40,MECOM
-2475,Healthy,1.545864723835936,0.06792290909087956,40,MECOM
-2450,Healthy,1.5201865543032682,0.0680376644248582,40,MECOM
-2425,Healthy,1.420116673166602,0.06535180593259639,40,MECOM
-2400,Healthy,1.3700804040575196,0.06534441600072628,40,MECOM
-2375,Healthy,1.355375723880324,0.06696752673660478,40,MECOM
-2350,Healthy,1.4154910921828656,0.06483861758442398,40,MECOM
-2325,Healthy,1.424425833886174,0.06183468191863992,40,MECOM
-2300,Healthy,1.4206471308831858,0.06988474575512987,40,MECOM
-2275,Healthy,1.487558697305046,0.06944321019407518,40,MECOM
-2250,Healthy,1.5410453044928611,0.07192692300452265,40,MECOM
-2225,Healthy,1.5362210401613967,0.0795518604488445,40,MECOM
-2200,Healthy,1.5680047435776583,0.06756317357266592,40,MECOM
-2175,Healthy,1.5537940692538375,0.0646152593600494,40,MECOM
-2150,Healthy,1.5910558640905121,0.07079423696151334,40,MECOM
-2125,Healthy,1.6151678155286995,0.07554264252220266,40,MECOM
-2100,Healthy,1.6348561556245285,0.08038490323852086,40,MECOM
-2075,Healthy,1.648436026315831,0.08625212583074807,40,MECOM
-2050,Healthy,1.6437831477877367,0.07928785328682979,40,MECOM
-2025,Healthy,1.6556001507565332,0.08620926444810349,40,MECOM
-2000,Healthy,1.6211375136355402,0.0740157309363469,40,MECOM
-1975,Healthy,1.5842288399640678,0.06869393987986322,40,MECOM
-1950,Healthy,1.3941594127888868,0.06524423625188251,40,MECOM
-1925,Healthy,1.2745159577561374,0.06490517429638444,40,MECOM
-1900,Healthy,1.2498444817377212,0.07623281307749558,40,MECOM
-1875,Healthy,1.2016372675734228,0.07859843305359389,40,MECOM
-1850,Healthy,1.1142976494805525,0.07190562773054862,40,MECOM
-1825,Healthy,1.0393158064858772,0.07136626308496317,40,MECOM
-1800,Healthy,1.0308623893109545,0.07581516265575958,40,MECOM
-1775,Healthy,0.9916115253646504,0.0824211999465929,40,MECOM
-1750,Healthy,0.9377304420510221,0.08071328640778183,40,MECOM
-1725,Healthy,0.8775647645024555,0.08187460023391559,40,MECOM
-1700,Healthy,0.867548743668825,0.08687305484500449,40,MECOM
-1675,Healthy,0.9105958570914972,0.08513247766651165,40,MECOM
-1650,Healthy,0.8769974937175955,0.08745776995870726,40,MECOM
-1625,Healthy,0.8967626498800787,0.08223266263510579,40,MECOM
-1600,Healthy,0.8432695290671735,0.07915632517361545,40,MECOM
-1575,Healthy,0.8463769977410255,0.07652256086689593,40,MECOM
-1550,Healthy,0.7998596881338675,0.0742193154990534,40,MECOM
-1525,Healthy,0.7713842912674979,0.06877521175282576,40,MECOM
-1500,Healthy,0.8243948556918602,0.06904131360529152,40,MECOM
-1475,Healthy,0.8059600040578218,0.06881932045668548,40,MECOM
-1450,Healthy,0.8333732681800895,0.06844523912267894,40,MECOM
-1425,Healthy,0.8667390607427774,0.07200806626468358,40,MECOM
-1400,Healthy,0.8034870579728236,0.07630486101807486,40,MECOM
-1375,Healthy,0.7182491826689188,0.0751748914361896,40,MECOM
-1350,Healthy,0.5705770493863244,0.07136007369421823,40,MECOM
-1325,Healthy,0.46217571139066094,0.07160683976665395,40,MECOM
-1300,Healthy,0.46804357603074404,0.07543922132085229,40,MECOM
-1275,Healthy,0.4227694313940148,0.06495972886226904,40,MECOM
-1250,Healthy,0.39371943137632814,0.06710857998150574,40,MECOM
-1225,Healthy,0.3868559589293339,0.06836398137437573,40,MECOM
-1200,Healthy,0.25492790000054333,0.0633449348508784,40,MECOM
-1175,Healthy,0.15036770637683275,0.0599117239301503,40,MECOM
-1150,Healthy,0.0622304146227108,0.055023061717976385,40,MECOM
-1125,Healthy,-0.019535460331746773,0.07238974931919454,40,MECOM
-1100,Healthy,-0.06545433861801442,0.07563247284466164,40,MECOM
-1075,Healthy,-0.12374309580665788,0.0792513854478393,40,MECOM
-1050,Healthy,-0.18782070686747157,0.07997334490491614,40,MECOM
-1025,Healthy,-0.32014911910537824,0.07630896574528942,40,MECOM
-1000,Healthy,-0.5483144460431292,0.07158796737053995,40,MECOM
-975,Healthy,-0.71411061167037,0.06600227929439419,40,MECOM
-950,Healthy,-0.7174319431895995,0.06590168346636051,40,MECOM
-925,Healthy,-0.7366195939356641,0.0634929977606688,40,MECOM
-900,Healthy,-0.6534252026400005,0.057931429067767645,40,MECOM
-875,Healthy,-0.6520152399689095,0.05607544027997647,40,MECOM
-850,Healthy,-0.7130498078171381,0.058201256290604846,40,MECOM
-825,Healthy,-0.8971176307456254,0.05600348400205911,40,MECOM
-800,Healthy,-1.0528573009053732,0.06115888460017181,40,MECOM
-775,Healthy,-1.1348940798899503,0.06862445497465587,40,MECOM
-750,Healthy,-1.101528971451807,0.07134558366991929,40,MECOM
-725,Healthy,-1.030063376333209,0.0730899835362346,40,MECOM
-700,Healthy,-0.9356407006371865,0.0736611212793422,40,MECOM
-675,Healthy,-0.9820959904306714,0.07227268178656987,40,MECOM
-650,Healthy,-1.152584217785195,0.08038201151683921,40,MECOM
-625,Healthy,-1.4492455262656108,0.07645513707356291,40,MECOM
-600,Healthy,-1.7301548948952645,0.07862016552629135,40,MECOM
-575,Healthy,-1.8176809733207915,0.07415280767543574,40,MECOM
-550,Healthy,-1.7511080642833583,0.07090709230628361,40,MECOM
-525,Healthy,-1.730951573271059,0.07372153911910166,40,MECOM
-500,Healthy,-1.7586535547641198,0.06909440044274316,40,MECOM
-475,Healthy,-1.9151416706458764,0.06310678767773131,40,MECOM
-450,Healthy,-2.131816747384762,0.059391974301106806,40,MECOM
-425,Healthy,-2.3077337186550575,0.0701903568005574,40,MECOM
-400,Healthy,-2.3103920464851537,0.07994414944198458,40,MECOM
-375,Healthy,-2.1006417778336215,0.08231560260471901,40,MECOM
-350,Healthy,-1.89725207944301,0.08843434102994036,40,MECOM
-325,Healthy,-1.7890577645267076,0.09469275420665119,40,MECOM
-300,Healthy,-1.7481591569732653,0.08746212537454642,40,MECOM
-275,Healthy,-1.750049891345132,0.10098347246644154,40,MECOM
-250,Healthy,-1.7801301638309324,0.11509991013729202,40,MECOM
-225,Healthy,-1.7091552755393935,0.12993922830318655,40,MECOM
-200,Healthy,-1.5897012138192121,0.13146750372284613,40,MECOM
-175,Healthy,-1.5531095099051224,0.12875938261580813,40,MECOM
-150,Healthy,-1.8430791102067172,0.1337060780703488,40,MECOM
-125,Healthy,-2.467641220632513,0.14230513686172946,40,MECOM
-100,Healthy,-3.389950222279833,0.1472142384018246,40,MECOM
-75,Healthy,-4.582270878893382,0.16345304773802258,40,MECOM
-50,Healthy,-5.639922588809763,0.1789943947315614,40,MECOM
-25,Healthy,-6.212713974481217,0.19304940477105703,40,MECOM
0,Healthy,-6.30012907897556,0.19940566591426173,40,MECOM
25,Healthy,-5.838128440278999,0.19257801712619815,40,MECOM
50,Healthy,-4.807609283185957,0.17403865326585613,40,MECOM
75,Healthy,-3.5912175381421245,0.16013254975349145,40,MECOM
100,Healthy,-2.483976064447954,0.14556552533344227,40,MECOM
125,Healthy,-1.8800859792746867,0.13560719733801718,40,MECOM
150,Healthy,-1.7031688480509661,0.12461347150359747,40,MECOM
175,Healthy,-1.714774466356101,0.11859815010088062,40,MECOM
200,Healthy,-1.7842354041437982,0.11286729221174575,40,MECOM
225,Healthy,-1.9317043784424337,0.10298012226358985,40,MECOM
250,Healthy,-2.0384422146189523,0.09669156254848502,40,MECOM
275,Healthy,-1.9889224571128576,0.09731159000783414,40,MECOM
300,Healthy,-2.028293815414487,0.09341030960115895,40,MECOM
325,Healthy,-2.128933511941566,0.08848395735798817,40,MECOM
350,Healthy,-2.425656486402294,0.08576784963905365,40,MECOM
375,Healthy,-2.571047186716028,0.08403309288051211,40,MECOM
400,Healthy,-2.5531698889917536,0.07831342658693599,40,MECOM
425,Healthy,-2.452367833950861,0.08041414594727456,40,MECOM
450,Healthy,-2.2341610728802204,0.08083060758200351,40,MECOM
475,Healthy,-1.9789162103962201,0.08263652101074306,40,MECOM
500,Healthy,-1.876139330917241,0.09114981193917507,40,MECOM
525,Healthy,-1.9043144574256172,0.09310297816355992,40,MECOM
550,Healthy,-1.9414178111140812,0.0910792811338482,40,MECOM
575,Healthy,-1.8431312963070894,0.08428106066181455,40,MECOM
600,Healthy,-1.6041823163643594,0.07498265643236932,40,MECOM
625,Healthy,-1.3634477029589056,0.07847685789118017,40,MECOM
650,Healthy,-1.0677262143076651,0.07523971004168073,40,MECOM
675,Healthy,-0.8912567595865951,0.07653846169583405,40,MECOM
700,Healthy,-0.8739084108121878,0.08404580118897702,40,MECOM
725,Healthy,-0.9595927612167703,0.0831888932702363,40,MECOM
750,Healthy,-1.0154845303514988,0.08965816041600562,40,MECOM
775,Healthy,-0.8802428460980063,0.09031490324617823,40,MECOM
800,Healthy,-0.6946541289727809,0.08527666125053544,40,MECOM
825,Healthy,-0.5737774668408349,0.08257347792767589,40,MECOM
850,Healthy,-0.47690842623130564,0.07674081521052176,40,MECOM
875,Healthy,-0.4188754448442654,0.07976880322509104,40,MECOM
900,Healthy,-0.45108442083674155,0.07410700992483352,40,MECOM
925,Healthy,-0.4836768609407694,0.06274204285208236,40,MECOM
950,Healthy,-0.4370615303888223,0.06621799325098242,40,MECOM
975,Healthy,-0.2918413741977415,0.06984660766993228,40,MECOM
1000,Healthy,-0.20044250707884065,0.07906743529842669,40,MECOM
1025,Healthy,-0.17914401390494492,0.08642675091233591,40,MECOM
1050,Healthy,-0.19034408945749626,0.0916526679707251,40,MECOM
1075,Healthy,-0.20083243601819892,0.08184089818038626,40,MECOM
1100,Healthy,-0.20516246905507196,0.08653740120368951,40,MECOM
1125,Healthy,-0.12937987655864164,0.08476276195922994,40,MECOM
1150,Healthy,0.049027079486028594,0.08030052361928047,40,MECOM
1175,Healthy,0.1474487471828672,0.07161179498133362,40,MECOM
1200,Healthy,0.2568867543378311,0.06606337829544642,40,MECOM
1225,Healthy,0.3008324745788714,0.06659635183847543,40,MECOM
1250,Healthy,0.3467122427006463,0.05795827129557497,40,MECOM
1275,Healthy,0.370700346278813,0.06265461968417203,40,MECOM
1300,Healthy,0.40829343500354354,0.07219395756646123,40,MECOM
1325,Healthy,0.4810911960777115,0.07133927867483304,40,MECOM
1350,Healthy,0.5135629944033687,0.07912849739323494,40,MECOM
1375,Healthy,0.5845387665656951,0.0795504167502676,40,MECOM
1400,Healthy,0.5954803500810708,0.0812678190380254,40,MECOM
1425,Healthy,0.6317398302672481,0.077806390708833,40,MECOM
1450,Healthy,0.6872244830673494,0.07301395505261649,40,MECOM
1475,Healthy,0.7640837381281759,0.07940133596132144,40,MECOM
1500,Healthy,0.8650194459867657,0.087114561751211,40,MECOM
1525,Healthy,1.0168203726715308,0.08659436005982465,40,MECOM
1550,Healthy,1.0959410378678092,0.08306167640578116,40,MECOM
1575,Healthy,1.2041724161034078,0.072059005655505,40,MECOM
1600,Healthy,1.214665395008888,0.07282486056374339,40,MECOM
1625,Healthy,1.1780541951288281,0.06717969172636595,40,MECOM
1650,Healthy,1.213151868941013,0.06929053004088842,40,MECOM
1675,Healthy,1.3156934758766272,0.06941638649273285,40,MECOM
1700,Healthy,1.461300685452041,0.06833866296452,40,MECOM
1725,Healthy,1.492746919822201,0.06824478659925959,40,MECOM
1750,Healthy,1.4276081488851284,0.07033114676162931,40,MECOM
1775,Healthy,1.3783730174290367,0.07116342857778282,40,MECOM
1800,Healthy,1.3253686424818087,0.06941564923277284,40,MECOM
1825,Healthy,1.2372962421466727,0.0793665792264079,40,MECOM
1850,Healthy,1.278288587437723,0.07406642055743978,40,MECOM
1875,Healthy,1.3300767099545454,0.06905958789420354,40,MECOM
1900,Healthy,1.3837318027181749,0.06821145239760625,40,MECOM
1925,Healthy,1.4405794000762164,0.07421114870372603,40,MECOM
1950,Healthy,1.431830552425106,0.07063983123341244,40,MECOM
1975,Healthy,1.4252002910175345,0.06570371435118857,40,MECOM
2000,Healthy,1.3821658515954942,0.07162211558286624,40,MECOM
2025,Healthy,1.3882307506829703,0.07452816398631416,40,MECOM
2050,Healthy,1.3695779475595684,0.07673127551838851,40,MECOM
2075,Healthy,1.3855728949441253,0.07471076780289061,40,MECOM
2100,Healthy,1.4157860349146176,0.08035349920845136,40,MECOM
2125,Healthy,1.3313718941382484,0.07939767710136414,40,MECOM
2150,Healthy,1.249453147790835,0.07769604305146141,40,MECOM
2175,Healthy,1.261271629247899,0.07698988374140296,40,MECOM
2200,Healthy,1.279718197393868,0.07274841254455065,40,MECOM
2225,Healthy,1.3240172936270225,0.06237951305227589,40,MECOM
2250,Healthy,1.359298122517977,0.06159721787156127,40,MECOM
2275,Healthy,1.4603676471821574,0.0602056854985475,40,MECOM
2300,Healthy,1.4808909792542018,0.0635638711602313,40,MECOM
2325,Healthy,1.427221505842498,0.06688163711156393,40,MECOM
2350,Healthy,1.461941496062486,0.07242206826681716,40,MECOM
2375,Healthy,1.5013663758529827,0.07191063733678899,40,MECOM
2400,Healthy,1.4873989549362416,0.07704889327661679,40,MECOM
2425,Healthy,1.4687898869411429,0.06874770552934367,40,MECOM
2450,Healthy,1.4781896617149097,0.07544242728706932,40,MECOM
2475,Healthy,1.514836470665828,0.07357372010217385,40,MECOM
2500,Healthy,1.49054303672623,0.06419456729849937,40,MECOM
2525,Healthy,1.4948820696596092,0.06751871457896086,40,MECOM
2550,Healthy,1.4908771354906196,0.06801945698009904,40,MECOM
2575,Healthy,1.5339924765185273,0.060932711961842606,40,MECOM
2600,Healthy,1.5776222837630356,0.0607739221822174,40,MECOM
2625,Healthy,1.6128300206393484,0.06269070702706628,40,MECOM
2650,Healthy,1.7083960955715212,0.06764619623470852,40,MECOM
2675,Healthy,1.7505148137496351,0.06625840662736254,40,MECOM
2700,Healthy,1.7105596630788258,0.06475578540250604,40,MECOM
2725,Healthy,1.7347914135292741,0.06729094917754401,40,MECOM
2750,Healthy,1.7556159748547597,0.07004279129646648,40,MECOM
2775,Healthy,1.7924449908805244,0.0687881002661845,40,MECOM
2800,Healthy,1.7667558081206323,0.06600016439552035,40,MECOM
2825,Healthy,1.7576237647984119,0.06983011171705429,40,MECOM
2850,Healthy,1.7085436407287018,0.06713637451500343,40,MECOM
2875,Healthy,1.6374059275663186,0.07186256051990655,40,MECOM
2900,Healthy,1.556518788011663,0.07468974117546766,40,MECOM
2925,Healthy,1.5791173742174236,0.08344747076660833,40,MECOM
2950,Healthy,1.645205715344094,0.08684498781655504,40,MECOM
2975,Healthy,1.747935960846367,0.08217455548671226,40,MECOM
3000,Healthy,-40.21640967284263,0.17349341595179116,40,MECOM
-3000,Squamous,1.7864582212621845,0.15611091796006388,7,MECOM
-2975,Squamous,1.8248613730524639,0.15035302761500807,7,MECOM
-2950,Squamous,1.7828611995878392,0.20140424021152056,7,MECOM
-2925,Squamous,1.6196906002387543,0.18744918005404815,7,MECOM
-2900,Squamous,1.5107446264885298,0.1722576532884855,7,MECOM
-2875,Squamous,1.5526758265500065,0.1405174934367407,7,MECOM
-2850,Squamous,1.6616707939662683,0.1433538274660202,7,MECOM
-2825,Squamous,1.793482954093728,0.15977226593983027,7,MECOM
-2800,Squamous,1.7320892026892598,0.17392858187235652,7,MECOM
-2775,Squamous,1.7420954763353305,0.1898466867760646,7,MECOM
-2750,Squamous,1.6724537311789762,0.16553831047003253,7,MECOM
-2725,Squamous,1.5263742661251587,0.16979678725133057,7,MECOM
-2700,Squamous,1.3962107234513952,0.19896534376164954,7,MECOM
-2675,Squamous,1.279454194711028,0.21065652995627218,7,MECOM
-2650,Squamous,1.268385773469283,0.21974712174807365,7,MECOM
-2625,Squamous,1.309154124930029,0.22372335768013774,7,MECOM
-2600,Squamous,1.3832564876941897,0.23631124938011472,7,MECOM
-2575,Squamous,1.4930925728568796,0.21047066606935008,7,MECOM
-2550,Squamous,1.475416418321093,0.17536358261183535,7,MECOM
-2525,Squamous,1.517153798993906,0.1851257170351158,7,MECOM
-2500,Squamous,1.511421526187657,0.17058387071960351,7,MECOM
-2475,Squamous,1.668372720032205,0.1351721754886,7,MECOM
-2450,Squamous,1.6307835131708908,0.11894080857100028,7,MECOM
-2425,Squamous,1.5119577134212467,0.11117597076579794,7,MECOM
-2400,Squamous,1.429988375256439,0.14373306040621317,7,MECOM
-2375,Squamous,1.416099779978063,0.1581907339499255,7,MECOM
-2350,Squamous,1.4228004497360471,0.17835233344002713,7,MECOM
-2325,Squamous,1.4282912800877543,0.17553942015666368,7,MECOM
-2300,Squamous,1.3633387144715778,0.19946781930101512,7,MECOM
-2275,Squamous,1.3797211236599904,0.23907936120314155,7,MECOM
-2250,Squamous,1.3530126630163697,0.2117042555417429,7,MECOM
-2225,Squamous,1.3550885217508732,0.13064608934137026,7,MECOM
-2200,Squamous,1.4086430652263568,0.11200536482915045,7,MECOM
-2175,Squamous,1.4233792553659972,0.13869311543041773,7,MECOM
-2150,Squamous,1.426353590088672,0.1847615313631099,7,MECOM
-2125,Squamous,1.3704731934465217,0.20580667155330365,7,MECOM
-2100,Squamous,1.4220239485479294,0.2631641854494129,7,MECOM
-2075,Squamous,1.4975956836463609,0.33603103743194435,7,MECOM
-2050,Squamous,1.3529178527794916,0.3590406793034227,7,MECOM
-2025,Squamous,1.2558084292020668,0.2914344141273073,7,MECOM
-2000,Squamous,1.260801163233979,0.2719144386077738,7,MECOM
-1975,Squamous,1.1892396735884105,0.27477752164646274,7,MECOM
-1950,Squamous,0.9525448230576585,0.25172228955930814,7,MECOM
-1925,Squamous,0.8727077358514846,0.20014276633885025,7,MECOM
-1900,Squamous,0.7949267848671557,0.20497019005302056,7,MECOM
-1875,Squamous,0.8640684808191224,0.22536248116190905,7,MECOM
-1850,Squamous,0.8657311154420175,0.20152786397241576,7,MECOM
-1825,Squamous,0.864692214132299,0.2203012901386645,7,MECOM
-1800,Squamous,0.991379045797288,0.2131888835147981,7,MECOM
-1775,Squamous,1.0695220294389096,0.21273343489177474,7,MECOM
-1750,Squamous,1.1471947036593133,0.15208120656915458,7,MECOM
-1725,Squamous,1.1103751076089812,0.1540105326650986,7,MECOM
-1700,Squamous,1.1107545254875295,0.1870445724900942,7,MECOM
-1675,Squamous,1.1449878331588874,0.20345838364494778,7,MECOM
-1650,Squamous,1.0529893974578066,0.1774497002266126,7,MECOM
-1625,Squamous,0.995282497917969,0.16217260818745563,7,MECOM
-1600,Squamous,0.885699238833405,0.181257542115986,7,MECOM
-1575,Squamous,0.8988842181585008,0.185286086060158,7,MECOM
-1550,Squamous,0.8405834426747014,0.15485837020013068,7,MECOM
-1525,Squamous,0.7318209672225198,0.09907543341212065,7,MECOM
-1500,Squamous,0.7159366574588822,0.06875308977612002,7,MECOM
-1475,Squamous,0.5865120776027701,0.07169268821513237,7,MECOM
-1450,Squamous,0.666601554712924,0.08812799314630819,7,MECOM
-1425,Squamous,0.7134235325254991,0.10410301775706486,7,MECOM
-1400,Squamous,0.48617869415265597,0.0654529719670665,7,MECOM
-1375,Squamous,0.38918496198840946,0.13030394980807697,7,MECOM
-1350,Squamous,0.31117793991863774,0.13503453331904003,7,MECOM
-1325,Squamous,0.2216558549472258,0.08684515392686815,7,MECOM
-1300,Squamous,0.14338014819767358,0.12718318504105236,7,MECOM
-1275,Squamous,0.11774087539544498,0.1678356783293969,7,MECOM
-1250,Squamous,0.22502482272723315,0.1418689626653412,7,MECOM
-1225,Squamous,0.2686903228845794,0.11903080985161277,7,MECOM
-1200,Squamous,-0.005261377458279824,0.13107202532220724,7,MECOM
-1175,Squamous,-0.10207003406430075,0.06733465691059685,7,MECOM
-1150,Squamous,-0.20478783942468604,0.10036977596155616,7,MECOM
-1125,Squamous,-0.24586574047091375,0.12490947387683284,7,MECOM
-1100,Squamous,-0.27914784939217224,0.11804567659962062,7,MECOM
-1075,Squamous,-0.2571642724493712,0.1570198371002652,7,MECOM
-1050,Squamous,-0.21059194006020263,0.1973760197447963,7,MECOM
-1025,Squamous,-0.15993776178017977,0.21684189176694127,7,MECOM
-1000,Squamous,-0.3843386109525757,0.22428246040816288,7,MECOM
-975,Squamous,-0.39126836813974575,0.21358326866608363,7,MECOM
-950,Squamous,-0.36918519791398957,0.215996997832436,7,MECOM
-925,Squamous,-0.4545474862201733,0.187057847571498,7,MECOM
-900,Squamous,-0.40731911472839805,0.13815118393701206,7,MECOM
-875,Squamous,-0.40848264772715964,0.10336531467837189,7,MECOM
-850,Squamous,-0.4845200463264022,0.17238086388093873,7,MECOM
-825,Squamous,-0.6609495936263854,0.16477037316449866,7,MECOM
-800,Squamous,-0.9581318810650513,0.20274513814858625,7,MECOM
-775,Squamous,-0.9832240070510154,0.25417478258954673,7,MECOM
-750,Squamous,-1.0509948233519317,0.23958317177642943,7,MECOM
-725,Squamous,-1.0141665977111964,0.24129302744345263,7,MECOM
-700,Squamous,-0.9530660372432642,0.2613228570957483,7,MECOM
-675,Squamous,-1.0041780601067618,0.31590369904307297,7,MECOM
-650,Squamous,-1.0717648549368395,0.3209343764780172,7,MECOM
-625,Squamous,-1.2091604203035584,0.317352098691684,7,MECOM
-600,Squamous,-1.3102872506650574,0.34515472957851084,7,MECOM
-575,Squamous,-1.423859128271474,0.31421913712102795,7,MECOM
-550,Squamous,-1.4010477264755703,0.29110143511038994,7,MECOM
-525,Squamous,-1.5085551283934482,0.28439438261436384,7,MECOM
-500,Squamous,-1.5006643541542433,0.270089913512717,7,MECOM
-475,Squamous,-1.534287431972971,0.238403939286435,7,MECOM
-450,Squamous,-1.720215016578304,0.24571432902435628,7,MECOM
-425,Squamous,-1.8061156073820837,0.271294078024877,7,MECOM
-400,Squamous,-1.8428021548323759,0.2854923374492571,7,MECOM
-375,Squamous,-1.5531519931129358,0.2975320789747494,7,MECOM
-350,Squamous,-1.3569349073220118,0.3016385162700023,7,MECOM
-325,Squamous,-1.140205942425958,0.29789491912111626,7,MECOM
-300,Squamous,-1.0305963817488033,0.3142307829780557,7,MECOM
-275,Squamous,-1.0195316816591964,0.2922140433191219,7,MECOM
-250,Squamous,-1.012338097147372,0.2792837711412933,7,MECOM
-225,Squamous,-0.9907748011283685,0.26360531564493805,7,MECOM
-200,Squamous,-0.9691027331261493,0.2973319017182366,7,MECOM
-175,Squamous,-1.0706197113730964,0.3316902591746849,7,MECOM
-150,Squamous,-1.3480923254830652,0.403953890276106,7,MECOM
-125,Squamous,-1.6929660556495874,0.47483789711746766,7,MECOM
-100,Squamous,-2.344473014992615,0.5867636717900306,7,MECOM
-75,Squamous,-3.1565623817170847,0.7091451534124981,7,MECOM
-50,Squamous,-3.8537349016881732,0.7574926788376648,7,MECOM
-25,Squamous,-4.316797672572127,0.7718173474451624,7,MECOM
0,Squamous,-4.343855889756138,0.7565696155033578,7,MECOM
25,Squamous,-4.044243525777047,0.6688441237468385,7,MECOM
50,Squamous,-3.344015172760843,0.5717709013271375,7,MECOM
75,Squamous,-2.6297770723963256,0.48116867166954347,7,MECOM
100,Squamous,-1.8880779489589725,0.3926954113793638,7,MECOM
125,Squamous,-1.4455564379978036,0.3800101107987308,7,MECOM
150,Squamous,-1.3039651134692427,0.3568003813272206,7,MECOM
175,Squamous,-1.3530684719354273,0.2909018212292834,7,MECOM
200,Squamous,-1.5084250820304295,0.30710563670497304,7,MECOM
225,Squamous,-1.5990810664296755,0.2909571840917502,7,MECOM
250,Squamous,-1.7205124934567748,0.23866369265330123,7,MECOM
275,Squamous,-1.677223181236115,0.2100248865668298,7,MECOM
300,Squamous,-1.7429278798544798,0.2085365481279006,7,MECOM
325,Squamous,-1.8241184920144642,0.2441538448314081,7,MECOM
350,Squamous,-2.099693471658587,0.24518218326370136,7,MECOM
375,Squamous,-2.249370059081556,0.2568433669131158,7,MECOM
400,Squamous,-2.132527312878449,0.27123599310845475,7,MECOM
425,Squamous,-1.9652515977745144,0.30060031618290556,7,MECOM
450,Squamous,-1.702515714648027,0.28256401063468706,7,MECOM
475,Squamous,-1.495018185942386,0.23896285849065826,7,MECOM
500,Squamous,-1.3523373804311785,0.22800796243044652,7,MECOM
525,Squamous,-1.3123925930779559,0.23791199252719794,7,MECOM
550,Squamous,-1.2341837313996546,0.24595737572350493,7,MECOM
575,Squamous,-1.223277700117947,0.21218216883629892,7,MECOM
600,Squamous,-1.1552931318755908,0.21533157836816544,7,MECOM
625,Squamous,-0.9231487001642037,0.1738678347806462,7,MECOM
650,Squamous,-0.8559427976850947,0.1761595612605657,7,MECOM
675,Squamous,-0.8328575114966178,0.1670767919592471,7,MECOM
700,Squamous,-0.916006500372761,0.16221841437316195,7,MECOM
725,Squamous,-0.9234626491919642,0.17262963276244428,7,MECOM
750,Squamous,-0.9741399154731577,0.19283915822924794,7,MECOM
775,Squamous,-0.9098572090969552,0.17277683627581372,7,MECOM
800,Squamous,-0.7762596985049577,0.17005902941150317,7,MECOM
825,Squamous,-0.6174948564144934,0.16630239536290087,7,MECOM
850,Squamous,-0.46931369416173835,0.17744974298004865,7,MECOM
875,Squamous,-0.3683577889028299,0.16285100929850305,7,MECOM
900,Squamous,-0.48426403938363305,0.15737089482801392,7,MECOM
925,Squamous,-0.6201448137913763,0.1348114808821437,7,MECOM
950,Squamous,-0.4400209702520051,0.1306775396864641,7,MECOM
975,Squamous,-0.3530025548044997,0.16144490582093957,7,MECOM
1000,Squamous,-0.27986613331194315,0.21965232777077834,7,MECOM
1025,Squamous,-0.3262688346438899,0.18898167528204424,7,MECOM
1050,Squamous,-0.2832362420300925,0.23514848915920894,7,MECOM
1075,Squamous,-0.18364898242522887,0.2468310951659055,7,MECOM
1100,Squamous,-0.1662947225616994,0.2774500983348493,7,MECOM
1125,Squamous,-0.22582434835001194,0.24637133089521152,7,MECOM
1150,Squamous,-0.08188971490882051,0.24011514716437768,7,MECOM
1175,Squamous,0.05930456906250196,0.2699070446032181,7,MECOM
1200,Squamous,0.15089545740763216,0.28010112298521245,7,MECOM
1225,Squamous,0.12611908063210778,0.3042166108793782,7,MECOM
1250,Squamous,0.18244399739213898,0.2942814437942678,7,MECOM
1275,Squamous,0.30473166664501883,0.24666882097627926,7,MECOM
1300,Squamous,0.23696157716111158,0.19560538887052664,7,MECOM
1325,Squamous,0.29320523337218457,0.21876675279761987,7,MECOM
1350,Squamous,0.32829438608969097,0.21062522842483078,7,MECOM
1375,Squamous,0.33809249667244934,0.18966768399105416,7,MECOM
1400,Squamous,0.33622189717584977,0.18032059308185927,7,MECOM
1425,Squamous,0.31391027631352814,0.18237472271207292,7,MECOM
1450,Squamous,0.3067065124909849,0.16397413692645268,7,MECOM
1475,Squamous,0.3790032922988353,0.1141202738460383,7,MECOM
1500,Squamous,0.5193076449270135,0.14180648908806712,7,MECOM
1525,Squamous,0.6781185124504747,0.14213944064159445,7,MECOM
1550,Squamous,0.70517112230643475,0.16061773430415494,7,MECOM
1575,Squamous,0.7421843616722034,0.1479520947759217,7,MECOM
1600,Squamous,0.8875721498295308,0.14630720189125115,7,MECOM
1625,Squamous,0.9208335552413137,0.11508282981681238,7,MECOM
1650,Squamous,1.0078794559389106,0.1514887511518797,7,MECOM
1675,Squamous,1.0167366324064415,0.1593116210533578,7,MECOM
1700,Squamous,1.1568119570301136,0.10072321082147245,7,MECOM
1725,Squamous,1.346303327802213,0.08445772653098274,7,MECOM
1750,Squamous,1.3089490408866733,0.12001653395725234,7,MECOM
1775,Squamous,1.1500292808666694,0.1669679898585354,7,MECOM
1800,Squamous,1.1331978471946298,0.17164583146890558,7,MECOM
1825,Squamous,1.1122188824825452,0.1955253706973958,7,MECOM
1850,Squamous,1.1304937154527805,0.19957154398494628,7,MECOM
1875,Squamous,1.0622713239921844,0.2390594507964093,7,MECOM
1900,Squamous,1.208750661119028,0.28024522342888786,7,MECOM
1925,Squamous,1.352835240557326,0.24680841198120895,7,MECOM
1950,Squamous,1.3691376583793249,0.25762220330430247,7,MECOM
1975,Squamous,1.2815966154537612,0.253084710970349,7,MECOM
2000,Squamous,1.0905925459165513,0.2662211862808512,7,MECOM
2025,Squamous,1.0203924702045346,0.2404149254291933,7,MECOM
2050,Squamous,1.0266253902023503,0.23824058691751301,7,MECOM
2075,Squamous,0.9592638365674468,0.2570538653292362,7,MECOM
2100,Squamous,0.9078283633106636,0.2586608243026024,7,MECOM
2125,Squamous,0.836935442812826,0.2415822058267284,7,MECOM
2150,Squamous,0.8539576653325002,0.23629918956632423,7,MECOM
2175,Squamous,0.880097864860943,0.23283159112253277,7,MECOM
2200,Squamous,0.9658974319611305,0.24324911797223386,7,MECOM
2225,Squamous,0.9478945048404432,0.23848410884942625,7,MECOM
2250,Squamous,1.0395816853613267,0.2200893847621079,7,MECOM
2275,Squamous,1.1643955048959564,0.2146928140767137,7,MECOM
2300,Squamous,1.1892850971490097,0.1842497274087916,7,MECOM
2325,Squamous,1.2642004867685668,0.17039958893376814,7,MECOM
2350,Squamous,1.2663459841269762,0.23481252086085277,7,MECOM
2375,Squamous,1.321134738948809,0.22282129146326213,7,MECOM
2400,Squamous,1.400815235763845,0.22978610687961432,7,MECOM
2425,Squamous,1.3707502295781295,0.2172475429100322,7,MECOM
2450,Squamous,1.3871613541105854,0.17281904397046746,7,MECOM
2475,Squamous,1.3968810418745847,0.1982596057316596,7,MECOM
2500,Squamous,1.272551076677807,0.22356415373632715,7,MECOM
2525,Squamous,1.1814810790987416,0.253960406670768,7,MECOM
2550,Squamous,1.046152847039399,0.2885278063338574,7,MECOM
2575,Squamous,1.19127495357457,0.2950775476889556,7,MECOM
2600,Squamous,1.2923507773017437,0.27193639211301845,7,MECOM
2625,Squamous,1.2514975424684618,0.22334548556184172,7,MECOM
2650,Squamous,1.2310352475303432,0.21155213866908812,7,MECOM
2675,Squamous,1.1456691237699628,0.20904311586607768,7,MECOM
2700,Squamous,1.1537536672870876,0.15486260272058958,7,MECOM
2725,Squamous,1.1485369695128065,0.12059338975184015,7,MECOM
2750,Squamous,1.1464316973595214,0.15583712201803307,7,MECOM
2775,Squamous,1.301463114581586,0.1919053625296667,7,MECOM
2800,Squamous,1.2911232132713608,0.23095120269616412,7,MECOM
2825,Squamous,1.2760802740339632,0.21251501458954145,7,MECOM
2850,Squamous,1.2968202258520192,0.2050362057305756,7,MECOM
2875,Squamous,1.2617359955996443,0.2233051028228832,7,MECOM
2900,Squamous,1.2038134203971613,0.21887072396292814,7,MECOM
2925,Squamous,1.0694570333652176,0.21207161398326682,7,MECOM
2950,Squamous,1.13333612463666,0.17477387078519008,7,MECOM
2975,Squamous,1.2904944239648892,0.20501585858894764,7,MECOM
3000,Squamous,-40.83487896933918,0.6853311942028067,7,MECOM
