component,ratio_col,loading,bin,arm
PC1,ratio_1,0.04803874950572462,1,1p
PC1,ratio_2,0.04701344130190571,2,1p
PC1,ratio_3,0.053124461914390776,3,1p
PC1,ratio_4,0.16270895600497037,4,1p
PC1,ratio_5,0.006119246662500591,5,1p
PC1,ratio_6,0.03620516141551715,6,1p
PC1,ratio_7,0.08212705445184318,7,1p
PC1,ratio_8,0.0035642833853862335,8,1p
PC1,ratio_9,0.03259936992863525,9,1p
PC1,ratio_10,-0.023273483945494687,10,1p
PC1,ratio_11,-0.005325412630198706,11,1p
PC1,ratio_12,-0.003971412214761253,12,1p
PC1,ratio_13,-0.04269847608141858,13,1p
PC1,ratio_14,-0.03413140789216038,14,1p
PC1,ratio_15,-0.033462079160143376,15,1p
PC1,ratio_16,-1.3895155881647913e-4,16,1p
PC1,ratio_17,0.007972141699059892,17,1p
PC1,ratio_18,-0.027457763937009466,18,1p
PC1,ratio_19,-0.0186395920630927,19,1p
PC1,ratio_20,-9.589117487990644e-4,20,1p
PC1,ratio_21,0.032745586142535296,21,1p
PC1,ratio_22,-0.025882625977111308,22,1p
PC1,ratio_23,0.09747165016281545,23,1q
PC1,ratio_24,0.07885472471329649,24,1q
PC1,ratio_25,0.028398105252347615,25,1q
PC1,ratio_26,0.0075903111185526536,26,1q
PC1,ratio_27,0.01369602761382196,27,1q
PC1,ratio_28,-0.03227114863891769,28,1q
PC1,ratio_29,0.02812525468378233,29,1q
PC1,ratio_30,-0.011300829643753476,30,1q
PC1,ratio_31,-0.017138310096970644,31,1q
PC1,ratio_32,-0.003455055412312962,32,1q
PC1,ratio_33,0.058994439786671155,33,1q
PC1,ratio_34,0.029243180369327142,34,1q
PC1,ratio_35,-0.005005347440084909,35,1q
PC1,ratio_36,-0.05269822813330794,36,1q
PC1,ratio_37,0.0045072436335266775,37,1q
PC1,ratio_38,0.056896303441507236,38,1q
PC1,ratio_39,0.009830481773335559,39,1q
PC1,ratio_40,0.008356028210260432,40,1q
PC1,ratio_41,-0.016501278310486076,41,1q
PC1,ratio_42,0.013799206438687525,42,2p
PC1,ratio_43,-0.004196697105849919,43,2p
PC1,ratio_44,-0.04196568627365406,44,2p
PC1,ratio_45,-0.006428464143045284,45,2p
PC1,ratio_46,0.06248533270029155,46,2p
PC1,ratio_47,0.0016563889732718426,47,2p
PC1,ratio_48,0.028212309024652455,48,2p
PC1,ratio_49,0.016361763705742764,49,2p
PC1,ratio_50,0.01502400577535852,50,2p
PC1,ratio_51,-0.030702276304607378,51,2p
PC1,ratio_52,-0.030713937195258365,52,2p
PC1,ratio_53,0.0674019513170344,53,2p
PC1,ratio_54,0.010574070834388574,54,2p
PC1,ratio_55,0.06157945944323884,55,2p
PC1,ratio_56,-0.04408004804940067,56,2p
PC1,ratio_57,-0.04893171442821961,57,2p
PC1,ratio_58,-2.7499715752600854e-4,58,2q
PC1,ratio_59,-0.0075566279618833505,59,2q
PC1,ratio_60,-0.060131984315974434,60,2q
PC1,ratio_61,-0.019906439259794396,61,2q
PC1,ratio_62,-0.019596105025087313,62,2q
PC1,ratio_63,-0.012933184525649634,63,2q
PC1,ratio_64,-0.024803187855305765,64,2q
PC1,ratio_65,0.009011744955141874,65,2q
PC1,ratio_66,-0.03422533865857568,66,2q
PC1,ratio_67,-0.030831504634196594,67,2q
PC1,ratio_68,-0.009563791455066886,68,2q
PC1,ratio_69,-0.029235369323286974,69,2q
PC1,ratio_70,0.026723545388924977,70,2q
PC1,ratio_71,-0.006658432280206478,71,2q
PC1,ratio_72,-0.03934343965400239,72,2q
PC1,ratio_73,-0.04482546792160903,73,2q
PC1,ratio_74,-0.005149610375211018,74,2q
PC1,ratio_75,-0.0170874023759253,75,2q
PC1,ratio_76,0.02063040718864767,76,2q
PC1,ratio_77,-0.007367735371023181,77,2q
PC1,ratio_78,-0.06208666893846099,78,2q
PC1,ratio_79,0.008046981634553151,79,2q
PC1,ratio_80,-0.03868820740015149,80,2q
PC1,ratio_81,-0.030094532320786738,81,2q
PC1,ratio_82,0.05596230762540178,82,2q
PC1,ratio_83,-0.025506472057233335,83,2q
PC1,ratio_84,-0.03008890733969893,84,3p
PC1,ratio_85,0.03947561398791107,85,3p
PC1,ratio_86,0.010675935850499762,86,3p
PC1,ratio_87,-0.028642743453264816,87,3p
PC1,ratio_88,-0.0484118155803857,88,3p
PC1,ratio_89,0.018328501404857,89,3p
PC1,ratio_90,0.006847948693830248,90,3p
PC1,ratio_91,0.019121352327668144,91,3p
PC1,ratio_92,0.12097495792335074,92,3p
PC1,ratio_93,0.03626192715534708,93,3p
PC1,ratio_94,-0.010798106731543721,94,3p
PC1,ratio_95,-0.04726511863296504,95,3p
PC1,ratio_96,-0.048242664159596896,96,3p
PC1,ratio_97,-0.008202129574181118,97,3p
PC1,ratio_98,-0.04200972192050439,98,3p
PC1,ratio_99,-0.03787556685042084,99,3p
PC1,ratio_100,-0.054308329964232925,100,3p
PC1,ratio_101,-0.04038306340709484,101,3q
PC1,ratio_102,-0.02131166837548175,102,3q
PC1,ratio_103,-0.0222954138427551,103,3q
PC1,ratio_104,0.002741650616514309,104,3q
PC1,ratio_105,-0.04028520092084473,105,3q
PC1,ratio_106,0.01905107790775561,106,3q
PC1,ratio_107,0.06768455666615379,107,3q
PC1,ratio_108,-0.015063749531651521,108,3q
PC1,ratio_109,-0.022425310149736342,109,3q
PC1,ratio_110,0.004917219285407572,110,3q
PC1,ratio_111,-0.022864350988008566,111,3q
PC1,ratio_112,0.027185388213715345,112,3q
PC1,ratio_113,-0.013237414245363429,113,3q
PC1,ratio_114,-0.024758880963550358,114,3q
PC1,ratio_115,-0.011162803459753406,115,3q
PC1,ratio_116,0.00604962318454487,116,3q
PC1,ratio_117,-0.006657382193629303,117,3q
PC1,ratio_118,0.024429000479440435,118,3q
PC1,ratio_119,0.03169943424942414,119,3q
PC1,ratio_120,0.005547684055179877,120,3q
PC1,ratio_121,-0.010608496474893264,121,4p
PC1,ratio_122,-0.03152714809647901,122,4p
PC1,ratio_123,-0.021716597892103385,123,4p
PC1,ratio_124,-0.060387124612063456,124,4p
PC1,ratio_125,-0.02037069371822061,125,4p
PC1,ratio_126,-0.02988733153959734,126,4p
PC1,ratio_127,0.016835325555488043,127,4p
PC1,ratio_128,-0.028973914456415464,128,4p
PC1,ratio_129,-0.025030913154332132,129,4q
PC1,ratio_130,-0.035300286722352685,130,4q
PC1,ratio_131,-0.05209719755331483,131,4q
PC1,ratio_132,-0.029236860058533883,132,4q
PC1,ratio_133,-0.011834769982699797,133,4q
PC1,ratio_134,-0.015791861509071595,134,4q
PC1,ratio_135,0.00541017855577891,135,4q
PC1,ratio_136,-0.045309242758313585,136,4q
PC1,ratio_137,-0.03131402449392851,137,4q
PC1,ratio_138,-0.012885049788694014,138,4q
PC1,ratio_139,-0.02265659307967908,139,4q
PC1,ratio_140,-0.03718391112872293,140,4q
PC1,ratio_141,-0.0503464617823981,141,4q
PC1,ratio_142,-0.020121092632453614,142,4q
PC1,ratio_143,-0.03284773424730669,143,4q
PC1,ratio_144,-0.04359132863718259,144,4q
PC1,ratio_145,-0.04836287988259289,145,4q
PC1,ratio_146,0.005800775953752309,146,4q
PC1,ratio_147,-0.04565910097304691,147,4q
PC1,ratio_148,-0.008166098891253255,148,4q
PC1,ratio_149,-0.050019393116621645,149,4q
PC1,ratio_150,-0.04552776149685867,150,4q
PC1,ratio_151,-0.048922671414491324,151,4q
PC1,ratio_152,-0.03951747741862835,152,4q
PC1,ratio_153,-0.05022371229513082,153,4q
PC1,ratio_154,-0.04390110136798778,154,4q
PC1,ratio_155,-0.00977714146601191,155,4q
PC1,ratio_156,-0.05971685305810451,156,5p
PC1,ratio_157,-0.018404819373833908,157,5p
PC1,ratio_158,-0.04336600051930871,158,5p
PC1,ratio_159,-0.024168797101113314,159,5p
PC1,ratio_160,-0.016763391882227627,160,5p
PC1,ratio_161,-0.01632667946813769,161,5p
PC1,ratio_162,-0.006659685874681128,162,5p
PC1,ratio_163,-0.01674779791021294,163,5p
PC1,ratio_164,-0.0175801842088236,164,5q
PC1,ratio_165,0.004037092091113168,165,5q
PC1,ratio_166,-0.027362568420632442,166,5q
PC1,ratio_167,0.022769819047271045,167,5q
PC1,ratio_168,-0.02318978008416873,168,5q
PC1,ratio_169,-0.03521088816227478,169,5q
PC1,ratio_170,-0.01816026840181747,170,5q
PC1,ratio_171,-0.027050967940272466,171,5q
PC1,ratio_172,-0.03673473537869197,172,5q
PC1,ratio_173,-0.028962064800479647,173,5q
PC1,ratio_174,-0.04327687325032587,174,5q
PC1,ratio_175,-0.03276230423192805,175,5q
PC1,ratio_176,-0.046612385241684415,176,5q
PC1,ratio_177,-0.04709790980393469,177,5q
PC1,ratio_178,0.03589306551777991,178,5q
PC1,ratio_179,0.016478365554968236,179,5q
PC1,ratio_180,0.01196611789799428,180,5q
PC1,ratio_181,0.005434150691217631,181,5q
PC1,ratio_182,-0.02255592801821547,182,5q
PC1,ratio_183,-0.020006938314764536,183,5q
PC1,ratio_184,-0.05700181565787418,184,5q
PC1,ratio_185,-0.0348472341774256,185,5q
PC1,ratio_186,6.09164408709068e-4,186,5q
PC1,ratio_187,0.09041975656179067,187,5q
PC1,ratio_188,0.02009019609410128,188,6p
PC1,ratio_189,0.041754123325802424,189,6p
PC1,ratio_190,0.024439651948365823,190,6p
PC1,ratio_191,0.017012807625438546,191,6p
PC1,ratio_192,0.04748423164973845,192,6p
PC1,ratio_193,0.12318357594599748,193,6p
PC1,ratio_194,0.0673080065067006,194,6p
PC1,ratio_195,0.054882748991522824,195,6p
PC1,ratio_196,-0.030580637550806016,196,6p
PC1,ratio_197,-0.033581286890997326,197,6p
PC1,ratio_198,-0.042975297975500745,198,6q
PC1,ratio_199,-0.041924583096542664,199,6q
PC1,ratio_200,-0.047517217634928416,200,6q
PC1,ratio_201,-0.038753961072120556,201,6q
PC1,ratio_202,-0.02864487624864539,202,6q
PC1,ratio_203,-0.034173268321488356,203,6q
PC1,ratio_204,-0.05803437055166259,204,6q
PC1,ratio_205,-0.061391668498070866,205,6q
PC1,ratio_206,0.039338600893654256,206,6q
PC1,ratio_207,0.013460179291980682,207,6q
PC1,ratio_208,-0.02646146802035674,208,6q
PC1,ratio_209,-0.0612427469485209,209,6q
PC1,ratio_210,-0.04038130266326725,210,6q
PC1,ratio_211,-0.022863326425810085,211,6q
PC1,ratio_212,0.03026871634911748,212,6q
PC1,ratio_213,0.016323500008813437,213,6q
PC1,ratio_214,-0.008166903421153913,214,6q
PC1,ratio_215,-0.005335216708105954,215,6q
PC1,ratio_216,0.027827163600473784,216,6q
PC1,ratio_217,-0.020622227999718627,217,6q
PC1,ratio_218,-0.03928460249151091,218,6q
PC1,ratio_219,0.0473929233229337,219,7p
PC1,ratio_220,-0.034824124056424786,220,7p
PC1,ratio_221,-0.008852579444386062,221,7p
PC1,ratio_222,-0.02050094176082015,222,7p
PC1,ratio_223,0.0066034387893085505,223,7p
PC1,ratio_224,-0.03146782721543357,224,7p
PC1,ratio_225,0.03815938341387591,225,7p
PC1,ratio_226,0.002913684699371298,226,7p
PC1,ratio_227,-0.03662173512996171,227,7p
PC1,ratio_228,-0.0322489545450765,228,7p
PC1,ratio_229,-0.004161665309615006,229,7q
PC1,ratio_230,0.027027476186280014,230,7q
PC1,ratio_231,-0.03475463525652493,231,7q
PC1,ratio_232,-0.034738129669506276,232,7q
PC1,ratio_233,-0.010628703776895454,233,7q
PC1,ratio_234,0.013312296477596833,234,7q
PC1,ratio_235,0.04363504792516258,235,7q
PC1,ratio_236,0.007320103834542875,236,7q
PC1,ratio_237,-0.029354925892573904,237,7q
PC1,ratio_238,-0.039976962347253696,238,7q
PC1,ratio_239,-0.04700466554370404,239,7q
PC1,ratio_240,0.031028547615600463,240,7q
PC1,ratio_241,0.011912679465658573,241,7q
PC1,ratio_242,0.03683962274507912,242,7q
PC1,ratio_243,-6.609880374637288e-4,243,7q
PC1,ratio_244,-0.011301389725905508,244,7q
PC1,ratio_245,0.01994107104148609,245,7q
PC1,ratio_246,-0.03145837921659853,246,8p
PC1,ratio_247,-0.018637350065210893,247,8p
PC1,ratio_248,-0.01855796660252488,248,8p
PC1,ratio_249,0.02313956540554906,249,8p
PC1,ratio_250,-0.04561928060947996,250,8p
PC1,ratio_251,-0.02335593396511239,251,8p
PC1,ratio_252,-0.043369273855444715,252,8q
PC1,ratio_253,-0.03318872999654903,253,8q
PC1,ratio_254,-0.033006309693562975,254,8q
PC1,ratio_255,-0.01395099658093527,255,8q
PC1,ratio_256,-0.028772707597131846,256,8q
PC1,ratio_257,-0.05211084750760668,257,8q
PC1,ratio_258,-0.032136540950908205,258,8q
PC1,ratio_259,-0.03436068782074689,259,8q
PC1,ratio_260,-0.04251324522490607,260,8q
PC1,ratio_261,0.005154271995370041,261,8q
PC1,ratio_262,0.03372722365475562,262,8q
PC1,ratio_263,-0.02001473254093528,263,8q
PC1,ratio_264,-0.04001115750814601,264,8q
PC1,ratio_265,-0.026857291003293832,265,8q
PC1,ratio_266,-0.004281263301691868,266,8q
PC1,ratio_267,0.03238282963120996,267,8q
PC1,ratio_268,0.01918398224901043,268,8q
PC1,ratio_269,-0.05472692974412824,269,8q
PC1,ratio_270,0.03477853406497911,270,8q
PC1,ratio_271,-0.011428478200070733,271,9p
PC1,ratio_272,-0.04155462138973027,272,9p
PC1,ratio_273,-0.053464714272456554,273,9p
PC1,ratio_274,-0.0246005806658242,274,9p
PC1,ratio_275,-0.042677107564941225,275,9p
PC1,ratio_276,-0.004295692621092785,276,9p
PC1,ratio_277,-0.03226011060667725,277,9q
PC1,ratio_278,-0.02111423995539345,278,9q
PC1,ratio_279,-0.03018995460341357,279,9q
PC1,ratio_280,0.015062075142225446,280,9q
PC1,ratio_281,0.03630202341068479,281,9q
PC1,ratio_282,-0.0016491170506956244,282,9q
PC1,ratio_283,-0.03814812764681294,283,9q
PC1,ratio_284,0.004416892224737984,284,9q
PC1,ratio_285,-0.005695980061969173,285,9q
PC1,ratio_286,-0.017049574342601074,286,9q
PC1,ratio_287,0.06335449290033385,287,9q
PC1,ratio_288,0.14003641342560497,288,9q
PC1,ratio_289,0.08352190633489484,289,9q
PC1,ratio_290,0.009094308424657848,290,10p
PC1,ratio_291,0.019065574813978924,291,10p
PC1,ratio_292,-0.02274172646319359,292,10p
PC1,ratio_293,-0.00352362869789391,293,10p
PC1,ratio_294,0.01034192627032245,294,10p
PC1,ratio_295,0.029645105281083595,295,10p
PC1,ratio_296,-0.04526162038918386,296,10q
PC1,ratio_297,-0.025356564037555197,297,10q
PC1,ratio_298,-0.038731075051607895,298,10q
PC1,ratio_299,0.07045126101795435,299,10q
PC1,ratio_300,0.039113367128465165,300,10q
PC1,ratio_301,-0.021850249749184963,301,10q
PC1,ratio_302,-0.03226195971019089,302,10q
PC1,ratio_303,0.012236707563012405,303,10q
PC1,ratio_304,0.012784296029157429,304,10q
PC1,ratio_305,0.053991682748296965,305,10q
PC1,ratio_306,-0.04245377328390169,306,10q
PC1,ratio_307,-0.013398011128424247,307,10q
PC1,ratio_308,-0.040417751589311435,308,10q
PC1,ratio_309,-0.020970423400602123,309,10q
PC1,ratio_310,-0.007992162557765655,310,10q
PC1,ratio_311,-0.03382588602377792,311,10q
PC1,ratio_312,-0.003677118956704225,312,11p
PC1,ratio_313,0.0033943400925298046,313,11p
PC1,ratio_314,-0.02554464302008786,314,11p
PC1,ratio_315,-0.05062280337645521,315,11p
PC1,ratio_316,-0.04076190807167507,316,11p
PC1,ratio_317,-0.005255826476303956,317,11p
PC1,ratio_318,-0.028707018064208483,318,11p
PC1,ratio_319,-0.023067229139111356,319,11p
PC1,ratio_320,0.07732101463773909,320,11p
PC1,ratio_321,-0.013008789250104848,321,11q
PC1,ratio_322,0.11408004169932609,322,11q
PC1,ratio_323,0.15579996128915416,323,11q
PC1,ratio_324,0.09612936449274952,324,11q
PC1,ratio_325,0.02547659826254772,325,11q
PC1,ratio_326,-0.052921054879683384,326,11q
PC1,ratio_327,-0.030917298399275484,327,11q
PC1,ratio_328,-0.02597822150315165,328,11q
PC1,ratio_329,-0.0398249723186542,329,11q
PC1,ratio_330,-0.03234890734808633,330,11q
PC1,ratio_331,-0.036841658411315,331,11q
PC1,ratio_332,0.01614745110277192,332,11q
PC1,ratio_333,-0.00987237844032636,333,11q
PC1,ratio_334,-0.019066432173918776,334,11q
PC1,ratio_335,0.05390915789856163,335,12p
PC1,ratio_336,0.02906854995892107,336,12p
PC1,ratio_337,-0.029715394152950173,337,12p
PC1,ratio_338,-0.03261630107574943,338,12p
PC1,ratio_339,0.017665796968052698,339,12p
PC1,ratio_340,-0.030379597215535778,340,12q
PC1,ratio_341,0.053087303131544465,341,12q
PC1,ratio_342,0.0847868692862152,342,12q
PC1,ratio_343,0.034236438658323806,343,12q
PC1,ratio_344,-0.00402252777189714,344,12q
PC1,ratio_345,0.019254688056679518,345,12q
PC1,ratio_346,-0.03396770595414448,346,12q
PC1,ratio_347,-0.026204447701543024,347,12q
PC1,ratio_348,-0.04165226773365476,348,12q
PC1,ratio_349,-0.03260065934233893,349,12q
PC1,ratio_350,0.003948007410458141,350,12q
PC1,ratio_351,-0.02635871469576781,351,12q
PC1,ratio_352,-0.017585044265506552,352,12q
PC1,ratio_353,0.008309282165619044,353,12q
PC1,ratio_354,0.05534840120298986,354,12q
PC1,ratio_355,-0.015691733986613967,355,12q
PC1,ratio_356,0.14563159164279482,356,12q
PC1,ratio_357,-0.03574305619123827,357,12q
PC1,ratio_358,0.003774612296210878,358,13q
PC1,ratio_359,-0.010736394417576529,359,13q
PC1,ratio_360,0.013076913965995758,360,13q
PC1,ratio_361,-0.04894966530994645,361,13q
PC1,ratio_362,0.011854375456974148,362,13q
PC1,ratio_363,0.03668178811936017,363,13q
PC1,ratio_364,0.0180953012812675,364,13q
PC1,ratio_365,-0.03284282499952606,365,13q
PC1,ratio_366,-0.031421423287098446,366,13q
PC1,ratio_367,-0.025300253309613288,367,13q
PC1,ratio_368,-0.026400098434095447,368,13q
PC1,ratio_369,-0.022731293559980156,369,13q
PC1,ratio_370,-0.03108090235589407,370,13q
PC1,ratio_371,-0.027063628752844772,371,13q
PC1,ratio_372,-0.033729888532270096,372,13q
PC1,ratio_373,-0.012729392180682484,373,13q
PC1,ratio_374,-0.0295977507814225,374,13q
PC1,ratio_375,-0.043277059500820295,375,13q
PC1,ratio_376,0.04646090622735989,376,13q
PC1,ratio_377,0.06709872219970534,377,14q
PC1,ratio_378,-0.05947927330652194,378,14q
PC1,ratio_379,-0.024680593858777595,379,14q
PC1,ratio_380,0.0020365562724461578,380,14q
PC1,ratio_381,-0.049580863767336066,381,14q
PC1,ratio_382,-0.05752885042791717,382,14q
PC1,ratio_383,0.02618134304545935,383,14q
PC1,ratio_384,0.006323806248000603,384,14q
PC1,ratio_385,-0.003462832285295972,385,14q
PC1,ratio_386,0.04696076721321614,386,14q
PC1,ratio_387,0.048038635062386564,387,14q
PC1,ratio_388,0.014154522386941752,388,14q
PC1,ratio_389,-0.033519153699450424,389,14q
PC1,ratio_390,-0.030211590314849147,390,14q
PC1,ratio_391,0.07744591809487485,391,14q
PC1,ratio_392,-0.04002457886575101,392,14q
PC1,ratio_393,0.06757643680409989,393,14q
PC1,ratio_394,-0.03635362521585405,394,15q
PC1,ratio_395,-0.023331591703748364,395,15q
PC1,ratio_396,0.10093650860287709,396,15q
PC1,ratio_397,-0.023673014845113007,397,15q
PC1,ratio_398,0.01507307683237953,398,15q
PC1,ratio_399,0.03011829965378212,399,15q
PC1,ratio_400,0.012579752496895838,400,15q
PC1,ratio_401,0.06755892453744723,401,15q
PC1,ratio_402,0.01399829560737234,402,15q
PC1,ratio_403,0.04907798012409244,403,15q
PC1,ratio_404,-0.015780463423374098,404,15q
PC1,ratio_405,0.05067095578929147,405,15q
PC1,ratio_406,-0.03136356176880117,406,15q
PC1,ratio_407,-0.05084927708250534,407,16p
PC1,ratio_408,0.038355237741011225,408,16p
PC1,ratio_409,0.015457729959588728,409,16p
PC1,ratio_410,-0.009995352641510682,410,16q
PC1,ratio_411,-0.02092336502907215,411,16q
PC1,ratio_412,0.018388503973053156,412,16q
PC1,ratio_413,-0.04970076706079688,413,16q
PC1,ratio_414,0.06856979817952948,414,16q
PC1,ratio_415,-1.2590287117984902e-4,415,16q
PC1,ratio_416,-0.03195353228897518,416,16q
PC1,ratio_417,0.013852495914689783,417,16q
PC1,ratio_418,0.10311173849306071,418,16q
PC1,ratio_419,0.1616717009322633,419,17p
PC1,ratio_420,0.063229667497061,420,17p
PC1,ratio_421,-0.05425929056195131,421,17p
PC1,ratio_422,0.0029966686481559027,422,17q
PC1,ratio_423,0.06781290832009439,423,17q
PC1,ratio_424,0.13900848318453357,424,17q
PC1,ratio_425,0.0808139050418378,425,17q
PC1,ratio_426,-0.0417561902884328,426,17q
PC1,ratio_427,0.0862729490293658,427,17q
PC1,ratio_428,0.041634826841670775,428,17q
PC1,ratio_429,0.023437929168939563,429,17q
PC1,ratio_430,0.09951906610127978,430,17q
PC1,ratio_431,0.1473243826533248,431,17q
PC1,ratio_432,-0.02022035131452765,432,18p
PC1,ratio_433,0.002472914172607562,433,18p
PC1,ratio_434,-0.021962511685880412,434,18q
PC1,ratio_435,-0.03713082306180904,435,18q
PC1,ratio_436,-0.03298890525330643,436,18q
PC1,ratio_437,-0.044299275434808716,437,18q
PC1,ratio_438,-0.031461956382748575,438,18q
PC1,ratio_439,-0.023044009542367246,439,18q
PC1,ratio_440,-0.027770901188064415,440,18q
PC1,ratio_441,-0.04227391084243924,441,18q
PC1,ratio_442,-0.024032644774901527,442,18q
PC1,ratio_443,-0.03781541391801791,443,18q
PC1,ratio_444,-0.01879664032354007,444,18q
PC1,ratio_445,0.14668564685305624,445,19p
PC1,ratio_446,0.20072796034347845,446,19p
PC1,ratio_447,0.19397009885042438,447,19p
PC1,ratio_448,-0.0114217045444026,448,19q
PC1,ratio_449,0.14462709516245015,449,19q
PC1,ratio_450,0.11491349505918355,450,19q
PC1,ratio_451,0.1765089202850422,451,19q
PC1,ratio_452,0.1422059695013247,452,19q
PC1,ratio_453,-0.013592314379781303,453,20p
PC1,ratio_454,-0.040991832360126115,454,20p
PC1,ratio_455,-0.020273503964421735,455,20p
PC1,ratio_456,-0.02798810407299433,456,20p
PC1,ratio_457,0.11160299211040844,457,20q
PC1,ratio_458,0.02162173193051105,458,20q
PC1,ratio_459,-0.0016603696698035608,459,20q
PC1,ratio_460,0.07754696351530989,460,20q
PC1,ratio_461,-0.028504174896187243,461,20q
PC1,ratio_462,-0.018627421983956432,462,20q
PC1,ratio_463,-0.01343660063734731,463,21q
PC1,ratio_464,-0.03770671271366614,464,21q
PC1,ratio_465,-0.038683166857427315,465,21q
PC1,ratio_466,0.007025111874141387,466,21q
PC1,ratio_467,0.03457547389560986,467,21q
PC1,ratio_468,0.02180783742590317,468,21q
PC1,ratio_469,0.0011017956775191459,469,22q
PC1,ratio_470,0.03666597539491881,470,22q
PC1,ratio_471,0.11169831956775612,471,22q
PC1,ratio_472,0.10773764890545136,472,22q
PC1,ratio_473,0.006211197026886321,473,22q
PC10,ratio_1,-0.010582653004878255,1,1p
PC10,ratio_2,0.001778235121041894,2,1p
PC10,ratio_3,-0.05437520733684237,3,1p
PC10,ratio_4,-0.04213956866520089,4,1p
PC10,ratio_5,-0.011965027342327388,5,1p
PC10,ratio_6,0.039580070441800674,6,1p
PC10,ratio_7,0.009141320126867736,7,1p
PC10,ratio_8,0.01502295207211521,8,1p
PC10,ratio_9,0.009347655288139037,9,1p
PC10,ratio_10,-0.014850627122746507,10,1p
PC10,ratio_11,-0.07007143365435328,11,1p
PC10,ratio_12,-0.030775431854947306,12,1p
PC10,ratio_13,0.007575509097088522,13,1p
PC10,ratio_14,0.024818800351301608,14,1p
PC10,ratio_15,-0.011191789087879843,15,1p
PC10,ratio_16,-0.06261534644267,16,1p
PC10,ratio_17,-0.024814644756055496,17,1p
PC10,ratio_18,-0.0053458485911047834,18,1p
PC10,ratio_19,-0.04180141364756948,19,1p
PC10,ratio_20,-0.01996640312665216,20,1p
PC10,ratio_21,-0.057556193314163354,21,1p
PC10,ratio_22,-0.024095457313699303,22,1p
PC10,ratio_23,0.060593366675953414,23,1q
PC10,ratio_24,-0.03237282486032311,24,1q
PC10,ratio_25,-0.02052869939335039,25,1q
PC10,ratio_26,-0.020703096917722985,26,1q
PC10,ratio_27,-0.01809114530310385,27,1q
PC10,ratio_28,0.04771619093810919,28,1q
PC10,ratio_29,0.04516479379230723,29,1q
PC10,ratio_30,0.03787256938204993,30,1q
PC10,ratio_31,-0.0027440325700145776,31,1q
PC10,ratio_32,-8.098073967677645e-4,32,1q
PC10,ratio_33,0.003960553763047088,33,1q
PC10,ratio_34,-0.01569693121504477,34,1q
PC10,ratio_35,0.008220768679453634,35,1q
PC10,ratio_36,0.03462214059257617,36,1q
PC10,ratio_37,0.012247155695317011,37,1q
PC10,ratio_38,-0.013233026559359293,38,1q
PC10,ratio_39,0.020977047330557674,39,1q
PC10,ratio_40,0.041349577164130104,40,1q
PC10,ratio_41,0.04363041031827087,41,1q
PC10,ratio_42,-0.0395502273454791,42,2p
PC10,ratio_43,-0.022452766518116042,43,2p
PC10,ratio_44,-0.04602844685732791,44,2p
PC10,ratio_45,0.016237315833420404,45,2p
PC10,ratio_46,-0.020711832023052084,46,2p
PC10,ratio_47,-0.041514874011849084,47,2p
PC10,ratio_48,-0.014880105099235234,48,2p
PC10,ratio_49,-0.02281584121328453,49,2p
PC10,ratio_50,-0.021656570580024747,50,2p
PC10,ratio_51,0.009049979847697296,51,2p
PC10,ratio_52,0.014886518884635117,52,2p
PC10,ratio_53,0.004088532237967456,53,2p
PC10,ratio_54,0.00620341780332331,54,2p
PC10,ratio_55,0.04039574150114162,55,2p
PC10,ratio_56,0.020935931851390175,56,2p
PC10,ratio_57,0.017010227049643497,57,2p
PC10,ratio_58,4.910142831639242e-4,58,2q
PC10,ratio_59,-0.10195374650583523,59,2q
PC10,ratio_60,-0.04102440169526375,60,2q
PC10,ratio_61,-0.0713311285508878,61,2q
PC10,ratio_62,-0.02800664576467095,62,2q
PC10,ratio_63,-0.053094097231663896,63,2q
PC10,ratio_64,-0.01920022977529583,64,2q
PC10,ratio_65,-0.0956721146457256,65,2q
PC10,ratio_66,-0.030400154325874586,66,2q
PC10,ratio_67,-0.044636947836336524,67,2q
PC10,ratio_68,0.002819044856635519,68,2q
PC10,ratio_69,-0.053402541492202596,69,2q
PC10,ratio_70,-0.10797386886329484,70,2q
PC10,ratio_71,-0.07068478783463172,71,2q
PC10,ratio_72,-0.08107761491920834,72,2q
PC10,ratio_73,-0.04802538196374809,73,2q
PC10,ratio_74,-0.052516220742248904,74,2q
PC10,ratio_75,-0.014479993239338903,75,2q
PC10,ratio_76,-0.05595248280372626,76,2q
PC10,ratio_77,-0.06438871051988072,77,2q
PC10,ratio_78,-0.03603929834540263,78,2q
PC10,ratio_79,-0.06012593574724077,79,2q
PC10,ratio_80,-2.904039089660921e-4,80,2q
PC10,ratio_81,-0.0070895529245192344,81,2q
PC10,ratio_82,-0.016885057661475855,82,2q
PC10,ratio_83,-0.05161551174308871,83,2q
PC10,ratio_84,0.003540236024313677,84,3p
PC10,ratio_85,-3.226612206176471e-4,85,3p
PC10,ratio_86,-0.001351712102656498,86,3p
PC10,ratio_87,-0.010345591572845213,87,3p
PC10,ratio_88,0.029349717188182124,88,3p
PC10,ratio_89,-0.018627904963116008,89,3p
PC10,ratio_90,-0.008181567946991094,90,3p
PC10,ratio_91,0.0029554048486013064,91,3p
PC10,ratio_92,0.04158570216927803,92,3p
PC10,ratio_93,0.018739793422493236,93,3p
PC10,ratio_94,-0.02470667164308128,94,3p
PC10,ratio_95,0.008278124755561582,95,3p
PC10,ratio_96,0.04028062665260357,96,3p
PC10,ratio_97,0.04767424561539414,97,3p
PC10,ratio_98,0.05026137734998443,98,3p
PC10,ratio_99,0.06199522529366467,99,3p
PC10,ratio_100,0.07315275607583019,100,3p
PC10,ratio_101,-0.037476197546365865,101,3q
PC10,ratio_102,-0.009411504625554528,102,3q
PC10,ratio_103,-0.04133715417832083,103,3q
PC10,ratio_104,-0.033830450833699274,104,3q
PC10,ratio_105,-0.03173905494860074,105,3q
PC10,ratio_106,-0.07780617939090134,106,3q
PC10,ratio_107,-0.03501155618313196,107,3q
PC10,ratio_108,-0.03503656077360251,108,3q
PC10,ratio_109,-0.003818316747685273,109,3q
PC10,ratio_110,0.01097239288896056,110,3q
PC10,ratio_111,0.05016783266066553,111,3q
PC10,ratio_112,0.06496938327213808,112,3q
PC10,ratio_113,0.06873355786350518,113,3q
PC10,ratio_114,0.09986119047852884,114,3q
PC10,ratio_115,0.08762487850098503,115,3q
PC10,ratio_116,0.09723407396536396,116,3q
PC10,ratio_117,0.119063958791024,117,3q
PC10,ratio_118,0.12104777291648096,118,3q
PC10,ratio_119,0.13514946663454008,119,3q
PC10,ratio_120,0.07491854085878848,120,3q
PC10,ratio_121,-0.048596147398226264,121,4p
PC10,ratio_122,-0.04083050104032684,122,4p
PC10,ratio_123,-0.0019196234662543807,123,4p
PC10,ratio_124,0.0045362870811747405,124,4p
PC10,ratio_125,0.002116957942062622,125,4p
PC10,ratio_126,-0.014015326418253343,126,4p
PC10,ratio_127,0.0012450987144416253,127,4p
PC10,ratio_128,-0.03519435942242947,128,4p
PC10,ratio_129,-0.05458344316269082,129,4q
PC10,ratio_130,0.012710338091546449,130,4q
PC10,ratio_131,-0.02656092387744689,131,4q
PC10,ratio_132,-0.0594510863784852,132,4q
PC10,ratio_133,-0.07106109821130899,133,4q
PC10,ratio_134,-0.0829154628429988,134,4q
PC10,ratio_135,-0.05197611538883622,135,4q
PC10,ratio_136,-0.027050777579474626,136,4q
PC10,ratio_137,-0.037659787676259514,137,4q
PC10,ratio_138,0.013062530728393522,138,4q
PC10,ratio_139,-0.04131488193303723,139,4q
PC10,ratio_140,-0.043440892084234975,140,4q
PC10,ratio_141,-0.009056496457590262,141,4q
PC10,ratio_142,-0.057538060307778235,142,4q
PC10,ratio_143,-0.022632048700030626,143,4q
PC10,ratio_144,-0.0051902961426582815,144,4q
PC10,ratio_145,-0.018819288337572144,145,4q
PC10,ratio_146,-0.08085101079081704,146,4q
PC10,ratio_147,-0.05966266917234363,147,4q
PC10,ratio_148,-0.050784085440840426,148,4q
PC10,ratio_149,-0.06892321520726989,149,4q
PC10,ratio_150,-0.02413363585905696,150,4q
PC10,ratio_151,-0.04959241954578169,151,4q
PC10,ratio_152,-0.05926221568055326,152,4q
PC10,ratio_153,-0.03270041992510062,153,4q
PC10,ratio_154,-0.04306021784619243,154,4q
PC10,ratio_155,-0.043707888032748186,155,4q
PC10,ratio_156,-0.13807193194261666,156,5p
PC10,ratio_157,-0.10083096783875735,157,5p
PC10,ratio_158,-0.1002653214324817,158,5p
PC10,ratio_159,-0.0681183886638498,159,5p
PC10,ratio_160,0.00901769108004927,160,5p
PC10,ratio_161,-0.05884016008983356,161,5p
PC10,ratio_162,-0.012191721299816848,162,5p
PC10,ratio_163,-0.02383136541213548,163,5p
PC10,ratio_164,0.03795039950909828,164,5q
PC10,ratio_165,0.03126764977817889,165,5q
PC10,ratio_166,0.0367996193312225,166,5q
PC10,ratio_167,0.020990566944229096,167,5q
PC10,ratio_168,-0.007273416953222747,168,5q
PC10,ratio_169,0.007834918604139216,169,5q
PC10,ratio_170,0.0074241356761327116,170,5q
PC10,ratio_171,0.020557520339577202,171,5q
PC10,ratio_172,0.028092901034227798,172,5q
PC10,ratio_173,0.002506431432022524,173,5q
PC10,ratio_174,0.03413489783517741,174,5q
PC10,ratio_175,0.062108682847767556,175,5q
PC10,ratio_176,0.0454720686455272,176,5q
PC10,ratio_177,0.05061158003393034,177,5q
PC10,ratio_178,0.03330994362196826,178,5q
PC10,ratio_179,0.04814789133322605,179,5q
PC10,ratio_180,0.06191325121892159,180,5q
PC10,ratio_181,0.021467099751989807,181,5q
PC10,ratio_182,0.06477482086578377,182,5q
PC10,ratio_183,0.07077363038474697,183,5q
PC10,ratio_184,0.09290509457898695,184,5q
PC10,ratio_185,0.06747241012576184,185,5q
PC10,ratio_186,9.129944091977845e-4,186,5q
PC10,ratio_187,0.03791493467549699,187,5q
PC10,ratio_188,-0.028183536013063108,188,6p
PC10,ratio_189,0.0011587044110177506,189,6p
PC10,ratio_190,0.034142987049798956,190,6p
PC10,ratio_191,-0.047243076417695484,191,6p
PC10,ratio_192,-0.004750392908577517,192,6p
PC10,ratio_193,0.005058975735689062,193,6p
PC10,ratio_194,0.02894320679635472,194,6p
PC10,ratio_195,0.006721497086690839,195,6p
PC10,ratio_196,-0.0073024542459455555,196,6p
PC10,ratio_197,0.013072113005488405,197,6p
PC10,ratio_198,0.02769552611174366,198,6q
PC10,ratio_199,0.015078644870440505,199,6q
PC10,ratio_200,0.030129437987554804,200,6q
PC10,ratio_201,8.722440051024844e-4,201,6q
PC10,ratio_202,0.020986977351931085,202,6q
PC10,ratio_203,-0.0035599555432082,203,6q
PC10,ratio_204,0.02957517011153473,204,6q
PC10,ratio_205,0.007015075700778923,205,6q
PC10,ratio_206,0.04031138082234695,206,6q
PC10,ratio_207,0.014769294468614776,207,6q
PC10,ratio_208,0.010447043618221774,208,6q
PC10,ratio_209,0.030438653384197288,209,6q
PC10,ratio_210,0.037388848048489236,210,6q
PC10,ratio_211,0.011332082734222065,211,6q
PC10,ratio_212,-0.026366060511549237,212,6q
PC10,ratio_213,-0.036929329748610934,213,6q
PC10,ratio_214,-0.021172410525194807,214,6q
PC10,ratio_215,0.005008119134399032,215,6q
PC10,ratio_216,-0.025238310663280264,216,6q
PC10,ratio_217,0.01242323261776521,217,6q
PC10,ratio_218,0.017263620790709304,218,6q
PC10,ratio_219,0.018611078552699604,219,7p
PC10,ratio_220,-0.02148590938749286,220,7p
PC10,ratio_221,-0.030737964569593875,221,7p
PC10,ratio_222,-0.03840287720426238,222,7p
PC10,ratio_223,-0.022178974616149878,223,7p
PC10,ratio_224,3.76824641209442e-4,224,7p
PC10,ratio_225,7.151327635571206e-4,225,7p
PC10,ratio_226,-0.01568426861500654,226,7p
PC10,ratio_227,-0.0325422929681531,227,7p
PC10,ratio_228,-0.023938396162621434,228,7p
PC10,ratio_229,-0.013463659712607202,229,7q
PC10,ratio_230,-0.011207384337642148,230,7q
PC10,ratio_231,0.0034499175282702585,231,7q
PC10,ratio_232,-0.033491802933405805,232,7q
PC10,ratio_233,-0.02070019212410913,233,7q
PC10,ratio_234,0.00243391871568673,234,7q
PC10,ratio_235,-0.01063223657037643,235,7q
PC10,ratio_236,0.010568246668032232,236,7q
PC10,ratio_237,0.0047818998514782066,237,7q
PC10,ratio_238,0.006250914799839747,238,7q
PC10,ratio_239,0.00462480318743678,239,7q
PC10,ratio_240,-0.010445946206139341,240,7q
PC10,ratio_241,-0.02249584033547767,241,7q
PC10,ratio_242,-0.017883774309946542,242,7q
PC10,ratio_243,0.0027318523487600177,243,7q
PC10,ratio_244,-0.013187537636120494,244,7q
PC10,ratio_245,-0.010710673062660778,245,7q
PC10,ratio_246,0.06392524257791854,246,8p
PC10,ratio_247,0.0712926070130303,247,8p
PC10,ratio_248,0.039289910070994916,248,8p
PC10,ratio_249,0.05801020239719714,249,8p
PC10,ratio_250,0.028385750354402703,250,8p
PC10,ratio_251,0.03904314975654828,251,8p
PC10,ratio_252,0.024630791974244295,252,8q
PC10,ratio_253,4.2739493457849483e-4,253,8q
PC10,ratio_254,-0.006528635483655155,254,8q
PC10,ratio_255,0.009194816725098831,255,8q
PC10,ratio_256,0.014709349863553909,256,8q
PC10,ratio_257,0.03784153419000163,257,8q
PC10,ratio_258,0.03318682078436885,258,8q
PC10,ratio_259,0.012139181241736584,259,8q
PC10,ratio_260,0.01364586937553229,260,8q
PC10,ratio_261,0.02926804800281284,261,8q
PC10,ratio_262,0.040327003627581653,262,8q
PC10,ratio_263,-0.02649505824858816,263,8q
PC10,ratio_264,0.041772042148566564,264,8q
PC10,ratio_265,0.04726385263884188,265,8q
PC10,ratio_266,0.016002344679957686,266,8q
PC10,ratio_267,-0.0156667423976722,267,8q
PC10,ratio_268,0.018302191006381908,268,8q
PC10,ratio_269,0.016410655889945114,269,8q
PC10,ratio_270,-0.016763052739927366,270,8q
PC10,ratio_271,0.14668315376927324,271,9p
PC10,ratio_272,0.1496778859211319,272,9p
PC10,ratio_273,0.1177497224535229,273,9p
PC10,ratio_274,0.1655368445293366,274,9p
PC10,ratio_275,0.1340583093216705,275,9p
PC10,ratio_276,0.1195924075552841,276,9p
PC10,ratio_277,0.009200565550572814,277,9q
PC10,ratio_278,0.007732892268768222,278,9q
PC10,ratio_279,0.01332874470445917,279,9q
PC10,ratio_280,0.03360508744155063,280,9q
PC10,ratio_281,0.005932359534749534,281,9q
PC10,ratio_282,0.01875077761506326,282,9q
PC10,ratio_283,0.02012690551369514,283,9q
PC10,ratio_284,0.01025628890499447,284,9q
PC10,ratio_285,0.0032361280969412493,285,9q
PC10,ratio_286,0.006766818997336895,286,9q
PC10,ratio_287,0.023232277315378767,287,9q
PC10,ratio_288,-0.004103473308052623,288,9q
PC10,ratio_289,-0.03459295159656722,289,9q
PC10,ratio_290,0.034559852228118186,290,10p
PC10,ratio_291,0.026374337330923998,291,10p
PC10,ratio_292,0.023563544135901195,292,10p
PC10,ratio_293,0.02649142000402393,293,10p
PC10,ratio_294,0.028066267226674144,294,10p
PC10,ratio_295,0.0017389744087286248,295,10p
PC10,ratio_296,0.06379782429759166,296,10q
PC10,ratio_297,0.05241670189274525,297,10q
PC10,ratio_298,0.05972035724842883,298,10q
PC10,ratio_299,0.05512777330519287,299,10q
PC10,ratio_300,0.05707273263953023,300,10q
PC10,ratio_301,0.07696807733072472,301,10q
PC10,ratio_302,0.05276786745176444,302,10q
PC10,ratio_303,0.018497020714903535,303,10q
PC10,ratio_304,0.04698271877363704,304,10q
PC10,ratio_305,0.05259960445447359,305,10q
PC10,ratio_306,0.04647448216217038,306,10q
PC10,ratio_307,0.05625657237871697,307,10q
PC10,ratio_308,0.041096883646756885,308,10q
PC10,ratio_309,0.03437125847260956,309,10q
PC10,ratio_310,0.024696841520718823,310,10q
PC10,ratio_311,-0.01762217761896622,311,10q
PC10,ratio_312,-0.007238135991264612,312,11p
PC10,ratio_313,0.03948340184393833,313,11p
PC10,ratio_314,0.005192910927695553,314,11p
PC10,ratio_315,0.047223876868979976,315,11p
PC10,ratio_316,0.020065159371179957,316,11p
PC10,ratio_317,0.028856707241647177,317,11p
PC10,ratio_318,0.022996411202308872,318,11p
PC10,ratio_319,0.011291315283885793,319,11p
PC10,ratio_320,0.017584230471722195,320,11p
PC10,ratio_321,0.04543877042157854,321,11q
PC10,ratio_322,0.0032144973841924857,322,11q
PC10,ratio_323,-0.056816856487592264,323,11q
PC10,ratio_324,-0.02184142105797433,324,11q
PC10,ratio_325,-0.009654753505714594,325,11q
PC10,ratio_326,-0.01772296026999779,326,11q
PC10,ratio_327,0.00878044404117472,327,11q
PC10,ratio_328,0.07465649232889739,328,11q
PC10,ratio_329,0.02973681172191106,329,11q
PC10,ratio_330,0.051616297415555186,330,11q
PC10,ratio_331,0.02358431752164536,331,11q
PC10,ratio_332,0.019333094066025482,332,11q
PC10,ratio_333,0.010198760338471629,333,11q
PC10,ratio_334,0.026351417471397954,334,11q
PC10,ratio_335,0.005719944061355436,335,12p
PC10,ratio_336,0.04985060737584736,336,12p
PC10,ratio_337,0.02693968937007322,337,12p
PC10,ratio_338,0.04735746449684057,338,12p
PC10,ratio_339,0.05100443921048296,339,12p
PC10,ratio_340,-0.00884992308728597,340,12q
PC10,ratio_341,9.076465458042302e-4,341,12q
PC10,ratio_342,0.015447353302231756,342,12q
PC10,ratio_343,0.033773890579108984,343,12q
PC10,ratio_344,0.020648372755790147,344,12q
PC10,ratio_345,0.06070214320311185,345,12q
PC10,ratio_346,0.05372578344829895,346,12q
PC10,ratio_347,0.061361927905798315,347,12q
PC10,ratio_348,0.06148426698713376,348,12q
PC10,ratio_349,0.05743130027142517,349,12q
PC10,ratio_350,0.06376254755171665,350,12q
PC10,ratio_351,0.02470005366007341,351,12q
PC10,ratio_352,0.041269485164183786,352,12q
PC10,ratio_353,0.026927631942490326,353,12q
PC10,ratio_354,0.02687031181874827,354,12q
PC10,ratio_355,0.039794347230016104,355,12q
PC10,ratio_356,0.008175881149441018,356,12q
PC10,ratio_357,-0.007228647200321222,357,12q
PC10,ratio_358,-0.10059484949042095,358,13q
PC10,ratio_359,-0.10274696216429863,359,13q
PC10,ratio_360,-0.0653893224690567,360,13q
PC10,ratio_361,-0.05387584257287582,361,13q
PC10,ratio_362,-0.1284937455668929,362,13q
PC10,ratio_363,-0.08335369942864022,363,13q
PC10,ratio_364,-0.0376211256565681,364,13q
PC10,ratio_365,-0.07347320162432214,365,13q
PC10,ratio_366,-0.07708706215359033,366,13q
PC10,ratio_367,-0.05829107098561969,367,13q
PC10,ratio_368,-0.12042286539074536,368,13q
PC10,ratio_369,-0.08425749274673186,369,13q
PC10,ratio_370,-0.08056100130584129,370,13q
PC10,ratio_371,-0.07668415711391056,371,13q
PC10,ratio_372,-0.10278617260538828,372,13q
PC10,ratio_373,-0.13331722888594646,373,13q
PC10,ratio_374,-0.11408446069524822,374,13q
PC10,ratio_375,-0.11324932267719508,375,13q
PC10,ratio_376,-0.1460143201709924,376,13q
PC10,ratio_377,0.022231079503247854,377,14q
PC10,ratio_378,0.003957841129466857,378,14q
PC10,ratio_379,-0.028150074643162652,379,14q
PC10,ratio_380,0.017479718313809598,380,14q
PC10,ratio_381,0.02861524831956859,381,14q
PC10,ratio_382,0.05545565706765863,382,14q
PC10,ratio_383,0.05828421142424322,383,14q
PC10,ratio_384,-0.002206206074934718,384,14q
PC10,ratio_385,0.023197306136559445,385,14q
PC10,ratio_386,0.027363825627908362,386,14q
PC10,ratio_387,0.02790708072295414,387,14q
PC10,ratio_388,0.020947779250741805,388,14q
PC10,ratio_389,0.06818206950820556,389,14q
PC10,ratio_390,0.04675833852879193,390,14q
PC10,ratio_391,0.02864002036386581,391,14q
PC10,ratio_392,0.02953041893692142,392,14q
PC10,ratio_393,-0.008339793006012234,393,14q
PC10,ratio_394,-0.014939681975068715,394,15q
PC10,ratio_395,-0.0199447318853194,395,15q
PC10,ratio_396,0.0478921247726956,396,15q
PC10,ratio_397,0.027758796255721474,397,15q
PC10,ratio_398,0.020226683194662528,398,15q
PC10,ratio_399,0.02497518604608801,399,15q
PC10,ratio_400,0.04731144576746221,400,15q
PC10,ratio_401,0.021960650427398053,401,15q
PC10,ratio_402,0.020007711873148586,402,15q
PC10,ratio_403,0.04873223860186398,403,15q
PC10,ratio_404,0.036339895835699375,404,15q
PC10,ratio_405,0.04805335212792646,405,15q
PC10,ratio_406,0.009608766543431423,406,15q
PC10,ratio_407,-0.02634384389033804,407,16p
PC10,ratio_408,-0.020304080205142152,408,16p
PC10,ratio_409,0.02768879975884133,409,16p
PC10,ratio_410,-0.07109295020613221,410,16q
PC10,ratio_411,-0.07240533238647728,411,16q
PC10,ratio_412,-0.018873973646670126,412,16q
PC10,ratio_413,0.00971249907144291,413,16q
PC10,ratio_414,0.014879461493097587,414,16q
PC10,ratio_415,-0.012599422721422619,415,16q
PC10,ratio_416,-0.011483057485511379,416,16q
PC10,ratio_417,0.002302450358956615,417,16q
PC10,ratio_418,-0.02081539176580669,418,16q
PC10,ratio_419,-0.02473368406359389,419,17p
PC10,ratio_420,-0.026682073017081302,420,17p
PC10,ratio_421,-0.016601078358956585,421,17p
PC10,ratio_422,-0.003796474116026547,422,17q
PC10,ratio_423,0.02067101843703427,423,17q
PC10,ratio_424,0.07473073604716728,424,17q
PC10,ratio_425,-0.009740780258989064,425,17q
PC10,ratio_426,-0.02197993090294355,426,17q
PC10,ratio_427,-0.0020693086235823656,427,17q
PC10,ratio_428,-2.4465894609118833e-4,428,17q
PC10,ratio_429,-0.024938570505640134,429,17q
PC10,ratio_430,-0.04582531778814631,430,17q
PC10,ratio_431,-0.04181478837959915,431,17q
PC10,ratio_432,-0.0389268349296567,432,18p
PC10,ratio_433,-0.04818531063516211,433,18p
PC10,ratio_434,-0.051211935872617215,434,18q
PC10,ratio_435,-0.017862642438894977,435,18q
PC10,ratio_436,-0.07246728205317056,436,18q
PC10,ratio_437,-0.08583152743150439,437,18q
PC10,ratio_438,-0.048975797985916315,438,18q
PC10,ratio_439,-0.039589173832165335,439,18q
PC10,ratio_440,-0.062118885499729805,440,18q
PC10,ratio_441,-0.05701749083041073,441,18q
PC10,ratio_442,-0.01920549222327286,442,18q
PC10,ratio_443,-0.040732089840522304,443,18q
PC10,ratio_444,-0.05562097568969261,444,18q
PC10,ratio_445,-0.01509791545610378,445,19p
PC10,ratio_446,-0.01908660729688399,446,19p
PC10,ratio_447,0.01034335143143748,447,19p
PC10,ratio_448,0.007548584285904539,448,19q
PC10,ratio_449,-1.3188666749683008e-5,449,19q
PC10,ratio_450,0.025025429685627786,450,19q
PC10,ratio_451,-0.03922431984839369,451,19q
PC10,ratio_452,0.0377582319916703,452,19q
PC10,ratio_453,-0.0432070734644246,453,20p
PC10,ratio_454,-0.01419414921678136,454,20p
PC10,ratio_455,-0.03293834584311244,455,20p
PC10,ratio_456,-0.04098026586944765,456,20p
PC10,ratio_457,0.0065081686603581344,457,20q
PC10,ratio_458,-0.034923631998966496,458,20q
PC10,ratio_459,-0.02704221671353479,459,20q
PC10,ratio_460,-0.031573427550047814,460,20q
PC10,ratio_461,0.00878542265745553,461,20q
PC10,ratio_462,0.007513289872890641,462,20q
PC10,ratio_463,0.04888140479742467,463,21q
PC10,ratio_464,0.03480673950345321,464,21q
PC10,ratio_465,0.055293665463925015,465,21q
PC10,ratio_466,0.05894588909106848,466,21q
PC10,ratio_467,0.031892537595160295,467,21q
PC10,ratio_468,-0.009583397472447595,468,21q
PC10,ratio_469,-0.05645742115207787,469,22q
PC10,ratio_470,-0.012338878558090079,470,22q
PC10,ratio_471,-0.030738974470504152,471,22q
PC10,ratio_472,-0.017105018749131607,472,22q
PC10,ratio_473,-0.019790760256559275,473,22q
PC11,ratio_1,-0.006373702090914236,1,1p
PC11,ratio_2,0.012526547984766087,2,1p
PC11,ratio_3,0.03989025345954756,3,1p
PC11,ratio_4,0.012009044669991753,4,1p
PC11,ratio_5,-0.05902328940969631,5,1p
PC11,ratio_6,-0.005103494736683062,6,1p
PC11,ratio_7,-0.07652975940855772,7,1p
PC11,ratio_8,-0.011125978825011762,8,1p
PC11,ratio_9,-0.02190383964384654,9,1p
PC11,ratio_10,-0.024992998385259743,10,1p
PC11,ratio_11,-0.10686325717083159,11,1p
PC11,ratio_12,-0.06415798992105194,12,1p
PC11,ratio_13,-0.06772170314675419,13,1p
PC11,ratio_14,-0.011917822457574612,14,1p
PC11,ratio_15,0.020089902991578302,15,1p
PC11,ratio_16,-0.05375442047720713,16,1p
PC11,ratio_17,0.019507928329797614,17,1p
PC11,ratio_18,0.03597103532977719,18,1p
PC11,ratio_19,-0.019720495005467936,19,1p
PC11,ratio_20,-0.020624994035635356,20,1p
PC11,ratio_21,-0.023141508664138777,21,1p
PC11,ratio_22,0.004349297829607357,22,1p
PC11,ratio_23,0.046265910717062514,23,1q
PC11,ratio_24,-0.05447274826560536,24,1q
PC11,ratio_25,-0.02208577811877682,25,1q
PC11,ratio_26,-0.004868491032312822,26,1q
PC11,ratio_27,-0.03851894827941016,27,1q
PC11,ratio_28,0.0675982349810028,28,1q
PC11,ratio_29,0.05952034565430897,29,1q
PC11,ratio_30,0.02961476879402803,30,1q
PC11,ratio_31,6.809459363691789e-4,31,1q
PC11,ratio_32,-0.0033037497074207725,32,1q
PC11,ratio_33,0.017259313045451502,33,1q
PC11,ratio_34,0.012293758783336836,34,1q
PC11,ratio_35,0.05258395879834203,35,1q
PC11,ratio_36,0.04923233231362748,36,1q
PC11,ratio_37,0.05528131745854388,37,1q
PC11,ratio_38,-0.020160398777652945,38,1q
PC11,ratio_39,0.04196287130653761,39,1q
PC11,ratio_40,0.019684300217962636,40,1q
PC11,ratio_41,0.04552744716863266,41,1q
PC11,ratio_42,-0.005719926501271267,42,2p
PC11,ratio_43,0.030133865850461936,43,2p
PC11,ratio_44,0.016519151221550874,44,2p
PC11,ratio_45,0.04754273475881952,45,2p
PC11,ratio_46,0.04074758929391281,46,2p
PC11,ratio_47,0.0038765847348309615,47,2p
PC11,ratio_48,0.04585232345035654,48,2p
PC11,ratio_49,0.057221201623612154,49,2p
PC11,ratio_50,0.054857616486163614,50,2p
PC11,ratio_51,0.058617604223983114,51,2p
PC11,ratio_52,0.05476062809704706,52,2p
PC11,ratio_53,0.035057683114596706,53,2p
PC11,ratio_54,0.035259645326833094,54,2p
PC11,ratio_55,0.02821553148932309,55,2p
PC11,ratio_56,8.055037678464124e-4,56,2p
PC11,ratio_57,-0.0013989610685249964,57,2p
PC11,ratio_58,0.08039329376332618,58,2q
PC11,ratio_59,-0.07340468468142983,59,2q
PC11,ratio_60,0.026003140209786734,60,2q
PC11,ratio_61,0.023726478676943476,61,2q
PC11,ratio_62,0.027765131674506317,62,2q
PC11,ratio_63,0.029283118813480384,63,2q
PC11,ratio_64,0.04115687587091329,64,2q
PC11,ratio_65,-0.04405702817812109,65,2q
PC11,ratio_66,0.08642297208096396,66,2q
PC11,ratio_67,0.047791086827059466,67,2q
PC11,ratio_68,0.08199825303445808,68,2q
PC11,ratio_69,0.04905111761289284,69,2q
PC11,ratio_70,-0.007704610571531964,70,2q
PC11,ratio_71,0.07883451009648193,71,2q
PC11,ratio_72,0.03635087965537726,72,2q
PC11,ratio_73,0.046791118704454564,73,2q
PC11,ratio_74,0.045438659055953304,74,2q
PC11,ratio_75,0.04311093316331714,75,2q
PC11,ratio_76,0.056669644180731886,76,2q
PC11,ratio_77,0.021233912437275085,77,2q
PC11,ratio_78,0.03690607458257265,78,2q
PC11,ratio_79,-7.937238588182242e-5,79,2q
PC11,ratio_80,0.034979142568843026,80,2q
PC11,ratio_81,0.05688045442213416,81,2q
PC11,ratio_82,0.041404490000062646,82,2q
PC11,ratio_83,0.04104194364673539,83,2q
PC11,ratio_84,-0.029875996307666457,84,3p
PC11,ratio_85,-0.04388672913721713,85,3p
PC11,ratio_86,-0.03911165061757875,86,3p
PC11,ratio_87,-0.041236738704239585,87,3p
PC11,ratio_88,0.012141943386615535,88,3p
PC11,ratio_89,-0.05547119442308268,89,3p
PC11,ratio_90,-0.05067143323692867,90,3p
PC11,ratio_91,-0.0230546364086119,91,3p
PC11,ratio_92,0.023933984416831162,92,3p
PC11,ratio_93,0.009620462596870967,93,3p
PC11,ratio_94,-0.043637326022965287,94,3p
PC11,ratio_95,-0.006592772918246652,95,3p
PC11,ratio_96,0.038927352987406225,96,3p
PC11,ratio_97,0.01485206821823143,97,3p
PC11,ratio_98,-0.0028612568760619725,98,3p
PC11,ratio_99,0.03982500109508338,99,3p
PC11,ratio_100,-0.0056417810080358725,100,3p
PC11,ratio_101,-0.0012863074418831427,101,3q
PC11,ratio_102,0.010886883133454293,102,3q
PC11,ratio_103,-0.029979714885895938,103,3q
PC11,ratio_104,0.009240269499181192,104,3q
PC11,ratio_105,0.02263320619845556,105,3q
PC11,ratio_106,-0.014153051690127079,106,3q
PC11,ratio_107,-0.02213985819138122,107,3q
PC11,ratio_108,-0.024724111351690777,108,3q
PC11,ratio_109,0.0029251043200774762,109,3q
PC11,ratio_110,-0.011588509926853584,110,3q
PC11,ratio_111,0.014317572939222513,111,3q
PC11,ratio_112,-0.01811615570041343,112,3q
PC11,ratio_113,0.014463576549301761,113,3q
PC11,ratio_114,0.036061635959007396,114,3q
PC11,ratio_115,-0.02410048895655286,115,3q
PC11,ratio_116,-0.00983251022532659,116,3q
PC11,ratio_117,0.029658805550628168,117,3q
PC11,ratio_118,0.037335788200397575,118,3q
PC11,ratio_119,0.047354304613629064,119,3q
PC11,ratio_120,-0.00911439053262508,120,3q
PC11,ratio_121,-0.049336072162047065,121,4p
PC11,ratio_122,-0.07477911879093788,122,4p
PC11,ratio_123,-0.03315303712173997,123,4p
PC11,ratio_124,-0.004431520915308893,124,4p
PC11,ratio_125,0.0015816331620700542,125,4p
PC11,ratio_126,-0.025492214051565338,126,4p
PC11,ratio_127,0.01205310938600019,127,4p
PC11,ratio_128,-0.008656331221082282,128,4p
PC11,ratio_129,8.451951363003635e-4,129,4q
PC11,ratio_130,0.0610154625722127,130,4q
PC11,ratio_131,0.06355438184408135,131,4q
PC11,ratio_132,0.07300478274259238,132,4q
PC11,ratio_133,0.03350724862710574,133,4q
PC11,ratio_134,-0.006874523432413183,134,4q
PC11,ratio_135,0.004316068401169708,135,4q
PC11,ratio_136,-0.007452576460922063,136,4q
PC11,ratio_137,-0.03249397242322483,137,4q
PC11,ratio_138,-0.003525538798983995,138,4q
PC11,ratio_139,-0.016029367585449816,139,4q
PC11,ratio_140,0.006732678306559783,140,4q
PC11,ratio_141,-0.009054516015376494,141,4q
PC11,ratio_142,-0.050637745281028546,142,4q
PC11,ratio_143,0.009002246509674752,143,4q
PC11,ratio_144,0.007120844926132555,144,4q
PC11,ratio_145,0.012847386434885217,145,4q
PC11,ratio_146,-0.025869970363450047,146,4q
PC11,ratio_147,0.040021431507003144,147,4q
PC11,ratio_148,0.05841370485940868,148,4q
PC11,ratio_149,0.0375804909640004,149,4q
PC11,ratio_150,0.03888388634314907,150,4q
PC11,ratio_151,0.0723554798682791,151,4q
PC11,ratio_152,0.020500891586775597,152,4q
PC11,ratio_153,0.05493348218541359,153,4q
PC11,ratio_154,0.06225067119044188,154,4q
PC11,ratio_155,0.08942382833155897,155,4q
PC11,ratio_156,0.0024203006376720144,156,5p
PC11,ratio_157,-0.022818001347836184,157,5p
PC11,ratio_158,-0.011818491471616187,158,5p
PC11,ratio_159,0.005354504581960444,159,5p
PC11,ratio_160,-0.035138448208399106,160,5p
PC11,ratio_161,-0.075438657417851,161,5p
PC11,ratio_162,-0.04374602365833221,162,5p
PC11,ratio_163,-0.06149073189183381,163,5p
PC11,ratio_164,0.008962856711301695,164,5q
PC11,ratio_165,-0.004298399614462215,165,5q
PC11,ratio_166,0.010056595224776033,166,5q
PC11,ratio_167,0.06408045366836744,167,5q
PC11,ratio_168,0.02123738439608025,168,5q
PC11,ratio_169,-6.782464945987388e-4,169,5q
PC11,ratio_170,0.03796778688158208,170,5q
PC11,ratio_171,0.03946297643044673,171,5q
PC11,ratio_172,0.03251231962530951,172,5q
PC11,ratio_173,0.011242491484041812,173,5q
PC11,ratio_174,0.07343310108778198,174,5q
PC11,ratio_175,0.04310878038839534,175,5q
PC11,ratio_176,0.024796734607464656,176,5q
PC11,ratio_177,0.016383621657301492,177,5q
PC11,ratio_178,0.022593852236260162,178,5q
PC11,ratio_179,0.003209437264968168,179,5q
PC11,ratio_180,0.06967493550317774,180,5q
PC11,ratio_181,-0.021575610238734878,181,5q
PC11,ratio_182,0.04642630190806475,182,5q
PC11,ratio_183,0.0020844243775607254,183,5q
PC11,ratio_184,-0.008164345985373158,184,5q
PC11,ratio_185,-0.004695692124215207,185,5q
PC11,ratio_186,-0.0367138359029868,186,5q
PC11,ratio_187,0.03248973320901366,187,5q
PC11,ratio_188,-0.009929131339775174,188,6p
PC11,ratio_189,0.05291150458811327,189,6p
PC11,ratio_190,0.011618868063996333,190,6p
PC11,ratio_191,-0.10093932684132097,191,6p
PC11,ratio_192,-0.04851938464576422,192,6p
PC11,ratio_193,-0.049475869941173235,193,6p
PC11,ratio_194,0.035510875159032305,194,6p
PC11,ratio_195,-0.007499534364894109,195,6p
PC11,ratio_196,-0.03002387330492239,196,6p
PC11,ratio_197,0.023554878698883227,197,6p
PC11,ratio_198,-0.014515043635435968,198,6q
PC11,ratio_199,0.006108722392093625,199,6q
PC11,ratio_200,0.018444767803512594,200,6q
PC11,ratio_201,-0.005094633460957499,201,6q
PC11,ratio_202,0.013818227664780651,202,6q
PC11,ratio_203,-0.029209317060164292,203,6q
PC11,ratio_204,-0.013069408534483592,204,6q
PC11,ratio_205,-0.0407261945297359,205,6q
PC11,ratio_206,-0.0021674917781121248,206,6q
PC11,ratio_207,-0.06150875304112881,207,6q
PC11,ratio_208,-0.024747336867204574,208,6q
PC11,ratio_209,-0.03877528715767153,209,6q
PC11,ratio_210,-0.03437982336240888,210,6q
PC11,ratio_211,-0.036870425384589324,211,6q
PC11,ratio_212,-0.008092960024262366,212,6q
PC11,ratio_213,-0.05833620591352622,213,6q
PC11,ratio_214,-0.03807211206604421,214,6q
PC11,ratio_215,-0.02054717962220097,215,6q
PC11,ratio_216,-0.07994629394457727,216,6q
PC11,ratio_217,-0.0160377236827213,217,6q
PC11,ratio_218,-0.01543640335595842,218,6q
PC11,ratio_219,0.005873205168090522,219,7p
PC11,ratio_220,0.019445266921982472,220,7p
PC11,ratio_221,-0.02022762388372124,221,7p
PC11,ratio_222,0.004776562550991014,222,7p
PC11,ratio_223,0.02351284835522969,223,7p
PC11,ratio_224,6.065015326788967e-4,224,7p
PC11,ratio_225,0.00888107668249834,225,7p
PC11,ratio_226,0.008159440481741711,226,7p
PC11,ratio_227,2.618570079046528e-5,227,7p
PC11,ratio_228,0.01148157112934686,228,7p
PC11,ratio_229,0.04692280376810693,229,7q
PC11,ratio_230,0.05021038957328948,230,7q
PC11,ratio_231,-0.0055636904515636255,231,7q
PC11,ratio_232,-0.03074759988239101,232,7q
PC11,ratio_233,0.009922421262631284,233,7q
PC11,ratio_234,0.08552997587223389,234,7q
PC11,ratio_235,0.027731793457852705,235,7q
PC11,ratio_236,0.051808356666989026,236,7q
PC11,ratio_237,0.09856207933752938,237,7q
PC11,ratio_238,0.06992225124114591,238,7q
PC11,ratio_239,0.09347873320446352,239,7q
PC11,ratio_240,0.021987659330863014,240,7q
PC11,ratio_241,3.8218528317116284e-4,241,7q
PC11,ratio_242,-0.010143753213543771,242,7q
PC11,ratio_243,0.022322947282108343,243,7q
PC11,ratio_244,0.01636662594384876,244,7q
PC11,ratio_245,0.02827793244350128,245,7q
PC11,ratio_246,-0.025304583682036842,246,8p
PC11,ratio_247,-0.003555135105452026,247,8p
PC11,ratio_248,-0.05587064317680368,248,8p
PC11,ratio_249,-0.002689419571950678,249,8p
PC11,ratio_250,0.005949841317450966,250,8p
PC11,ratio_251,0.03256369829615252,251,8p
PC11,ratio_252,-0.012471358062596251,252,8q
PC11,ratio_253,-0.012106807794318775,253,8q
PC11,ratio_254,-0.04667306475653895,254,8q
PC11,ratio_255,-0.002569412614916574,255,8q
PC11,ratio_256,-0.0076063823423616304,256,8q
PC11,ratio_257,-0.0063517041112772215,257,8q
PC11,ratio_258,-0.02324229159422824,258,8q
PC11,ratio_259,-0.034483938760434915,259,8q
PC11,ratio_260,-0.0019471985175577888,260,8q
PC11,ratio_261,0.01768661800492978,261,8q
PC11,ratio_262,-0.004127754716657056,262,8q
PC11,ratio_263,-0.1266674040235884,263,8q
PC11,ratio_264,-0.04873071328979488,264,8q
PC11,ratio_265,-0.015181915325532232,265,8q
PC11,ratio_266,-0.03279553785670354,266,8q
PC11,ratio_267,-0.10966594338032411,267,8q
PC11,ratio_268,-0.08468633863791628,268,8q
PC11,ratio_269,-0.033909476858151454,269,8q
PC11,ratio_270,-0.016072045839645603,270,8q
PC11,ratio_271,-0.1334349698060545,271,9p
PC11,ratio_272,-0.210616608913749,272,9p
PC11,ratio_273,-0.14257801824686023,273,9p
PC11,ratio_274,-0.11897878404326694,274,9p
PC11,ratio_275,-0.11704408532669087,275,9p
PC11,ratio_276,-0.0671327985800314,276,9p
PC11,ratio_277,0.05420965298738802,277,9q
PC11,ratio_278,0.048519356024675026,278,9q
PC11,ratio_279,0.05223779823491165,279,9q
PC11,ratio_280,0.06044746359002913,280,9q
PC11,ratio_281,0.04310488356088416,281,9q
PC11,ratio_282,0.04662619274172983,282,9q
PC11,ratio_283,0.044683590857181724,283,9q
PC11,ratio_284,0.05658085031113144,284,9q
PC11,ratio_285,0.0694816902436565,285,9q
PC11,ratio_286,0.05387011946716373,286,9q
PC11,ratio_287,0.06822894212980667,287,9q
PC11,ratio_288,0.040459947065448074,288,9q
PC11,ratio_289,0.021935719422665208,289,9q
PC11,ratio_290,-0.05152192239208159,290,10p
PC11,ratio_291,-0.00902927223165585,291,10p
PC11,ratio_292,-0.023255913099685513,292,10p
PC11,ratio_293,-0.006184117032953128,293,10p
PC11,ratio_294,-0.011086052333389306,294,10p
PC11,ratio_295,-0.038555991306451314,295,10p
PC11,ratio_296,0.01891943497773526,296,10q
PC11,ratio_297,0.03764401146010483,297,10q
PC11,ratio_298,0.048491283829116376,298,10q
PC11,ratio_299,-0.0184096421171947,299,10q
PC11,ratio_300,0.020824124478630142,300,10q
PC11,ratio_301,0.0012281559724542472,301,10q
PC11,ratio_302,0.021932630599737674,302,10q
PC11,ratio_303,-9.871948269241643e-5,303,10q
PC11,ratio_304,0.033464151380053556,304,10q
PC11,ratio_305,0.025449057609012293,305,10q
PC11,ratio_306,-0.01641505045575122,306,10q
PC11,ratio_307,-0.004997063595132661,307,10q
PC11,ratio_308,0.011916288880163979,308,10q
PC11,ratio_309,0.04434996258271997,309,10q
PC11,ratio_310,-0.023490308056658575,310,10q
PC11,ratio_311,-0.03439786669097004,311,10q
PC11,ratio_312,-0.0440305562037215,312,11p
PC11,ratio_313,0.017882352603155495,313,11p
PC11,ratio_314,0.01641421031236676,314,11p
PC11,ratio_315,0.009623005074573556,315,11p
PC11,ratio_316,-0.03631790834058027,316,11p
PC11,ratio_317,-0.006518269342525512,317,11p
PC11,ratio_318,-0.028744668119970694,318,11p
PC11,ratio_319,-0.044904695340025516,319,11p
PC11,ratio_320,-0.0068744824637640214,320,11p
PC11,ratio_321,-0.018391549525549947,321,11q
PC11,ratio_322,-0.024638471837171324,322,11q
PC11,ratio_323,-0.030175957954204243,323,11q
PC11,ratio_324,-0.005844990527777556,324,11q
PC11,ratio_325,-0.008447016028493523,325,11q
PC11,ratio_326,0.010275852103465169,326,11q
PC11,ratio_327,-0.018111970555418393,327,11q
PC11,ratio_328,-0.022273665255932402,328,11q
PC11,ratio_329,-0.03490419290193222,329,11q
PC11,ratio_330,-0.019267123557518036,330,11q
PC11,ratio_331,0.0010944635821802252,331,11q
PC11,ratio_332,-0.029405815946554476,332,11q
PC11,ratio_333,-0.051507368030090574,333,11q
PC11,ratio_334,-0.03266301731828185,334,11q
PC11,ratio_335,-0.0716241031380643,335,12p
PC11,ratio_336,0.024395904730525667,336,12p
PC11,ratio_337,0.0374604164094004,337,12p
PC11,ratio_338,0.06094405299138231,338,12p
PC11,ratio_339,-0.008742552156476098,339,12p
PC11,ratio_340,-8.792190949915659e-4,340,12q
PC11,ratio_341,-0.008360879768730463,341,12q
PC11,ratio_342,9.58511243403201e-4,342,12q
PC11,ratio_343,0.05588064086314742,343,12q
PC11,ratio_344,0.011240057489329302,344,12q
PC11,ratio_345,-0.1566144928947535,345,12q
PC11,ratio_346,-0.08613870120539582,346,12q
PC11,ratio_347,0.05252048293867232,347,12q
PC11,ratio_348,0.06870547089426374,348,12q
PC11,ratio_349,0.021648917015851667,349,12q
PC11,ratio_350,0.04416851749221901,350,12q
PC11,ratio_351,0.025807868567494164,351,12q
PC11,ratio_352,0.03873488102210922,352,12q
PC11,ratio_353,0.01659908258054905,353,12q
PC11,ratio_354,0.05172983766782764,354,12q
PC11,ratio_355,0.07149980424823385,355,12q
PC11,ratio_356,0.04622839835079984,356,12q
PC11,ratio_357,0.008840749537901966,357,12q
PC11,ratio_358,-0.10618959704641559,358,13q
PC11,ratio_359,-0.11933605798172746,359,13q
PC11,ratio_360,-0.08902690808040173,360,13q
PC11,ratio_361,-0.08809309704706414,361,13q
PC11,ratio_362,-0.15676972749386614,362,13q
PC11,ratio_363,-0.09578122070389954,363,13q
PC11,ratio_364,-0.04498576250485907,364,13q
PC11,ratio_365,-0.04752833590204767,365,13q
PC11,ratio_366,-0.028198603996001614,366,13q
PC11,ratio_367,-0.035757236021743063,367,13q
PC11,ratio_368,-0.059049483070507336,368,13q
PC11,ratio_369,-0.029797253183495045,369,13q
PC11,ratio_370,-0.016136336723253798,370,13q
PC11,ratio_371,-0.04045334619526989,371,13q
PC11,ratio_372,0.007716904012606417,372,13q
PC11,ratio_373,-0.015772057036806668,373,13q
PC11,ratio_374,0.018342355370855844,374,13q
PC11,ratio_375,-0.013548283088163653,375,13q
PC11,ratio_376,-0.035839243442275286,376,13q
PC11,ratio_377,-0.087107476012968435,377,14q
PC11,ratio_378,-0.0477082139038189,378,14q
PC11,ratio_379,-0.0474700387501692,379,14q
PC11,ratio_380,0.022531685984016815,380,14q
PC11,ratio_381,-0.04879710993215412,381,14q
PC11,ratio_382,-0.04552198387835588,382,14q
PC11,ratio_383,-0.06112491661473934,383,14q
PC11,ratio_384,-0.11002255095942534,384,14q
PC11,ratio_385,-0.05669987945269951,385,14q
PC11,ratio_386,-0.06313148493550991,386,14q
PC11,ratio_387,-0.062474361787230294,387,14q
PC11,ratio_388,-0.02913934803776851,388,14q
PC11,ratio_389,-0.05051728686658867,389,14q
PC11,ratio_390,-0.01704924869346055,390,14q
PC11,ratio_391,-0.05027320491475915,391,14q
PC11,ratio_392,-0.022018379967108932,392,14q
PC11,ratio_393,-0.09631126105860405,393,14q
PC11,ratio_394,-9.84866927343666e-4,394,15q
PC11,ratio_395,-0.021215378109472785,395,15q
PC11,ratio_396,0.008473819436795805,396,15q
PC11,ratio_397,-0.06418894853581372,397,15q
PC11,ratio_398,-0.004831064675825462,398,15q
PC11,ratio_399,-0.03326545022479395,399,15q
PC11,ratio_400,0.04183536652939078,400,15q
PC11,ratio_401,-0.0704936074112708,401,15q
PC11,ratio_402,-0.01658652786059736,402,15q
PC11,ratio_403,-0.01238466850819253,403,15q
PC11,ratio_404,0.011022225808030658,404,15q
PC11,ratio_405,0.007877265664781825,405,15q
PC11,ratio_406,-0.04768119325910304,406,15q
PC11,ratio_407,-0.023468055247643425,407,16p
PC11,ratio_408,-0.0011045858112745915,408,16p
PC11,ratio_409,-0.009259028545178037,409,16p
PC11,ratio_410,0.036546554957469064,410,16q
PC11,ratio_411,0.06146603941246399,411,16q
PC11,ratio_412,0.05434211532389976,412,16q
PC11,ratio_413,0.017734248905102765,413,16q
PC11,ratio_414,0.08446417785560363,414,16q
PC11,ratio_415,0.06013531235445829,415,16q
PC11,ratio_416,0.017165429348587665,416,16q
PC11,ratio_417,-0.028616322570843514,417,16q
PC11,ratio_418,-0.10170360210600425,418,16q
PC11,ratio_419,0.012773371008736614,419,17p
PC11,ratio_420,0.017034821026767066,420,17p
PC11,ratio_421,-0.007004192270675937,421,17p
PC11,ratio_422,0.047153466810484615,422,17q
PC11,ratio_423,0.0535899089374579,423,17q
PC11,ratio_424,0.07712925088214026,424,17q
PC11,ratio_425,-0.00334217651897612,425,17q
PC11,ratio_426,0.029555815288000158,426,17q
PC11,ratio_427,0.03902876774458766,427,17q
PC11,ratio_428,0.05818939919776643,428,17q
PC11,ratio_429,0.042191434035377895,429,17q
PC11,ratio_430,6.927566999135777e-4,430,17q
PC11,ratio_431,0.030789298647880787,431,17q
PC11,ratio_432,0.062138808050459855,432,18p
PC11,ratio_433,0.016706309279124015,433,18p
PC11,ratio_434,0.03577336493121417,434,18q
PC11,ratio_435,0.08131974167092323,435,18q
PC11,ratio_436,0.06679486503513306,436,18q
PC11,ratio_437,-9.298809119934622e-4,437,18q
PC11,ratio_438,0.05593407098172912,438,18q
PC11,ratio_439,0.060931331399582574,439,18q
PC11,ratio_440,0.011860500148727754,440,18q
PC11,ratio_441,0.07338970829782997,441,18q
PC11,ratio_442,0.06820295487236079,442,18q
PC11,ratio_443,0.05311236823776746,443,18q
PC11,ratio_444,0.057700504732307666,444,18q
PC11,ratio_445,0.009691555169581811,445,19p
PC11,ratio_446,0.08151001214833456,446,19p
PC11,ratio_447,0.06936009672233537,447,19p
PC11,ratio_448,0.001489976748958673,448,19q
PC11,ratio_449,0.04171730798121066,449,19q
PC11,ratio_450,0.053225774945843435,450,19q
PC11,ratio_451,-0.021880562825571052,451,19q
PC11,ratio_452,0.011378794848169773,452,19q
PC11,ratio_453,0.019082829757903777,453,20p
PC11,ratio_454,0.06558104869167664,454,20p
PC11,ratio_455,0.007321628957233995,455,20p
PC11,ratio_456,0.018739498456208967,456,20p
PC11,ratio_457,0.007171974869832951,457,20q
PC11,ratio_458,0.024168438229682697,458,20q
PC11,ratio_459,-0.013141443710583968,459,20q
PC11,ratio_460,-0.012303892256017572,460,20q
PC11,ratio_461,0.002653303547846912,461,20q
PC11,ratio_462,-0.0509778429951315,462,20q
PC11,ratio_463,-0.13558248877460358,463,21q
PC11,ratio_464,-0.013586253346495531,464,21q
PC11,ratio_465,-0.002242326560276557,465,21q
PC11,ratio_466,0.035912797559905306,466,21q
PC11,ratio_467,0.013762380993640374,467,21q
PC11,ratio_468,-0.02780979266013803,468,21q
PC11,ratio_469,-0.07826405005352985,469,22q
PC11,ratio_470,-0.01626269024246661,470,22q
PC11,ratio_471,-0.09168127816670463,471,22q
PC11,ratio_472,-0.07905893108027594,472,22q
PC11,ratio_473,-0.06463095206466972,473,22q
PC2,ratio_1,-0.005859588918671249,1,1p
PC2,ratio_2,-0.017480205075650485,2,1p
PC2,ratio_3,-0.0012715874407019934,3,1p
PC2,ratio_4,0.03776228930147352,4,1p
PC2,ratio_5,-0.03050425618067859,5,1p
PC2,ratio_6,-0.01886973557275272,6,1p
PC2,ratio_7,-0.015428969202342064,7,1p
PC2,ratio_8,-0.024359563341770776,8,1p
PC2,ratio_9,-0.015305888029309038,9,1p
PC2,ratio_10,-0.013427009480004493,10,1p
PC2,ratio_11,-0.014786696865858826,11,1p
PC2,ratio_12,0.002701218197869027,12,1p
PC2,ratio_13,0.004634965292276559,13,1p
PC2,ratio_14,-0.0030423989986613654,14,1p
PC2,ratio_15,-0.009318352796663567,15,1p
PC2,ratio_16,-0.0017898244091421435,16,1p
PC2,ratio_17,-0.010831836632060408,17,1p
PC2,ratio_18,0.0018417221328766934,18,1p
PC2,ratio_19,0.004670810957978585,19,1p
PC2,ratio_20,0.009129687824275444,20,1p
PC2,ratio_21,-0.003368846151357779,21,1p
PC2,ratio_22,-0.006485672795031596,22,1p
PC2,ratio_23,-0.023354972219721663,23,1q
PC2,ratio_24,-0.01978793017828798,24,1q
PC2,ratio_25,-0.04505884964916715,25,1q
PC2,ratio_26,-0.053433328795505323,26,1q
PC2,ratio_27,-0.035961938520993386,27,1q
PC2,ratio_28,-0.05615081881001814,28,1q
PC2,ratio_29,-0.04382208271943174,29,1q
PC2,ratio_30,-0.01358147522619782,30,1q
PC2,ratio_31,-0.014282426562882092,31,1q
PC2,ratio_32,-0.019092009798034392,32,1q
PC2,ratio_33,-0.04669710772549751,33,1q
PC2,ratio_34,-0.04469991373627261,34,1q
PC2,ratio_35,-0.05546850679451896,35,1q
PC2,ratio_36,-0.05536219774488357,36,1q
PC2,ratio_37,-0.046755694262587834,37,1q
PC2,ratio_38,-0.05175822461547463,38,1q
PC2,ratio_39,-0.04749054296653284,39,1q
PC2,ratio_40,-0.03596568253180131,40,1q
PC2,ratio_41,-0.05359247376586084,41,1q
PC2,ratio_42,-0.0027967898670795675,42,2p
PC2,ratio_43,-0.016425041267854233,43,2p
PC2,ratio_44,-0.022811309909818053,44,2p
PC2,ratio_45,-0.02168260665049172,45,2p
PC2,ratio_46,-0.007220121083906937,46,2p
PC2,ratio_47,-0.012539249312502459,47,2p
PC2,ratio_48,0.0038862857960232674,48,2p
PC2,ratio_49,-0.010403349735496975,49,2p
PC2,ratio_50,-0.02394403332770126,50,2p
PC2,ratio_51,-0.008045871999134003,51,2p
PC2,ratio_52,-0.014251174188681328,52,2p
PC2,ratio_53,0.0075327435658586305,53,2p
PC2,ratio_54,-0.0024686037162623005,54,2p
PC2,ratio_55,0.010784689373056978,55,2p
PC2,ratio_56,4.996550084950177e-4,56,2p
PC2,ratio_57,2.5900304447279916e-5,57,2p
PC2,ratio_58,0.010445723836340404,58,2q
PC2,ratio_59,0.006576621802163657,59,2q
PC2,ratio_60,-0.005321189675536036,60,2q
PC2,ratio_61,-0.008812582765398291,61,2q
PC2,ratio_62,0.015119063981010473,62,2q
PC2,ratio_63,0.01179043913210082,63,2q
PC2,ratio_64,0.022378428809024138,64,2q
PC2,ratio_65,0.01526262564124418,65,2q
PC2,ratio_66,-0.007539777566570285,66,2q
PC2,ratio_67,-0.007590470067937794,67,2q
PC2,ratio_68,0.002464942676843414,68,2q
PC2,ratio_69,-0.008224940849040789,69,2q
PC2,ratio_70,-0.007065101350445681,70,2q
PC2,ratio_71,-0.012943814980740322,71,2q
PC2,ratio_72,-0.0071812470623984085,72,2q
PC2,ratio_73,0.011568261947829079,73,2q
PC2,ratio_74,0.006152783710700011,74,2q
PC2,ratio_75,0.009068069213914077,75,2q
PC2,ratio_76,-0.0022565880068133636,76,2q
PC2,ratio_77,0.002834549629405999,77,2q
PC2,ratio_78,0.018266613021469105,78,2q
PC2,ratio_79,0.020136622295375942,79,2q
PC2,ratio_80,0.01136642712942272,80,2q
PC2,ratio_81,0.025534765382928145,81,2q
PC2,ratio_82,0.046636967112629706,82,2q
PC2,ratio_83,0.0013769709795519477,83,2q
PC2,ratio_84,0.06867536398263047,84,3p
PC2,ratio_85,0.07117133874519876,85,3p
PC2,ratio_86,0.07887748150745928,86,3p
PC2,ratio_87,0.07054020005384842,87,3p
PC2,ratio_88,0.07528066884708214,88,3p
PC2,ratio_89,0.08728530120477543,89,3p
PC2,ratio_90,0.0932224980181376,90,3p
PC2,ratio_91,0.08060259004381946,91,3p
PC2,ratio_92,0.10234982357727761,92,3p
PC2,ratio_93,0.08645847350554631,93,3p
PC2,ratio_94,0.07511843416903953,94,3p
PC2,ratio_95,0.0745041471530784,95,3p
PC2,ratio_96,0.07995557241151623,96,3p
PC2,ratio_97,0.09141362426622078,97,3p
PC2,ratio_98,0.09286668130243063,98,3p
PC2,ratio_99,0.09545768137644012,99,3p
PC2,ratio_100,0.06872468088847922,100,3p
PC2,ratio_101,-0.04627049294305335,101,3q
PC2,ratio_102,-0.04213804029597212,102,3q
PC2,ratio_103,-0.05075509780007339,103,3q
PC2,ratio_104,-0.040481506410825326,104,3q
PC2,ratio_105,-0.0477966636314905,105,3q
PC2,ratio_106,-0.050549719954765836,106,3q
PC2,ratio_107,-0.05360066400935061,107,3q
PC2,ratio_108,-0.062071764056054184,108,3q
PC2,ratio_109,-0.06148017324368848,109,3q
PC2,ratio_110,-0.0499557638708827,110,3q
PC2,ratio_111,-0.06082400894705892,111,3q
PC2,ratio_112,-0.05698559051642818,112,3q
PC2,ratio_113,-0.09466627053575705,113,3q
PC2,ratio_114,-0.07461121799683876,114,3q
PC2,ratio_115,-0.08127048877478828,115,3q
PC2,ratio_116,-0.09556502986935142,116,3q
PC2,ratio_117,-0.11616111065059093,117,3q
PC2,ratio_118,-0.12611053776453396,118,3q
PC2,ratio_119,-0.10158281954647108,119,3q
PC2,ratio_120,-0.0970056950906183,120,3q
PC2,ratio_121,0.00986177479563864,121,4p
PC2,ratio_122,0.028285374623313982,122,4p
PC2,ratio_123,0.04023295227520828,123,4p
PC2,ratio_124,0.021792171775687597,124,4p
PC2,ratio_125,0.03642724549171078,125,4p
PC2,ratio_126,0.05006302748345072,126,4p
PC2,ratio_127,0.038279616715781485,127,4p
PC2,ratio_128,0.024081866246422404,128,4p
PC2,ratio_129,0.009976910402454249,129,4q
PC2,ratio_130,0.05684430212067661,130,4q
PC2,ratio_131,0.03893793219638653,131,4q
PC2,ratio_132,0.03711782551337399,132,4q
PC2,ratio_133,0.03888975604573691,133,4q
PC2,ratio_134,0.04081476117119543,134,4q
PC2,ratio_135,0.03844767691309929,135,4q
PC2,ratio_136,0.04654976377169263,136,4q
PC2,ratio_137,0.0468977020096229,137,4q
PC2,ratio_138,0.04768144538883761,138,4q
PC2,ratio_139,0.049228103070440586,139,4q
PC2,ratio_140,0.03311815730021889,140,4q
PC2,ratio_141,0.052527041877778596,141,4q
PC2,ratio_142,0.049560373593224884,142,4q
PC2,ratio_143,0.04552392022144251,143,4q
PC2,ratio_144,0.06431233808405004,144,4q
PC2,ratio_145,0.049102845390874776,145,4q
PC2,ratio_146,0.04683008063391636,146,4q
PC2,ratio_147,0.037568372555733205,147,4q
PC2,ratio_148,0.04304631678021947,148,4q
PC2,ratio_149,0.04292868446074752,149,4q
PC2,ratio_150,0.06268211710351715,150,4q
PC2,ratio_151,0.05660829830260105,151,4q
PC2,ratio_152,0.06115274117151379,152,4q
PC2,ratio_153,0.05720216343815203,153,4q
PC2,ratio_154,0.051787332674577635,154,4q
PC2,ratio_155,0.04574680971640177,155,4q
PC2,ratio_156,-0.1303478250630952,156,5p
PC2,ratio_157,-0.10112470927840525,157,5p
PC2,ratio_158,-0.10016510788755517,158,5p
PC2,ratio_159,-0.06817182034344127,159,5p
PC2,ratio_160,-0.05266174842508558,160,5p
PC2,ratio_161,-0.0956130754964796,161,5p
PC2,ratio_162,-0.08659333343396605,162,5p
PC2,ratio_163,-0.08409024372332258,163,5p
PC2,ratio_164,0.0658128407482685,164,5q
PC2,ratio_165,0.07489413371228057,165,5q
PC2,ratio_166,0.07836658305981502,166,5q
PC2,ratio_167,0.07988253497899193,167,5q
PC2,ratio_168,0.07504468332888818,168,5q
PC2,ratio_169,0.08172673936868619,169,5q
PC2,ratio_170,0.07313193437120656,170,5q
PC2,ratio_171,0.06746783236902101,171,5q
PC2,ratio_172,0.07741995618533043,172,5q
PC2,ratio_173,0.07570611771922592,173,5q
PC2,ratio_174,0.07275516151742759,174,5q
PC2,ratio_175,0.08068627286445737,175,5q
PC2,ratio_176,0.06674696371437316,176,5q
PC2,ratio_177,0.058323014998491476,177,5q
PC2,ratio_178,0.06897082372715738,178,5q
PC2,ratio_179,0.05744174029133163,179,5q
PC2,ratio_180,0.06103694635750788,180,5q
PC2,ratio_181,0.0526450575865648,181,5q
PC2,ratio_182,0.04676759259346462,182,5q
PC2,ratio_183,0.05609192797823597,183,5q
PC2,ratio_184,0.07508616951685251,184,5q
PC2,ratio_185,0.06804286078648326,185,5q
PC2,ratio_186,0.04897124865548248,186,5q
PC2,ratio_187,0.05794724045372985,187,5q
PC2,ratio_188,-0.018751128785738844,188,6p
PC2,ratio_189,-0.019803450640839576,189,6p
PC2,ratio_190,-0.022547233558296315,190,6p
PC2,ratio_191,-0.04401404947614342,191,6p
PC2,ratio_192,-0.011851484161102366,192,6p
PC2,ratio_193,-0.0023294411881705315,193,6p
PC2,ratio_194,-0.004022036074045824,194,6p
PC2,ratio_195,-0.011503400678370948,195,6p
PC2,ratio_196,-0.012347436891635356,196,6p
PC2,ratio_197,-0.024870341001438607,197,6p
PC2,ratio_198,0.008826619199439053,198,6q
PC2,ratio_199,-0.004969746806604888,199,6q
PC2,ratio_200,-0.0019035097993132881,200,6q
PC2,ratio_201,-0.01307483819340005,201,6q
PC2,ratio_202,-0.009055980540476618,202,6q
PC2,ratio_203,-0.016696918979438077,203,6q
PC2,ratio_204,-0.016607103035231,204,6q
PC2,ratio_205,-0.011116489599915912,205,6q
PC2,ratio_206,-0.010726389446398239,206,6q
PC2,ratio_207,-0.01521247269434015,207,6q
PC2,ratio_208,-0.010220658102303144,208,6q
PC2,ratio_209,-0.015871650885824082,209,6q
PC2,ratio_210,-0.019666343949795852,210,6q
PC2,ratio_211,-0.004602034932670034,211,6q
PC2,ratio_212,-0.00822043660040397,212,6q
PC2,ratio_213,0.01247373071656623,213,6q
PC2,ratio_214,-0.008757779797810752,214,6q
PC2,ratio_215,0.0014257456333945054,215,6q
PC2,ratio_216,-0.001175737376345749,216,6q
PC2,ratio_217,-0.001773155602359331,217,6q
PC2,ratio_218,-0.015263294712307536,218,6q
PC2,ratio_219,-0.025918699246819218,219,7p
PC2,ratio_220,-0.03511645357557365,220,7p
PC2,ratio_221,-0.022406585293549337,221,7p
PC2,ratio_222,-0.041241278114836445,222,7p
PC2,ratio_223,-0.032376967927646716,223,7p
PC2,ratio_224,-0.05105281007873487,224,7p
PC2,ratio_225,-0.014153755355817624,225,7p
PC2,ratio_226,-0.031313289236338394,226,7p
PC2,ratio_227,-0.04366147107123676,227,7p
PC2,ratio_228,-0.046220208066631845,228,7p
PC2,ratio_229,-0.047885994678399296,229,7q
PC2,ratio_230,-0.012469318042816244,230,7q
PC2,ratio_231,-0.01805989529989509,231,7q
PC2,ratio_232,-0.027420969422807268,232,7q
PC2,ratio_233,-0.034582410627265026,233,7q
PC2,ratio_234,-0.04121039524695282,234,7q
PC2,ratio_235,-0.03401084225435849,235,7q
PC2,ratio_236,-0.017087411080882728,236,7q
PC2,ratio_237,-0.015979639089197525,237,7q
PC2,ratio_238,-0.016467203476323203,238,7q
PC2,ratio_239,-0.029169085295761402,239,7q
PC2,ratio_240,-0.023883758879266255,240,7q
PC2,ratio_241,-0.031378623423072946,241,7q
PC2,ratio_242,-0.01975939941701364,242,7q
PC2,ratio_243,-0.018979834412495535,243,7q
PC2,ratio_244,-0.024653769757237442,244,7q
PC2,ratio_245,-0.02355215813434298,245,7q
PC2,ratio_246,0.02564187323625488,246,8p
PC2,ratio_247,0.02082532580234411,247,8p
PC2,ratio_248,0.030853088975614566,248,8p
PC2,ratio_249,0.03042614971673104,249,8p
PC2,ratio_250,-0.001245412441237905,250,8p
PC2,ratio_251,-0.03409022475714281,251,8p
PC2,ratio_252,-0.06487709686331748,252,8q
PC2,ratio_253,-0.07499037483175644,253,8q
PC2,ratio_254,-0.07088428986749576,254,8q
PC2,ratio_255,-0.06318004964035535,255,8q
PC2,ratio_256,-0.09873904547510183,256,8q
PC2,ratio_257,-0.08798387848521681,257,8q
PC2,ratio_258,-0.09547757818515387,258,8q
PC2,ratio_259,-0.07865237104195201,259,8q
PC2,ratio_260,-0.09282011101172966,260,8q
PC2,ratio_261,-0.09135855547540632,261,8q
PC2,ratio_262,-0.09180232599109746,262,8q
PC2,ratio_263,-0.08338004463659458,263,8q
PC2,ratio_264,-0.07475484918354074,264,8q
PC2,ratio_265,-0.09168912341216667,265,8q
PC2,ratio_266,-0.10554598861212741,266,8q
PC2,ratio_267,-0.11259651150443428,267,8q
PC2,ratio_268,-0.09949320776022788,268,8q
PC2,ratio_269,-0.11679072740015928,269,8q
PC2,ratio_270,-0.10564669663096651,270,8q
PC2,ratio_271,0.004686000090494758,271,9p
PC2,ratio_272,-0.032127724005850386,272,9p
PC2,ratio_273,-0.03774553755207382,273,9p
PC2,ratio_274,0.003629419658080851,274,9p
PC2,ratio_275,0.011262565517907334,275,9p
PC2,ratio_276,-0.006383152668232898,276,9p
PC2,ratio_277,0.007305099388848224,277,9q
PC2,ratio_278,7.013188526276057e-4,278,9q
PC2,ratio_279,-0.00999043091253012,279,9q
PC2,ratio_280,-0.004768085262218543,280,9q
PC2,ratio_281,-0.022405711683259086,281,9q
PC2,ratio_282,-0.017915058569364956,282,9q
PC2,ratio_283,-0.01552127897735661,283,9q
PC2,ratio_284,-0.012741485105889662,284,9q
PC2,ratio_285,-0.02207941280627448,285,9q
PC2,ratio_286,-0.026554343689491104,286,9q
PC2,ratio_287,-0.013327391183329065,287,9q
PC2,ratio_288,-0.012764465406202614,288,9q
PC2,ratio_289,-0.038611707506194984,289,9q
PC2,ratio_290,0.03309580503142175,290,10p
PC2,ratio_291,0.02566860106962587,291,10p
PC2,ratio_292,0.027075524518605683,292,10p
PC2,ratio_293,0.024990021503822363,293,10p
PC2,ratio_294,0.029837445670489435,294,10p
PC2,ratio_295,0.03196306898631064,295,10p
PC2,ratio_296,0.08485518240513035,296,10q
PC2,ratio_297,0.06323310401011,297,10q
PC2,ratio_298,0.07945274553417564,298,10q
PC2,ratio_299,0.07384419627480819,299,10q
PC2,ratio_300,0.08364866056399813,300,10q
PC2,ratio_301,0.07404193160602149,301,10q
PC2,ratio_302,0.07049566770492402,302,10q
PC2,ratio_303,0.09185091702372641,303,10q
PC2,ratio_304,0.07007937949499306,304,10q
PC2,ratio_305,0.0865641247297275,305,10q
PC2,ratio_306,0.06924035511645425,306,10q
PC2,ratio_307,0.07568283557657654,307,10q
PC2,ratio_308,0.06788746895664112,308,10q
PC2,ratio_309,0.06022988784335351,309,10q
PC2,ratio_310,0.06715150895716969,310,10q
PC2,ratio_311,0.05777223174546193,311,10q
PC2,ratio_312,0.01121362638823011,312,11p
PC2,ratio_313,0.009532493601937045,313,11p
PC2,ratio_314,-0.007230774501415379,314,11p
PC2,ratio_315,0.011817512581770714,315,11p
PC2,ratio_316,0.014103540258804278,316,11p
PC2,ratio_317,0.005466751673587603,317,11p
PC2,ratio_318,0.015643247942158357,318,11p
PC2,ratio_319,0.011466591199992928,319,11p
PC2,ratio_320,0.013585416713139337,320,11p
PC2,ratio_321,0.008070459479493112,321,11q
PC2,ratio_322,-0.0067843558565008665,322,11q
PC2,ratio_323,-0.020829351639530327,323,11q
PC2,ratio_324,-0.015714917895702982,324,11q
PC2,ratio_325,-0.027147137061527632,325,11q
PC2,ratio_326,-0.03176450416011677,326,11q
PC2,ratio_327,-0.015151686721411687,327,11q
PC2,ratio_328,0.016090099985603217,328,11q
PC2,ratio_329,-8.67065618561862e-4,329,11q
PC2,ratio_330,0.005709864198934538,330,11q
PC2,ratio_331,-0.021408891848999453,331,11q
PC2,ratio_332,-0.015318492314252231,332,11q
PC2,ratio_333,0.0014134979644564525,333,11q
PC2,ratio_334,-0.009545708562080809,334,11q
PC2,ratio_335,-0.026020050902088965,335,12p
PC2,ratio_336,-0.016062594014441437,336,12p
PC2,ratio_337,-0.03545339903597246,337,12p
PC2,ratio_338,-0.026691817831269796,338,12p
PC2,ratio_339,-0.01741408679489166,339,12p
PC2,ratio_340,-0.007808232539965825,340,12q
PC2,ratio_341,0.003729260567242356,341,12q
PC2,ratio_342,-0.00959155194945036,342,12q
PC2,ratio_343,-0.019955741879433407,343,12q
PC2,ratio_344,-0.005134314576825661,344,12q
PC2,ratio_345,-0.05907621982887219,345,12q
PC2,ratio_346,-0.04811935648605821,346,12q
PC2,ratio_347,-0.01551116231571581,347,12q
PC2,ratio_348,-0.005766310167649346,348,12q
PC2,ratio_349,-0.012884192250829747,349,12q
PC2,ratio_350,-0.013651744309240483,350,12q
PC2,ratio_351,-0.034819655734650366,351,12q
PC2,ratio_352,-0.0387123720625084,352,12q
PC2,ratio_353,-0.02933695284186819,353,12q
PC2,ratio_354,-0.02012309579554479,354,12q
PC2,ratio_355,-0.037972613807535534,355,12q
PC2,ratio_356,-0.0025854060834603655,356,12q
PC2,ratio_357,-0.023094075594541533,357,12q
PC2,ratio_358,0.04527618357735484,358,13q
PC2,ratio_359,0.03495849160178925,359,13q
PC2,ratio_360,0.05929941911088168,360,13q
PC2,ratio_361,0.05561873428860141,361,13q
PC2,ratio_362,0.06150411957573361,362,13q
PC2,ratio_363,0.0757305392201163,363,13q
PC2,ratio_364,0.05694650775361397,364,13q
PC2,ratio_365,0.06166195123336102,365,13q
PC2,ratio_366,0.05732831165736821,366,13q
PC2,ratio_367,0.06808268690114762,367,13q
PC2,ratio_368,0.04219726418413645,368,13q
PC2,ratio_369,0.0379038732330097,369,13q
PC2,ratio_370,0.049701733464180206,370,13q
PC2,ratio_371,0.049945070858978945,371,13q
PC2,ratio_372,0.028175339478180742,372,13q
PC2,ratio_373,-4.5690614988383736e-4,373,13q
PC2,ratio_374,0.01026025386690246,374,13q
PC2,ratio_375,0.008573688782809502,375,13q
PC2,ratio_376,1.9393390239700912e-4,376,13q
PC2,ratio_377,2.2323730944028876e-4,377,14q
PC2,ratio_378,-0.014943721828721328,378,14q
PC2,ratio_379,-0.03381430162652498,379,14q
PC2,ratio_380,-0.03833208060486722,380,14q
PC2,ratio_381,-0.004290411389825239,381,14q
PC2,ratio_382,-0.003073302987322245,382,14q
PC2,ratio_383,-0.0018390399519649108,383,14q
PC2,ratio_384,-0.01211877862273042,384,14q
PC2,ratio_385,-0.009909179172082908,385,14q
PC2,ratio_386,-0.005396425454530895,386,14q
PC2,ratio_387,0.010729138274275482,387,14q
PC2,ratio_388,-0.008732423583084662,388,14q
PC2,ratio_389,1.2946900923267824e-4,389,14q
PC2,ratio_390,-4.8159839813567836e-4,390,14q
PC2,ratio_391,0.011469247089942174,391,14q
PC2,ratio_392,-0.031225520501301084,392,14q
PC2,ratio_393,-0.017623675311315017,393,14q
PC2,ratio_394,0.03218228229361994,394,15q
PC2,ratio_395,0.04701791473475578,395,15q
PC2,ratio_396,0.07029711885882234,396,15q
PC2,ratio_397,0.043520074031531616,397,15q
PC2,ratio_398,0.04863098510692885,398,15q
PC2,ratio_399,0.03600765036716694,399,15q
PC2,ratio_400,0.025055657109749288,400,15q
PC2,ratio_401,0.03425060652161031,401,15q
PC2,ratio_402,0.016438375800075216,402,15q
PC2,ratio_403,0.0333606983101549,403,15q
PC2,ratio_404,0.032286932172296015,404,15q
PC2,ratio_405,0.037638658303763214,405,15q
PC2,ratio_406,0.02283348816895821,406,15q
PC2,ratio_407,-0.009088751438556041,407,16p
PC2,ratio_408,-0.007868684328871032,408,16p
PC2,ratio_409,-0.007876746492230854,409,16p
PC2,ratio_410,0.028216752192463442,410,16q
PC2,ratio_411,0.028285847108762148,411,16q
PC2,ratio_412,0.05548055638349786,412,16q
PC2,ratio_413,0.055036932777396165,413,16q
PC2,ratio_414,0.04857890682818472,414,16q
PC2,ratio_415,0.025503406071413496,415,16q
PC2,ratio_416,0.03803524268445314,416,16q
PC2,ratio_417,0.047908910896213935,417,16q
PC2,ratio_418,0.060632735911754325,418,16q
PC2,ratio_419,0.08885633245258916,419,17p
PC2,ratio_420,0.0734079934010816,420,17p
PC2,ratio_421,0.043447599788026293,421,17p
PC2,ratio_422,-0.019973287245431327,422,17q
PC2,ratio_423,-0.015885080569219907,423,17q
PC2,ratio_424,-0.004715739927259674,424,17q
PC2,ratio_425,-0.027158020267270606,425,17q
PC2,ratio_426,-0.032260012726074636,426,17q
PC2,ratio_427,-0.019321751603035394,427,17q
PC2,ratio_428,-0.038279077089856256,428,17q
PC2,ratio_429,-0.02187500592048792,429,17q
PC2,ratio_430,-0.029307343099483706,430,17q
PC2,ratio_431,-0.018456996180373955,431,17q
PC2,ratio_432,-0.04482967874366224,432,18p
PC2,ratio_433,-0.03651233092163473,433,18p
PC2,ratio_434,-0.04803740958271493,434,18q
PC2,ratio_435,-0.02937114889121121,435,18q
PC2,ratio_436,-0.05473813452916465,436,18q
PC2,ratio_437,-0.03523170612218018,437,18q
PC2,ratio_438,-0.04471594799670503,438,18q
PC2,ratio_439,-0.06038856055049248,439,18q
PC2,ratio_440,-0.041158453755077803,440,18q
PC2,ratio_441,-0.06452164234085318,441,18q
PC2,ratio_442,-0.03164047045133306,442,18q
PC2,ratio_443,-0.024134526835518946,443,18q
PC2,ratio_444,-0.0311989661452786,444,18q
PC2,ratio_445,0.011780538930292132,445,19p
PC2,ratio_446,0.004524383968383144,446,19p
PC2,ratio_447,0.016332392052738974,447,19p
PC2,ratio_448,-0.04965805808902028,448,19q
PC2,ratio_449,-0.024717246017913502,449,19q
PC2,ratio_450,-0.010171608124371373,450,19q
PC2,ratio_451,-0.017191383386235215,451,19q
PC2,ratio_452,0.004814513893119966,452,19q
PC2,ratio_453,-0.03758268022460334,453,20p
PC2,ratio_454,-0.049963214580327105,454,20p
PC2,ratio_455,-0.05832020752633606,455,20p
PC2,ratio_456,-0.037729031640950754,456,20p
PC2,ratio_457,-0.03260153231877176,457,20q
PC2,ratio_458,-0.03355402964263831,458,20q
PC2,ratio_459,-0.04129373580496329,459,20q
PC2,ratio_460,-0.030647979850245224,460,20q
PC2,ratio_461,-0.03359163258991188,461,20q
PC2,ratio_462,-0.04446495740093188,462,20q
PC2,ratio_463,0.006803832099327489,463,21q
PC2,ratio_464,0.032051223207397304,464,21q
PC2,ratio_465,0.015354802730826796,465,21q
PC2,ratio_466,0.0037630958420920547,466,21q
PC2,ratio_467,7.236314486300945e-4,467,21q
PC2,ratio_468,-0.004074744458014007,468,21q
PC2,ratio_469,0.006730539235479882,469,22q
PC2,ratio_470,0.02437359302908605,470,22q
PC2,ratio_471,0.04208173528532509,471,22q
PC2,ratio_472,0.04371067900167938,472,22q
PC2,ratio_473,0.021960363635115932,473,22q
PC3,ratio_1,-0.06313819055857577,1,1p
PC3,ratio_2,-0.08260079656905028,2,1p
PC3,ratio_3,-0.0551127446970735,3,1p
PC3,ratio_4,0.07375372372622535,4,1p
PC3,ratio_5,-0.09966130000371132,5,1p
PC3,ratio_6,-0.03591567143763544,6,1p
PC3,ratio_7,-0.02284680968439537,7,1p
PC3,ratio_8,-0.06256305550723273,8,1p
PC3,ratio_9,-0.017243432418212686,9,1p
PC3,ratio_10,-0.07198776467542081,10,1p
PC3,ratio_11,-0.020847281590236806,11,1p
PC3,ratio_12,-0.0015617337936714743,12,1p
PC3,ratio_13,0.054075605874785396,13,1p
PC3,ratio_14,0.01855082470949286,14,1p
PC3,ratio_15,0.03786828936694844,15,1p
PC3,ratio_16,0.005031335884961741,16,1p
PC3,ratio_17,-0.004973498281304394,17,1p
PC3,ratio_18,0.013825586631326658,18,1p
PC3,ratio_19,0.04753412204482642,19,1p
PC3,ratio_20,0.07806086960965632,20,1p
PC3,ratio_21,-0.027612964979343797,21,1p
PC3,ratio_22,-0.03888715098569779,22,1p
PC3,ratio_23,0.04723722277630677,23,1q
PC3,ratio_24,0.03874729010133812,24,1q
PC3,ratio_25,0.01572292445182753,25,1q
PC3,ratio_26,0.0014057290800918538,26,1q
PC3,ratio_27,0.03590788398400165,27,1q
PC3,ratio_28,-0.029878114164628322,28,1q
PC3,ratio_29,0.01909406737746517,29,1q
PC3,ratio_30,0.09989966975050768,30,1q
PC3,ratio_31,0.1140908630291196,31,1q
PC3,ratio_32,0.07955193839218193,32,1q
PC3,ratio_33,-0.028044872070305395,33,1q
PC3,ratio_34,-0.025207095709554577,34,1q
PC3,ratio_35,-0.02583231377499679,35,1q
PC3,ratio_36,0.009703145949364108,36,1q
PC3,ratio_37,-0.027273732221033416,37,1q
PC3,ratio_38,7.62480711637379e-5,38,1q
PC3,ratio_39,-0.027974800598751935,39,1q
PC3,ratio_40,0.03855674858380904,40,1q
PC3,ratio_41,0.007902037113876652,41,1q
PC3,ratio_42,-0.006764997555034561,42,2p
PC3,ratio_43,-0.009068244531968857,43,2p
PC3,ratio_44,-0.059547622766188586,44,2p
PC3,ratio_45,-0.019520637326878896,45,2p
PC3,ratio_46,-0.016026956870198672,46,2p
PC3,ratio_47,-0.0011329964804848976,47,2p
PC3,ratio_48,0.05623777378553643,48,2p
PC3,ratio_49,0.02268073376403358,49,2p
PC3,ratio_50,-0.01886502336640866,50,2p
PC3,ratio_51,0.03346684249864932,51,2p
PC3,ratio_52,0.022743509539380945,52,2p
PC3,ratio_53,0.05256174160598236,53,2p
PC3,ratio_54,-0.010502411301315706,54,2p
PC3,ratio_55,0.01181862300356527,55,2p
PC3,ratio_56,0.03352616571938461,56,2p
PC3,ratio_57,0.04297807731102294,57,2p
PC3,ratio_58,-5.466279474361283e-4,58,2q
PC3,ratio_59,-0.020357679239028075,59,2q
PC3,ratio_60,4.966326670348275e-4,60,2q
PC3,ratio_61,-0.036750197367279136,61,2q
PC3,ratio_62,-0.010623661361069646,62,2q
PC3,ratio_63,0.01927881941931118,63,2q
PC3,ratio_64,0.09107077831265131,64,2q
PC3,ratio_65,0.06674258669396294,65,2q
PC3,ratio_66,0.007760007432582873,66,2q
PC3,ratio_67,0.031007507592745204,67,2q
PC3,ratio_68,0.06006368313656883,68,2q
PC3,ratio_69,0.03172651239745575,69,2q
PC3,ratio_70,0.0181168148445565,70,2q
PC3,ratio_71,0.019947437863050695,71,2q
PC3,ratio_72,0.028440927444765108,72,2q
PC3,ratio_73,0.08489074552439521,73,2q
PC3,ratio_74,0.06570850737639097,74,2q
PC3,ratio_75,0.06476060912443381,75,2q
PC3,ratio_76,0.013018612015737703,76,2q
PC3,ratio_77,0.0028515262054647304,77,2q
PC3,ratio_78,0.02632437227854031,78,2q
PC3,ratio_79,-0.03638709656945942,79,2q
PC3,ratio_80,-0.04809387289176791,80,2q
PC3,ratio_81,-0.005968704747187456,81,2q
PC3,ratio_82,-5.641297480517828e-4,82,2q
PC3,ratio_83,-0.11906114440524822,83,2q
PC3,ratio_84,-0.03406357337737651,84,3p
PC3,ratio_85,-0.05267404778903152,85,3p
PC3,ratio_86,0.013991720814585554,86,3p
PC3,ratio_87,-0.009149073499122327,87,3p
PC3,ratio_88,-0.0033375771682453443,88,3p
PC3,ratio_89,0.011406454441910227,89,3p
PC3,ratio_90,-0.005733837336620641,90,3p
PC3,ratio_91,-0.0411487653181332,91,3p
PC3,ratio_92,0.0284302907413706,92,3p
PC3,ratio_93,-0.04977346302358255,93,3p
PC3,ratio_94,-0.05162752701308417,94,3p
PC3,ratio_95,-0.06585597660285343,95,3p
PC3,ratio_96,-0.07122273204737678,96,3p
PC3,ratio_97,-0.012678199968823129,97,3p
PC3,ratio_98,0.04481170435388161,98,3p
PC3,ratio_99,0.09946762051811613,99,3p
PC3,ratio_100,0.08349278347516235,100,3p
PC3,ratio_101,0.04441858583355942,101,3q
PC3,ratio_102,0.04938761201548588,102,3q
PC3,ratio_103,0.025418422443244184,103,3q
PC3,ratio_104,0.01586683984855266,104,3q
PC3,ratio_105,5.912655089336462e-4,105,3q
PC3,ratio_106,-0.021814546287839652,106,3q
PC3,ratio_107,-0.024051376265386157,107,3q
PC3,ratio_108,-0.031048455699560426,108,3q
PC3,ratio_109,-0.03772265467370676,109,3q
PC3,ratio_110,0.013184306914660228,110,3q
PC3,ratio_111,0.040739915230314755,111,3q
PC3,ratio_112,0.07151617512125416,112,3q
PC3,ratio_113,0.011639349964463867,113,3q
PC3,ratio_114,0.0954435441876836,114,3q
PC3,ratio_115,0.07946572826910181,115,3q
PC3,ratio_116,0.05230781927133272,116,3q
PC3,ratio_117,0.046415622509899626,117,3q
PC3,ratio_118,0.04732150504553122,118,3q
PC3,ratio_119,0.014598563109000635,119,3q
PC3,ratio_120,0.019582250785926947,120,3q
PC3,ratio_121,-0.13338183334761164,121,4p
PC3,ratio_122,-0.027140225458690236,122,4p
PC3,ratio_123,0.005371564660048222,123,4p
PC3,ratio_124,-0.03991479538354678,124,4p
PC3,ratio_125,0.02066480164920166,125,4p
PC3,ratio_126,0.09258291720493748,126,4p
PC3,ratio_127,0.04551866617974725,127,4p
PC3,ratio_128,0.001403561465501545,128,4p
PC3,ratio_129,0.007462776309965425,129,4q
PC3,ratio_130,0.10862048716906919,130,4q
PC3,ratio_131,0.05671767849758989,131,4q
PC3,ratio_132,0.013404277912355335,132,4q
PC3,ratio_133,-0.017500286331440174,133,4q
PC3,ratio_134,0.007533524102093944,134,4q
PC3,ratio_135,0.017733846676582645,135,4q
PC3,ratio_136,0.06590755984426942,136,4q
PC3,ratio_137,0.0436171952570974,137,4q
PC3,ratio_138,0.03773731840635505,138,4q
PC3,ratio_139,0.03520439582861584,139,4q
PC3,ratio_140,0.007500841577502888,140,4q
PC3,ratio_141,0.06378029013941776,141,4q
PC3,ratio_142,0.031985906946409855,142,4q
PC3,ratio_143,0.03933038889473763,143,4q
PC3,ratio_144,0.09994479687573846,144,4q
PC3,ratio_145,0.07268067283191185,145,4q
PC3,ratio_146,0.013738199634902887,146,4q
PC3,ratio_147,-0.01372274685262716,147,4q
PC3,ratio_148,-0.005372908108624537,148,4q
PC3,ratio_149,0.0021244427092537376,149,4q
PC3,ratio_150,0.057378683967560615,150,4q
PC3,ratio_151,0.015089300169289891,151,4q
PC3,ratio_152,0.015238018507578617,152,4q
PC3,ratio_153,0.03536264574734489,153,4q
PC3,ratio_154,9.675982657546771e-4,154,4q
PC3,ratio_155,-0.004871155529187797,155,4q
PC3,ratio_156,-0.03621888120270783,156,5p
PC3,ratio_157,0.0018829372293714933,157,5p
PC3,ratio_158,0.0301650990384733,158,5p
PC3,ratio_159,0.124057168096881,159,5p
PC3,ratio_160,0.13686893232353067,160,5p
PC3,ratio_161,-0.01958794094775826,161,5p
PC3,ratio_162,-0.007366790176678541,162,5p
PC3,ratio_163,0.016271439733375023,163,5p
PC3,ratio_164,-0.012205181016366246,164,5q
PC3,ratio_165,-0.01667676595120259,165,5q
PC3,ratio_166,-0.023519065889928227,166,5q
PC3,ratio_167,-0.0054444632966098635,167,5q
PC3,ratio_168,0.0233977967249392,168,5q
PC3,ratio_169,0.038801569584024885,169,5q
PC3,ratio_170,0.04665846657013558,170,5q
PC3,ratio_171,0.028433056850537118,171,5q
PC3,ratio_172,0.0679867970504717,172,5q
PC3,ratio_173,0.02210253536537537,173,5q
PC3,ratio_174,-0.047977086501357256,174,5q
PC3,ratio_175,0.005212100979379403,175,5q
PC3,ratio_176,-0.021745346841798154,176,5q
PC3,ratio_177,-0.017722469626076164,177,5q
PC3,ratio_178,-0.03855395686362394,178,5q
PC3,ratio_179,-0.055061494447414455,179,5q
PC3,ratio_180,-0.023186286589600192,180,5q
PC3,ratio_181,-0.063410062737307,181,5q
PC3,ratio_182,-0.05833179495924889,182,5q
PC3,ratio_183,-0.061492819818844455,183,5q
PC3,ratio_184,-0.019709384187389847,184,5q
PC3,ratio_185,-0.05731660916673566,185,5q
PC3,ratio_186,-0.08028092403399806,186,5q
PC3,ratio_187,-0.01725917656064062,187,5q
PC3,ratio_188,0.0033234187696741537,188,6p
PC3,ratio_189,0.016991972268297656,189,6p
PC3,ratio_190,0.011471716663030661,190,6p
PC3,ratio_191,0.01429009045942415,191,6p
PC3,ratio_192,0.022949802830398665,192,6p
PC3,ratio_193,0.028423195147536374,193,6p
PC3,ratio_194,-0.017659137800600352,194,6p
PC3,ratio_195,-0.026108986814110457,195,6p
PC3,ratio_196,0.005258284729120476,196,6p
PC3,ratio_197,-0.008596469457176289,197,6p
PC3,ratio_198,0.10756938237125759,198,6q
PC3,ratio_199,0.012849893754503065,199,6q
PC3,ratio_200,0.0374108784557413,200,6q
PC3,ratio_201,0.01858607558835505,201,6q
PC3,ratio_202,-0.002028995067181387,202,6q
PC3,ratio_203,0.03817857348909787,203,6q
PC3,ratio_204,0.028837452710036557,204,6q
PC3,ratio_205,0.0486816464265848,205,6q
PC3,ratio_206,0.034779064506854494,206,6q
PC3,ratio_207,0.038799529374233366,207,6q
PC3,ratio_208,0.02157395217165067,208,6q
PC3,ratio_209,0.029389441737167493,209,6q
PC3,ratio_210,0.013566529942879449,210,6q
PC3,ratio_211,8.821217759664014e-4,211,6q
PC3,ratio_212,0.017590628523424693,212,6q
PC3,ratio_213,0.062266073788402335,213,6q
PC3,ratio_214,0.00463533951845761,214,6q
PC3,ratio_215,-0.001003242762932586,215,6q
PC3,ratio_216,-0.003434075206547768,216,6q
PC3,ratio_217,-0.0474101780756934,217,6q
PC3,ratio_218,-0.06442420844897076,218,6q
PC3,ratio_219,0.06078087757831439,219,7p
PC3,ratio_220,0.050849517464059274,220,7p
PC3,ratio_221,0.0456362201547544,221,7p
PC3,ratio_222,-0.02254325361787307,222,7p
PC3,ratio_223,-0.03177559926598585,223,7p
PC3,ratio_224,-0.052424661984183434,224,7p
PC3,ratio_225,0.035545114902744514,225,7p
PC3,ratio_226,-0.004336958226188523,226,7p
PC3,ratio_227,-0.04093250655192711,227,7p
PC3,ratio_228,0.02139183279224595,228,7p
PC3,ratio_229,-0.04133114391377426,229,7q
PC3,ratio_230,0.05459322922541331,230,7q
PC3,ratio_231,0.08659327861679762,231,7q
PC3,ratio_232,0.05996553502450736,232,7q
PC3,ratio_233,0.04561799236760786,233,7q
PC3,ratio_234,-0.007082455530842395,234,7q
PC3,ratio_235,0.01419019058031248,235,7q
PC3,ratio_236,0.041879815446919766,236,7q
PC3,ratio_237,0.03071336521143196,237,7q
PC3,ratio_238,0.036964241694860636,238,7q
PC3,ratio_239,0.02743361317106624,239,7q
PC3,ratio_240,0.0545792792469636,240,7q
PC3,ratio_241,-0.015679432190281947,241,7q
PC3,ratio_242,0.05029313933582268,242,7q
PC3,ratio_243,0.013849896394201668,243,7q
PC3,ratio_244,0.02916200021485304,244,7q
PC3,ratio_245,-0.03589170649216352,245,7q
PC3,ratio_246,-0.05466083856795319,246,8p
PC3,ratio_247,-0.022988319436032384,247,8p
PC3,ratio_248,-0.09424706609018599,248,8p
PC3,ratio_249,-0.03876622430838474,249,8p
PC3,ratio_250,-0.03930056805794824,250,8p
PC3,ratio_251,-0.03813437557336938,251,8p
PC3,ratio_252,0.01436249211505119,252,8q
PC3,ratio_253,-0.01951938902996595,253,8q
PC3,ratio_254,0.007192336247080341,254,8q
PC3,ratio_255,0.01637643792503868,255,8q
PC3,ratio_256,-0.019048382384376398,256,8q
PC3,ratio_257,0.02777365425363704,257,8q
PC3,ratio_258,0.01454003834546527,258,8q
PC3,ratio_259,0.04094592772496125,259,8q
PC3,ratio_260,-0.0037541704869851374,260,8q
PC3,ratio_261,-0.009137776439046355,261,8q
PC3,ratio_262,0.014934835734184327,262,8q
PC3,ratio_263,0.025399809859777526,263,8q
PC3,ratio_264,0.08877841583342554,264,8q
PC3,ratio_265,0.017890391215246035,265,8q
PC3,ratio_266,-0.021968637184093216,266,8q
PC3,ratio_267,-0.01051372129978584,267,8q
PC3,ratio_268,-0.01708684180484394,268,8q
PC3,ratio_269,-0.06035453512578393,269,8q
PC3,ratio_270,-0.08822540606423218,270,8q
PC3,ratio_271,0.01776561138988845,271,9p
PC3,ratio_272,0.0672084229375412,272,9p
PC3,ratio_273,-0.03322300306094887,273,9p
PC3,ratio_274,0.02157236230274344,274,9p
PC3,ratio_275,0.04053536643134109,275,9p
PC3,ratio_276,0.03405912731239598,276,9p
PC3,ratio_277,0.006554983975295145,277,9q
PC3,ratio_278,0.0033878298579807058,278,9q
PC3,ratio_279,-0.036905463768930044,279,9q
PC3,ratio_280,-0.03565693611794288,280,9q
PC3,ratio_281,-0.03435515312837948,281,9q
PC3,ratio_282,-0.027328288469617632,282,9q
PC3,ratio_283,0.009522580493204954,283,9q
PC3,ratio_284,-0.03769402722697676,284,9q
PC3,ratio_285,-0.05881466727272005,285,9q
PC3,ratio_286,-0.0337895896998835,286,9q
PC3,ratio_287,-0.004283385559016627,287,9q
PC3,ratio_288,-0.01529506361892257,288,9q
PC3,ratio_289,-0.06461369510185766,289,9q
PC3,ratio_290,-0.014354585083681523,290,10p
PC3,ratio_291,-0.04167448768429008,291,10p
PC3,ratio_292,-0.03064645589634562,292,10p
PC3,ratio_293,-0.02562989877845476,293,10p
PC3,ratio_294,-0.006892235564451967,294,10p
PC3,ratio_295,-0.023180692475285702,295,10p
PC3,ratio_296,0.06369699622130709,296,10q
PC3,ratio_297,-0.040794357289268376,297,10q
PC3,ratio_298,0.012961717535158963,298,10q
PC3,ratio_299,-0.045106132822031,299,10q
PC3,ratio_300,-0.03092777598491299,300,10q
PC3,ratio_301,-0.05026759010190911,301,10q
PC3,ratio_302,-0.06228495189407625,302,10q
PC3,ratio_303,-0.0039805780653973805,303,10q
PC3,ratio_304,-0.0675880870355037,304,10q
PC3,ratio_305,-0.03662456560915287,305,10q
PC3,ratio_306,-0.04616462734397319,306,10q
PC3,ratio_307,-0.053681735305755825,307,10q
PC3,ratio_308,-0.08544155417921141,308,10q
PC3,ratio_309,-0.10161164313445707,309,10q
PC3,ratio_310,-0.08970488174280519,310,10q
PC3,ratio_311,-0.11702802146540191,311,10q
PC3,ratio_312,-0.032506070754153904,312,11p
PC3,ratio_313,-0.03971045476138939,313,11p
PC3,ratio_314,-0.06971466682062637,314,11p
PC3,ratio_315,0.02321451442392494,315,11p
PC3,ratio_316,0.02848066170390329,316,11p
PC3,ratio_317,-0.010229664587699472,317,11p
PC3,ratio_318,-2.9881898492027285e-4,318,11p
PC3,ratio_319,-0.0011073697770434176,319,11p
PC3,ratio_320,0.015970546760110737,320,11p
PC3,ratio_321,-7.608348314323625e-4,321,11q
PC3,ratio_322,0.005765614409518527,322,11q
PC3,ratio_323,0.022158736166172966,323,11q
PC3,ratio_324,0.0037609945969185933,324,11q
PC3,ratio_325,-0.015366613532462912,325,11q
PC3,ratio_326,0.018543134077507944,326,11q
PC3,ratio_327,-0.01810114436723148,327,11q
PC3,ratio_328,0.06376896152500908,328,11q
PC3,ratio_329,0.0055692399390133525,329,11q
PC3,ratio_330,0.018133090597510403,330,11q
PC3,ratio_331,-0.07308374035239372,331,11q
PC3,ratio_332,-0.0812125529739559,332,11q
PC3,ratio_333,-0.040436982953182425,333,11q
PC3,ratio_334,-0.05737062817712762,334,11q
PC3,ratio_335,-0.010148117946818563,335,12p
PC3,ratio_336,8.51839835316724e-4,336,12p
PC3,ratio_337,0.006906756747494148,337,12p
PC3,ratio_338,2.2540947273480745e-4,338,12p
PC3,ratio_339,0.014799310655492379,339,12p
PC3,ratio_340,0.013754966897120987,340,12q
PC3,ratio_341,0.033609797700328015,341,12q
PC3,ratio_342,-0.024866355203518306,342,12q
PC3,ratio_343,0.008757008459116174,343,12q
PC3,ratio_344,0.037730086058531814,344,12q
PC3,ratio_345,0.006894043792362545,345,12q
PC3,ratio_346,0.017170668296886373,346,12q
PC3,ratio_347,0.03207296324607027,347,12q
PC3,ratio_348,0.04409516807918848,348,12q
PC3,ratio_349,0.05979107236909281,349,12q
PC3,ratio_350,0.01622324822350605,350,12q
PC3,ratio_351,-0.028186605798128407,351,12q
PC3,ratio_352,-0.031849060577189676,352,12q
PC3,ratio_353,-0.05730628545284988,353,12q
PC3,ratio_354,-0.04921841182793388,354,12q
PC3,ratio_355,-0.08483103638052333,355,12q
PC3,ratio_356,0.034756035722187766,356,12q
PC3,ratio_357,-0.08319962170851117,357,12q
PC3,ratio_358,-0.023831080714733673,358,13q
PC3,ratio_359,-0.03416640652857485,359,13q
PC3,ratio_360,0.005163710375102711,360,13q
PC3,ratio_361,0.01911392761713233,361,13q
PC3,ratio_362,-0.008689943896060589,362,13q
PC3,ratio_363,0.0346790639485346,363,13q
PC3,ratio_364,0.036118430135789824,364,13q
PC3,ratio_365,0.1241179252585918,365,13q
PC3,ratio_366,0.0987063564434334,366,13q
PC3,ratio_367,0.13260163830529237,367,13q
PC3,ratio_368,0.06914139212692208,368,13q
PC3,ratio_369,0.03186936397440754,369,13q
PC3,ratio_370,0.10221704453887276,370,13q
PC3,ratio_371,0.13066074983294,371,13q
PC3,ratio_372,0.05629716819259441,372,13q
PC3,ratio_373,-0.03434739940504333,373,13q
PC3,ratio_374,0.0026468701612453512,374,13q
PC3,ratio_375,0.02633788555791401,375,13q
PC3,ratio_376,-0.025358797250490474,376,13q
PC3,ratio_377,0.02382589602360207,377,14q
PC3,ratio_378,0.01550102363777116,378,14q
PC3,ratio_379,-0.033631445522926524,379,14q
PC3,ratio_380,-0.009783538305015799,380,14q
PC3,ratio_381,0.07035545210092152,381,14q
PC3,ratio_382,0.03179981918075379,382,14q
PC3,ratio_383,0.011044595250762883,383,14q
PC3,ratio_384,-0.023055138124481678,384,14q
PC3,ratio_385,0.00473161587749454,385,14q
PC3,ratio_386,-0.007140398802226592,386,14q
PC3,ratio_387,-0.004024032508225995,387,14q
PC3,ratio_388,-0.03854901091948815,388,14q
PC3,ratio_389,0.03156104058929787,389,14q
PC3,ratio_390,-0.002134970274680472,390,14q
PC3,ratio_391,0.022111831620685102,391,14q
PC3,ratio_392,-0.09620544433891043,392,14q
PC3,ratio_393,-0.03588185419466429,393,14q
PC3,ratio_394,-0.05541816705184154,394,15q
PC3,ratio_395,-0.0034882246872532953,395,15q
PC3,ratio_396,0.04058445180486082,396,15q
PC3,ratio_397,-0.016136537849567683,397,15q
PC3,ratio_398,0.0023995310418743433,398,15q
PC3,ratio_399,-0.006178721296466632,399,15q
PC3,ratio_400,-0.04180529284681906,400,15q
PC3,ratio_401,-0.02480194374569549,401,15q
PC3,ratio_402,-0.06669600621346929,402,15q
PC3,ratio_403,-0.03838306452954868,403,15q
PC3,ratio_404,-0.05201467491944522,404,15q
PC3,ratio_405,0.007842293107994763,405,15q
PC3,ratio_406,-0.02529056200132081,406,15q
PC3,ratio_407,-0.08497783399367771,407,16p
PC3,ratio_408,-0.037188312146599616,408,16p
PC3,ratio_409,-0.05245078228084156,409,16p
PC3,ratio_410,-0.06466620635540525,410,16q
PC3,ratio_411,-0.07719979857459931,411,16q
PC3,ratio_412,-0.03424956225891445,412,16q
PC3,ratio_413,0.03909784680125412,413,16q
PC3,ratio_414,-0.02197947785094633,414,16q
PC3,ratio_415,-0.05304087139534507,415,16q
PC3,ratio_416,-0.06594121261182677,416,16q
PC3,ratio_417,-0.05697462597601308,417,16q
PC3,ratio_418,-0.03416421105955318,418,16q
PC3,ratio_419,0.029201236377295332,419,17p
PC3,ratio_420,-0.03654023953982998,420,17p
PC3,ratio_421,-0.0819738510045744,421,17p
PC3,ratio_422,-0.07230327926574455,422,17q
PC3,ratio_423,-0.04008250537163185,423,17q
PC3,ratio_424,0.004169243808324105,424,17q
PC3,ratio_425,-0.014856755777418447,425,17q
PC3,ratio_426,-0.014604295639306446,426,17q
PC3,ratio_427,0.047182426732766417,427,17q
PC3,ratio_428,-0.01325263789073889,428,17q
PC3,ratio_429,0.029293243929455603,429,17q
PC3,ratio_430,-0.014917356815321999,430,17q
PC3,ratio_431,0.010881427953885624,431,17q
PC3,ratio_432,-0.04683412004627247,432,18p
PC3,ratio_433,-0.049760024483695646,433,18p
PC3,ratio_434,-0.04306542402715283,434,18q
PC3,ratio_435,0.030959697473451172,435,18q
PC3,ratio_436,-0.02577522928168263,436,18q
PC3,ratio_437,-0.004798551111879347,437,18q
PC3,ratio_438,-0.04716156759673518,438,18q
PC3,ratio_439,-0.0845988230402891,439,18q
PC3,ratio_440,-0.005194382958087661,440,18q
PC3,ratio_441,-0.06805342518046098,441,18q
PC3,ratio_442,0.04017315185792282,442,18q
PC3,ratio_443,0.048883661345765536,443,18q
PC3,ratio_444,-0.024894261927059513,444,18q
PC3,ratio_445,0.042277789210163,445,19p
PC3,ratio_446,0.10260439693572777,446,19p
PC3,ratio_447,0.08301249584345184,447,19p
PC3,ratio_448,-0.07032943509042786,448,19q
PC3,ratio_449,0.0634795965404892,449,19q
PC3,ratio_450,0.022650994069515748,450,19q
PC3,ratio_451,0.02009652655148779,451,19q
PC3,ratio_452,0.057131053398431254,452,19q
PC3,ratio_453,-0.0063078650541435015,453,20p
PC3,ratio_454,-0.03326311307463646,454,20p
PC3,ratio_455,-0.042321941654441475,455,20p
PC3,ratio_456,-0.07569278685312879,456,20p
PC3,ratio_457,0.024340199417459258,457,20q
PC3,ratio_458,-0.0497211442909715,458,20q
PC3,ratio_459,-0.06373019798682886,459,20q
PC3,ratio_460,-0.008559110242817174,460,20q
PC3,ratio_461,-0.046968326449277696,461,20q
PC3,ratio_462,-0.09056098911585456,462,20q
PC3,ratio_463,0.015389609311176968,463,21q
PC3,ratio_464,0.08504422177653789,464,21q
PC3,ratio_465,0.0064163257488856085,465,21q
PC3,ratio_466,-0.021869894217377308,466,21q
PC3,ratio_467,-0.03546201657107318,467,21q
PC3,ratio_468,-0.07847948631579992,468,21q
PC3,ratio_469,-0.09250081673082391,469,22q
PC3,ratio_470,-0.046271911850635825,470,22q
PC3,ratio_471,-0.009492434001111164,471,22q
PC3,ratio_472,0.0027194879422413575,472,22q
PC3,ratio_473,-0.10271536457743408,473,22q
PC4,ratio_1,0.0034304025996914067,1,1p
PC4,ratio_2,-0.0044818531093572395,2,1p
PC4,ratio_3,0.008365885948675517,3,1p
PC4,ratio_4,-0.008059535471832358,4,1p
PC4,ratio_5,-0.06359377878022304,5,1p
PC4,ratio_6,-0.06363314806401099,6,1p
PC4,ratio_7,-0.03279793181877011,7,1p
PC4,ratio_8,-0.0381402019093193,8,1p
PC4,ratio_9,-0.038309151762799115,9,1p
PC4,ratio_10,-0.018010965905071008,10,1p
PC4,ratio_11,0.010050316793938557,11,1p
PC4,ratio_12,-0.003433423412563568,12,1p
PC4,ratio_13,-0.054536696673577835,13,1p
PC4,ratio_14,-0.036817173062168126,14,1p
PC4,ratio_15,-0.025621768092699393,15,1p
PC4,ratio_16,3.183318123132523e-4,16,1p
PC4,ratio_17,-0.02636517413584254,17,1p
PC4,ratio_18,-0.03238904228449252,18,1p
PC4,ratio_19,-0.04240110175119754,19,1p
PC4,ratio_20,-0.08349460311615077,20,1p
PC4,ratio_21,-0.047801122113847586,21,1p
PC4,ratio_22,-0.043610468871973625,22,1p
PC4,ratio_23,-0.01544750677844778,23,1q
PC4,ratio_24,0.01875026661487723,24,1q
PC4,ratio_25,0.04182481370834401,25,1q
PC4,ratio_26,0.030679428254871056,26,1q
PC4,ratio_27,0.044525327099755645,27,1q
PC4,ratio_28,-4.4161359580540706e-4,28,1q
PC4,ratio_29,0.019153888765246544,29,1q
PC4,ratio_30,0.01382471647704384,30,1q
PC4,ratio_31,0.0362966102867043,31,1q
PC4,ratio_32,0.05899065925231233,32,1q
PC4,ratio_33,0.013850617814785008,33,1q
PC4,ratio_34,0.03590246472940741,34,1q
PC4,ratio_35,0.01556948488213039,35,1q
PC4,ratio_36,-0.004519422950176489,36,1q
PC4,ratio_37,0.0366709506533031,37,1q
PC4,ratio_38,0.024921376551418562,38,1q
PC4,ratio_39,0.008106711679181297,39,1q
PC4,ratio_40,0.002660174228973575,40,1q
PC4,ratio_41,-0.0036553097536244374,41,1q
PC4,ratio_42,0.017930773801629347,42,2p
PC4,ratio_43,0.007291238351784449,43,2p
PC4,ratio_44,0.026696078287816657,44,2p
PC4,ratio_45,0.01264119407106221,45,2p
PC4,ratio_46,0.026158171140981044,46,2p
PC4,ratio_47,0.03217475648816307,47,2p
PC4,ratio_48,0.042813460948368985,48,2p
PC4,ratio_49,0.027203064992654038,49,2p
PC4,ratio_50,0.018011686407238426,50,2p
PC4,ratio_51,0.012911005353670988,51,2p
PC4,ratio_52,0.03339332354060722,52,2p
PC4,ratio_53,0.07486321840582269,53,2p
PC4,ratio_54,0.0407377297544897,54,2p
PC4,ratio_55,0.04196001696518447,55,2p
PC4,ratio_56,0.011714506116710944,56,2p
PC4,ratio_57,-0.011708007394173683,57,2p
PC4,ratio_58,0.0026868686571785124,58,2q
PC4,ratio_59,0.021472332385555203,59,2q
PC4,ratio_60,-0.03145722528014147,60,2q
PC4,ratio_61,-0.005393218374031925,61,2q
PC4,ratio_62,-0.027877150869987318,62,2q
PC4,ratio_63,-0.003201436287866677,63,2q
PC4,ratio_64,-0.003912670865965039,64,2q
PC4,ratio_65,0.0345801300807429,65,2q
PC4,ratio_66,0.011012977255666065,66,2q
PC4,ratio_67,0.0398141410867783,67,2q
PC4,ratio_68,0.025890786933780018,68,2q
PC4,ratio_69,0.03067017456794843,69,2q
PC4,ratio_70,0.04520527884240264,70,2q
PC4,ratio_71,0.016906703962395565,71,2q
PC4,ratio_72,0.027966868281402046,72,2q
PC4,ratio_73,0.01562558791730989,73,2q
PC4,ratio_74,0.041732216562146145,74,2q
PC4,ratio_75,0.01804072156476385,75,2q
PC4,ratio_76,0.025925347350410632,76,2q
PC4,ratio_77,0.01678908710987567,77,2q
PC4,ratio_78,-0.015343003778030244,78,2q
PC4,ratio_79,-0.006274946469091281,79,2q
PC4,ratio_80,-0.02927719306713115,80,2q
PC4,ratio_81,-0.006734310905545981,81,2q
PC4,ratio_82,-0.001504441746423312,82,2q
PC4,ratio_83,-0.027749978819169074,83,2q
PC4,ratio_84,0.004679306433894742,84,3p
PC4,ratio_85,0.022354179772505495,85,3p
PC4,ratio_86,0.04990362864477323,86,3p
PC4,ratio_87,0.04163722385121673,87,3p
PC4,ratio_88,0.003933066028587324,88,3p
PC4,ratio_89,0.04855905207577607,89,3p
PC4,ratio_90,0.04635033233990971,90,3p
PC4,ratio_91,0.04919379099523802,91,3p
PC4,ratio_92,0.009050039791399248,92,3p
PC4,ratio_93,0.012849299489356912,93,3p
PC4,ratio_94,0.03740174126791427,94,3p
PC4,ratio_95,0.030834447076331806,95,3p
PC4,ratio_96,0.03337953010159122,96,3p
PC4,ratio_97,0.032790472069224176,97,3p
PC4,ratio_98,-0.0019188927277618228,98,3p
PC4,ratio_99,0.05898275523918199,99,3p
PC4,ratio_100,0.0723591398765442,100,3p
PC4,ratio_101,-0.039916514195889395,101,3q
PC4,ratio_102,-0.02912839894155563,102,3q
PC4,ratio_103,-0.027660030688135457,103,3q
PC4,ratio_104,4.3935088340718516e-4,104,3q
PC4,ratio_105,-0.01601559987519526,105,3q
PC4,ratio_106,0.0077518528103802395,106,3q
PC4,ratio_107,-0.002701551317452916,107,3q
PC4,ratio_108,-0.009218721053051738,108,3q
PC4,ratio_109,0.010089639376027072,109,3q
PC4,ratio_110,0.06296481493914079,110,3q
PC4,ratio_111,0.01690557086285364,111,3q
PC4,ratio_112,0.04489480461154319,112,3q
PC4,ratio_113,0.02473590566766887,113,3q
PC4,ratio_114,0.016272828590704693,114,3q
PC4,ratio_115,0.019160335948021148,115,3q
PC4,ratio_116,0.03568041784656497,116,3q
PC4,ratio_117,0.0010662004798157184,117,3q
PC4,ratio_118,0.019352387875950082,118,3q
PC4,ratio_119,0.032671492778413753,119,3q
PC4,ratio_120,-0.0030931663826051317,120,3q
PC4,ratio_121,-0.018766985675605377,121,4p
PC4,ratio_122,0.029997392439905297,122,4p
PC4,ratio_123,0.004778430137460362,123,4p
PC4,ratio_124,-0.008894897832898319,124,4p
PC4,ratio_125,-0.008787470742328963,125,4p
PC4,ratio_126,-0.022235946927981677,126,4p
PC4,ratio_127,0.01081606042357057,127,4p
PC4,ratio_128,0.010954850845112772,128,4p
PC4,ratio_129,0.032432710679463725,129,4q
PC4,ratio_130,0.002772620654363502,130,4q
PC4,ratio_131,0.023940940608990983,131,4q
PC4,ratio_132,0.05613787820279006,132,4q
PC4,ratio_133,0.05813162864506538,133,4q
PC4,ratio_134,0.04334319973865089,134,4q
PC4,ratio_135,0.04168881594897311,135,4q
PC4,ratio_136,0.016818988090173233,136,4q
PC4,ratio_137,0.032781606493351365,137,4q
PC4,ratio_138,0.009817066327965468,138,4q
PC4,ratio_139,0.03633049781874003,139,4q
PC4,ratio_140,0.007868070971494586,140,4q
PC4,ratio_141,0.012443412150506745,141,4q
PC4,ratio_142,0.03700197466409824,142,4q
PC4,ratio_143,0.005802921639801383,143,4q
PC4,ratio_144,-0.012369964755989216,144,4q
PC4,ratio_145,-0.018490158017737703,145,4q
PC4,ratio_146,0.041170142844152526,146,4q
PC4,ratio_147,0.01662717250069324,147,4q
PC4,ratio_148,0.030869930696367502,148,4q
PC4,ratio_149,0.02835251843185739,149,4q
PC4,ratio_150,0.012685654157706325,150,4q
PC4,ratio_151,0.0018302883015044737,151,4q
PC4,ratio_152,0.0075821119561059165,152,4q
PC4,ratio_153,0.012376245716252047,153,4q
PC4,ratio_154,-0.010100473301999433,154,4q
PC4,ratio_155,0.003736222462497673,155,4q
PC4,ratio_156,-0.03839194116909952,156,5p
PC4,ratio_157,0.004603492990315,157,5p
PC4,ratio_158,-0.024517603370427188,158,5p
PC4,ratio_159,-0.024550960122073816,159,5p
PC4,ratio_160,-0.0424573640774302,160,5p
PC4,ratio_161,-0.009159970449074453,161,5p
PC4,ratio_162,-2.1880950237869858e-4,162,5p
PC4,ratio_163,-0.020273759050355448,163,5p
PC4,ratio_164,0.03949416562879343,164,5q
PC4,ratio_165,0.05366627193310535,165,5q
PC4,ratio_166,0.018792463474332485,166,5q
PC4,ratio_167,0.041924784680672365,167,5q
PC4,ratio_168,0.032816665343072454,168,5q
PC4,ratio_169,0.03484091848695107,169,5q
PC4,ratio_170,0.03441176311937458,170,5q
PC4,ratio_171,0.00782442264399459,171,5q
PC4,ratio_172,0.016891241041290122,172,5q
PC4,ratio_173,0.028614825552687538,173,5q
PC4,ratio_174,0.0015115964422287378,174,5q
PC4,ratio_175,0.0073936283153689455,175,5q
PC4,ratio_176,-0.006364509535818321,176,5q
PC4,ratio_177,0.016980217152800722,177,5q
PC4,ratio_178,0.017442832010709532,178,5q
PC4,ratio_179,0.015498057126473947,179,5q
PC4,ratio_180,-0.019785270128343052,180,5q
PC4,ratio_181,0.052380307382748494,181,5q
PC4,ratio_182,-0.017815164897149467,182,5q
PC4,ratio_183,0.004830884508900885,183,5q
PC4,ratio_184,0.01546881957037106,184,5q
PC4,ratio_185,0.0038265011515953243,185,5q
PC4,ratio_186,0.039050200765116526,186,5q
PC4,ratio_187,-0.008584575005323685,187,5q
PC4,ratio_188,0.013098970039200634,188,6p
PC4,ratio_189,0.005692335508298142,189,6p
PC4,ratio_190,-0.03372597562515198,190,6p
PC4,ratio_191,-0.02088774338622414,191,6p
PC4,ratio_192,-0.006405154241690439,192,6p
PC4,ratio_193,-0.04195540316868939,193,6p
PC4,ratio_194,-0.007928716951809108,194,6p
PC4,ratio_195,-0.020131480990393826,195,6p
PC4,ratio_196,0.0021873703020775575,196,6p
PC4,ratio_197,-0.014050852437763377,197,6p
PC4,ratio_198,-0.06461800758829932,198,6q
PC4,ratio_199,-0.018975890829875112,199,6q
PC4,ratio_200,-0.0348592508539129,200,6q
PC4,ratio_201,-0.010691715676145838,201,6q
PC4,ratio_202,-0.03442201079542211,202,6q
PC4,ratio_203,-0.04558177282737015,203,6q
PC4,ratio_204,-0.02757279983720342,204,6q
PC4,ratio_205,-0.02849345861974816,205,6q
PC4,ratio_206,-0.002176970178804794,206,6q
PC4,ratio_207,-2.8772737304994374e-4,207,6q
PC4,ratio_208,-0.011452170620866333,208,6q
PC4,ratio_209,-0.01642462993936314,209,6q
PC4,ratio_210,0.01664755972565548,210,6q
PC4,ratio_211,-9.408381239727083e-4,211,6q
PC4,ratio_212,0.0329094830790435,212,6q
PC4,ratio_213,0.022029990670952102,213,6q
PC4,ratio_214,-0.004690911371518491,214,6q
PC4,ratio_215,-0.014046971414134706,215,6q
PC4,ratio_216,-0.009314173776284611,216,6q
PC4,ratio_217,-0.03462460161954687,217,6q
PC4,ratio_218,-0.06783296569161941,218,6q
PC4,ratio_219,0.002442485528454407,219,7p
PC4,ratio_220,0.024503796070839662,220,7p
PC4,ratio_221,0.04024917595320704,221,7p
PC4,ratio_222,0.03378183661988029,222,7p
PC4,ratio_223,0.029933675735241503,223,7p
PC4,ratio_224,0.01618869964675689,224,7p
PC4,ratio_225,0.04946239381920772,225,7p
PC4,ratio_226,0.012074282509803802,226,7p
PC4,ratio_227,0.005427002210693301,227,7p
PC4,ratio_228,-0.01193496586165589,228,7p
PC4,ratio_229,-0.024086769484712518,229,7q
PC4,ratio_230,0.025856378068698095,230,7q
PC4,ratio_231,0.013112899084979254,231,7q
PC4,ratio_232,0.017884421826429672,232,7q
PC4,ratio_233,0.029967085642031103,233,7q
PC4,ratio_234,-0.012147760958128983,234,7q
PC4,ratio_235,-0.02134791628605327,235,7q
PC4,ratio_236,9.078844575584519e-4,236,7q
PC4,ratio_237,-0.017085587481208465,237,7q
PC4,ratio_238,0.002395537440863789,238,7q
PC4,ratio_239,-0.034449648545216996,239,7q
PC4,ratio_240,-0.014298177221898844,240,7q
PC4,ratio_241,-0.001227927606701521,241,7q
PC4,ratio_242,-0.006757114897019503,242,7q
PC4,ratio_243,0.001154158758452712,243,7q
PC4,ratio_244,-0.030282295173752936,244,7q
PC4,ratio_245,-0.04845807539464071,245,7q
PC4,ratio_246,-0.04872032218474961,246,8p
PC4,ratio_247,-0.008769224103367385,247,8p
PC4,ratio_248,-0.03189918361653308,248,8p
PC4,ratio_249,-0.028816056694057388,249,8p
PC4,ratio_250,-0.04012715231948907,250,8p
PC4,ratio_251,-0.03408699444962337,251,8p
PC4,ratio_252,0.04338835856043839,252,8q
PC4,ratio_253,0.04782598988516926,253,8q
PC4,ratio_254,0.07002101342241475,254,8q
PC4,ratio_255,0.08862151149703254,255,8q
PC4,ratio_256,0.07884220794682152,256,8q
PC4,ratio_257,0.10911639170925036,257,8q
PC4,ratio_258,0.10607200741878581,258,8q
PC4,ratio_259,0.06423723039687501,259,8q
PC4,ratio_260,0.060038092429441005,260,8q
PC4,ratio_261,0.07712747029480509,261,8q
PC4,ratio_262,0.090641245750773,262,8q
PC4,ratio_263,0.1213068604894729,263,8q
PC4,ratio_264,0.06878609945599645,264,8q
PC4,ratio_265,0.11034762877466611,265,8q
PC4,ratio_266,0.15257865626823985,266,8q
PC4,ratio_267,0.19790937039666825,267,8q
PC4,ratio_268,0.167331052066432,268,8q
PC4,ratio_269,0.08437978884571586,269,8q
PC4,ratio_270,0.029708847087205358,270,8q
PC4,ratio_271,-0.15105388839701192,271,9p
PC4,ratio_272,-0.24818907644744825,272,9p
PC4,ratio_273,-0.21976625592555563,273,9p
PC4,ratio_274,-0.18221544530260494,274,9p
PC4,ratio_275,-0.16039483372067231,275,9p
PC4,ratio_276,-0.10259755101379535,276,9p
PC4,ratio_277,-0.044803244317106514,277,9q
PC4,ratio_278,-0.059055374920776824,278,9q
PC4,ratio_279,-0.0406242372702515,279,9q
PC4,ratio_280,-0.03839561980167503,280,9q
PC4,ratio_281,-0.035047129865545396,281,9q
PC4,ratio_282,-0.02981060370866053,282,9q
PC4,ratio_283,-0.025658667351440085,283,9q
PC4,ratio_284,-0.008472586056742422,284,9q
PC4,ratio_285,-0.029006802691950703,285,9q
PC4,ratio_286,-0.050371593355993824,286,9q
PC4,ratio_287,-0.021331291464975713,287,9q
PC4,ratio_288,-0.06821280939375242,288,9q
PC4,ratio_289,-0.12803808374129083,289,9q
PC4,ratio_290,-0.01019465106934187,290,10p
PC4,ratio_291,-0.01894222292555472,291,10p
PC4,ratio_292,-0.009464049632686895,292,10p
PC4,ratio_293,-3.8265216893903483e-4,293,10p
PC4,ratio_294,0.013356864323251214,294,10p
PC4,ratio_295,0.030684789159359772,295,10p
PC4,ratio_296,-0.04138597012657543,296,10q
PC4,ratio_297,0.005828564577675399,297,10q
PC4,ratio_298,-0.008357686467493694,298,10q
PC4,ratio_299,0.022411227836406707,299,10q
PC4,ratio_300,0.04941314109895324,300,10q
PC4,ratio_301,0.004999076542394933,301,10q
PC4,ratio_302,-4.64125238804582e-4,302,10q
PC4,ratio_303,0.030698139992802673,303,10q
PC4,ratio_304,0.028173217729457536,304,10q
PC4,ratio_305,0.02687485779164599,305,10q
PC4,ratio_306,-0.017527250632136643,306,10q
PC4,ratio_307,0.014082904271189512,307,10q
PC4,ratio_308,0.02854641324168056,308,10q
PC4,ratio_309,-0.016143024611233795,309,10q
PC4,ratio_310,-0.002309280332614555,310,10q
PC4,ratio_311,-0.05403900130060637,311,10q
PC4,ratio_312,-0.0374734297932306,312,11p
PC4,ratio_313,-0.03117488008526396,313,11p
PC4,ratio_314,-0.05227847427016832,314,11p
PC4,ratio_315,-0.06556956479351743,315,11p
PC4,ratio_316,-0.06835620132674358,316,11p
PC4,ratio_317,-0.0213291871516233,317,11p
PC4,ratio_318,-0.06237633706506864,318,11p
PC4,ratio_319,-0.05800815283251977,319,11p
PC4,ratio_320,-0.036902274456168414,320,11p
PC4,ratio_321,-1.570269940138412e-4,321,11q
PC4,ratio_322,-0.0035732942896256636,322,11q
PC4,ratio_323,0.008449378743066449,323,11q
PC4,ratio_324,0.01403825051287249,324,11q
PC4,ratio_325,-0.009336078587437489,325,11q
PC4,ratio_326,-0.018760742030599777,326,11q
PC4,ratio_327,-0.01787545264109701,327,11q
PC4,ratio_328,0.003811400770415405,328,11q
PC4,ratio_329,0.026076053048672613,329,11q
PC4,ratio_330,-9.829817078478117e-5,330,11q
PC4,ratio_331,-0.010847061805944023,331,11q
PC4,ratio_332,-0.026886207621297883,332,11q
PC4,ratio_333,0.017097562608231816,333,11q
PC4,ratio_334,-0.001025316875904791,334,11q
PC4,ratio_335,0.053573222956619156,335,12p
PC4,ratio_336,0.06467176134653459,336,12p
PC4,ratio_337,0.045181210581375565,337,12p
PC4,ratio_338,0.07358073871865621,338,12p
PC4,ratio_339,0.08784153056938498,339,12p
PC4,ratio_340,0.0031117628595577224,340,12q
PC4,ratio_341,0.010711505954727096,341,12q
PC4,ratio_342,0.0037487353299786794,342,12q
PC4,ratio_343,0.003923509755963726,343,12q
PC4,ratio_344,0.039554012422307036,344,12q
PC4,ratio_345,0.11349060374224314,345,12q
PC4,ratio_346,0.03499692442870929,346,12q
PC4,ratio_347,0.012379053098307544,347,12q
PC4,ratio_348,-0.010484166011260863,348,12q
PC4,ratio_349,0.012320472496503913,349,12q
PC4,ratio_350,0.006458157529404293,350,12q
PC4,ratio_351,-0.028741108563983746,351,12q
PC4,ratio_352,-0.004647170267015197,352,12q
PC4,ratio_353,-0.011416566315415093,353,12q
PC4,ratio_354,-0.026105076170590564,354,12q
PC4,ratio_355,-0.03137963938896829,355,12q
PC4,ratio_356,-0.03459310531160174,356,12q
PC4,ratio_357,-0.041144548078640326,357,12q
PC4,ratio_358,-0.01237444613235682,358,13q
PC4,ratio_359,-0.013165216131336628,359,13q
PC4,ratio_360,0.008647395611095786,360,13q
PC4,ratio_361,-0.014651265648043527,361,13q
PC4,ratio_362,0.03768244701522335,362,13q
PC4,ratio_363,0.03364057238788086,363,13q
PC4,ratio_364,-0.019875643479518822,364,13q
PC4,ratio_365,-0.07402848393253765,365,13q
PC4,ratio_366,-0.0527359365809507,366,13q
PC4,ratio_367,-0.04523773743109667,367,13q
PC4,ratio_368,-0.01839702597764521,368,13q
PC4,ratio_369,-0.028476975023576087,369,13q
PC4,ratio_370,-0.047427623950725424,370,13q
PC4,ratio_371,-0.06793395558390122,371,13q
PC4,ratio_372,-0.07008490065864399,372,13q
PC4,ratio_373,-0.06868736769453891,373,13q
PC4,ratio_374,-0.07668227879945774,374,13q
PC4,ratio_375,-0.08669304416045764,375,13q
PC4,ratio_376,-0.08853521407348189,376,13q
PC4,ratio_377,0.015462006472176775,377,14q
PC4,ratio_378,-0.032950301514474,378,14q
PC4,ratio_379,-0.010775264515716964,379,14q
PC4,ratio_380,0.006539131814419552,380,14q
PC4,ratio_381,-0.022398386768243725,381,14q
PC4,ratio_382,-0.004273831742765269,382,14q
PC4,ratio_383,0.02500066671016415,383,14q
PC4,ratio_384,0.03843048124777355,384,14q
PC4,ratio_385,0.015326562305623594,385,14q
PC4,ratio_386,0.04497833287124493,386,14q
PC4,ratio_387,0.016033827550158468,387,14q
PC4,ratio_388,-0.019935165028790794,388,14q
PC4,ratio_389,-0.012778123301032597,389,14q
PC4,ratio_390,-0.005237738819812987,390,14q
PC4,ratio_391,0.014183051482777804,391,14q
PC4,ratio_392,-0.05806552704016302,392,14q
PC4,ratio_393,-0.020583215536038407,393,14q
PC4,ratio_394,-0.014073091352797633,394,15q
PC4,ratio_395,0.08237048814473104,395,15q
PC4,ratio_396,0.07449488025285647,396,15q
PC4,ratio_397,0.0367628808296756,397,15q
PC4,ratio_398,0.059546769343891214,398,15q
PC4,ratio_399,0.08079550902904642,399,15q
PC4,ratio_400,0.06227366112928668,400,15q
PC4,ratio_401,0.05341533797853304,401,15q
PC4,ratio_402,0.039407372878445084,402,15q
PC4,ratio_403,0.06458220215479518,403,15q
PC4,ratio_404,0.047212674214931465,404,15q
PC4,ratio_405,0.05820289815347771,405,15q
PC4,ratio_406,0.04875311068602053,406,15q
PC4,ratio_407,-0.014929918567798269,407,16p
PC4,ratio_408,0.034331857191921625,408,16p
PC4,ratio_409,0.02002676104960858,409,16p
PC4,ratio_410,0.02698824658394134,410,16q
PC4,ratio_411,0.031206069618105438,411,16q
PC4,ratio_412,0.063593148694671,412,16q
PC4,ratio_413,0.019893433868539027,413,16q
PC4,ratio_414,0.04784374834041316,414,16q
PC4,ratio_415,0.028746016274838363,415,16q
PC4,ratio_416,0.025984978529209557,416,16q
PC4,ratio_417,0.026181730249422178,417,16q
PC4,ratio_418,-0.01266340274598348,418,16q
PC4,ratio_419,-0.04142455596214393,419,17p
PC4,ratio_420,-0.03996316794526169,420,17p
PC4,ratio_421,-0.023328754892898002,421,17p
PC4,ratio_422,-0.004451412529166618,422,17q
PC4,ratio_423,-0.021759069525117875,423,17q
PC4,ratio_424,-0.04336921150231343,424,17q
PC4,ratio_425,0.02193721173341895,425,17q
PC4,ratio_426,0.005048828368849432,426,17q
PC4,ratio_427,0.019295701874390385,427,17q
PC4,ratio_428,0.010334566839298608,428,17q
PC4,ratio_429,0.0108134944891016,429,17q
PC4,ratio_430,-0.040419886118824876,430,17q
PC4,ratio_431,-0.0676101836927491,431,17q
PC4,ratio_432,-0.023378276583041206,432,18p
PC4,ratio_433,-0.00932634427482623,433,18p
PC4,ratio_434,-0.03426738413210464,434,18q
PC4,ratio_435,-0.06909197730364296,435,18q
PC4,ratio_436,-0.07608657923419027,436,18q
PC4,ratio_437,-0.09085230929358848,437,18q
PC4,ratio_438,-0.07860382725496819,438,18q
PC4,ratio_439,-0.07660621233866963,439,18q
PC4,ratio_440,-0.06210132788228752,440,18q
PC4,ratio_441,-0.07964544247968862,441,18q
PC4,ratio_442,-0.07001406119957655,442,18q
PC4,ratio_443,-0.07834882374043337,443,18q
PC4,ratio_444,-0.09669012312505751,444,18q
PC4,ratio_445,-0.11490907243481407,445,19p
PC4,ratio_446,-0.0970674658180646,446,19p
PC4,ratio_447,-0.07826415203952888,447,19p
PC4,ratio_448,-0.0493741566610134,448,19q
PC4,ratio_449,-0.04491015422277504,449,19q
PC4,ratio_450,-0.050289349165476394,450,19q
PC4,ratio_451,-0.06638024155142731,451,19q
PC4,ratio_452,-0.10266527827869695,452,19q
PC4,ratio_453,-0.004045879810335734,453,20p
PC4,ratio_454,-0.02046873841599553,454,20p
PC4,ratio_455,-0.0011788719292646888,455,20p
PC4,ratio_456,-0.006465607410416537,456,20p
PC4,ratio_457,-0.010348885691204027,457,20q
PC4,ratio_458,-0.01328992260543862,458,20q
PC4,ratio_459,-0.043866530215821216,459,20q
PC4,ratio_460,-0.0326216954539611,460,20q
PC4,ratio_461,-0.020805787016426477,461,20q
PC4,ratio_462,-0.05684250791422502,462,20q
PC4,ratio_463,0.04481280549474961,463,21q
PC4,ratio_464,-0.022774498588125712,464,21q
PC4,ratio_465,0.004959216114920201,465,21q
PC4,ratio_466,-0.02335219849037956,466,21q
PC4,ratio_467,-0.009863598062386411,467,21q
PC4,ratio_468,-0.019200105284836053,468,21q
PC4,ratio_469,0.06509650349845181,469,22q
PC4,ratio_470,0.05510924073871553,470,22q
PC4,ratio_471,0.03560416329562535,471,22q
PC4,ratio_472,0.0525928925885757,472,22q
PC4,ratio_473,-0.009954337416190128,473,22q
PC5,ratio_1,-0.03667549771652766,1,1p
PC5,ratio_2,-0.030059874276620123,2,1p
PC5,ratio_3,-0.02009106341004062,3,1p
PC5,ratio_4,-0.056086720999514325,4,1p
PC5,ratio_5,-0.006289271741594826,5,1p
PC5,ratio_6,-0.008306533124074464,6,1p
PC5,ratio_7,0.002115103164355022,7,1p
PC5,ratio_8,0.00990692235526014,8,1p
PC5,ratio_9,0.018760408520298866,9,1p
PC5,ratio_10,0.032816193048763875,10,1p
PC5,ratio_11,0.03752364202599462,11,1p
PC5,ratio_12,0.01909243657236359,12,1p
PC5,ratio_13,-0.010564250325441504,13,1p
PC5,ratio_14,0.0056569740620845965,14,1p
PC5,ratio_15,0.002166494066297542,15,1p
PC5,ratio_16,0.016893387187336628,16,1p
PC5,ratio_17,0.024404266438169158,17,1p
PC5,ratio_18,0.012808427056658762,18,1p
PC5,ratio_19,0.0018403346543239701,19,1p
PC5,ratio_20,-0.04053053793954142,20,1p
PC5,ratio_21,2.949920269858414e-4,21,1p
PC5,ratio_22,0.02515427268708006,22,1p
PC5,ratio_23,-0.04475106194012288,23,1q
PC5,ratio_24,-0.038673912733600414,24,1q
PC5,ratio_25,-0.005752160062604569,25,1q
PC5,ratio_26,-0.0010477981861523457,26,1q
PC5,ratio_27,-0.01027704039994929,27,1q
PC5,ratio_28,-0.023546653757272388,28,1q
PC5,ratio_29,-0.02543189650672877,29,1q
PC5,ratio_30,-0.04422868730053798,30,1q
PC5,ratio_31,-0.054006135386949344,31,1q
PC5,ratio_32,-0.029910875713804023,32,1q
PC5,ratio_33,-0.044713568892498425,33,1q
PC5,ratio_34,-0.020491514924419675,34,1q
PC5,ratio_35,-0.030561922528318613,35,1q
PC5,ratio_36,-0.03765983773541397,36,1q
PC5,ratio_37,-0.014851060612683622,37,1q
PC5,ratio_38,-0.02282770171064518,38,1q
PC5,ratio_39,-0.0145440429430436,39,1q
PC5,ratio_40,-0.028960362491299733,40,1q
PC5,ratio_41,-0.042215565164261275,41,1q
PC5,ratio_42,0.03169228140463905,42,2p
PC5,ratio_43,0.028715400512116403,43,2p
PC5,ratio_44,0.05794478241050039,44,2p
PC5,ratio_45,0.04194695521977002,45,2p
PC5,ratio_46,0.04461589956150748,46,2p
PC5,ratio_47,0.05085094780258173,47,2p
PC5,ratio_48,0.05303652286106486,48,2p
PC5,ratio_49,0.04150082431558757,49,2p
PC5,ratio_50,0.045463529787072056,50,2p
PC5,ratio_51,0.025948150156906276,51,2p
PC5,ratio_52,0.041723806456216435,52,2p
PC5,ratio_53,0.04959144949409053,53,2p
PC5,ratio_54,0.049695110219202934,54,2p
PC5,ratio_55,0.03773213858928891,55,2p
PC5,ratio_56,0.04059936806182806,56,2p
PC5,ratio_57,0.03832719049249605,57,2p
PC5,ratio_58,0.036056412907195086,58,2q
PC5,ratio_59,0.0688023150217001,59,2q
PC5,ratio_60,0.04659414389404539,60,2q
PC5,ratio_61,0.05084090851079583,61,2q
PC5,ratio_62,0.038458984927098726,62,2q
PC5,ratio_63,0.04945316530894067,63,2q
PC5,ratio_64,0.0425350543766292,64,2q
PC5,ratio_65,0.05537431755063199,65,2q
PC5,ratio_66,0.03925982340252649,66,2q
PC5,ratio_67,0.04321114461016516,67,2q
PC5,ratio_68,0.029318017410812455,68,2q
PC5,ratio_69,0.04841451840208526,69,2q
PC5,ratio_70,0.07354461302383157,70,2q
PC5,ratio_71,0.054582288891817245,71,2q
PC5,ratio_72,0.06482986910580302,72,2q
PC5,ratio_73,0.050625254870651414,73,2q
PC5,ratio_74,0.0513411807987175,74,2q
PC5,ratio_75,0.04306331730772974,75,2q
PC5,ratio_76,0.05191016447665038,76,2q
PC5,ratio_77,0.051136691732356486,77,2q
PC5,ratio_78,0.01776918270739201,78,2q
PC5,ratio_79,0.017906850883349666,79,2q
PC5,ratio_80,-0.005029608023930993,80,2q
PC5,ratio_81,0.006971330713377966,81,2q
PC5,ratio_82,0.0034022007171844223,82,2q
PC5,ratio_83,0.021745242090103038,83,2q
PC5,ratio_84,0.03364021529090521,84,3p
PC5,ratio_85,0.030731221851985933,85,3p
PC5,ratio_86,0.035474770359535494,86,3p
PC5,ratio_87,0.04538216536719763,87,3p
PC5,ratio_88,0.02384425485348551,88,3p
PC5,ratio_89,0.039065653817806724,89,3p
PC5,ratio_90,0.04392383025846699,90,3p
PC5,ratio_91,0.0459753087218254,91,3p
PC5,ratio_92,0.009435530823665177,92,3p
PC5,ratio_93,0.0366927685372004,93,3p
PC5,ratio_94,0.04891319760378894,94,3p
PC5,ratio_95,0.057799814322321195,95,3p
PC5,ratio_96,0.05967383405410153,96,3p
PC5,ratio_97,0.021570293657291194,97,3p
PC5,ratio_98,-0.00765050418345184,98,3p
PC5,ratio_99,0.04476446976061221,99,3p
PC5,ratio_100,0.038153876333470026,100,3p
PC5,ratio_101,0.06039904622641154,101,3q
PC5,ratio_102,0.07275854144830596,102,3q
PC5,ratio_103,0.07553528550203344,103,3q
PC5,ratio_104,0.09191416363391426,104,3q
PC5,ratio_105,0.0766150191774417,105,3q
PC5,ratio_106,0.10090483244746026,106,3q
PC5,ratio_107,0.08241119543497162,107,3q
PC5,ratio_108,0.09036198594340733,108,3q
PC5,ratio_109,0.07575280637459554,109,3q
PC5,ratio_110,0.09463840512566685,110,3q
PC5,ratio_111,0.1054941728000137,111,3q
PC5,ratio_112,0.12349368787401122,112,3q
PC5,ratio_113,0.16684322602278365,113,3q
PC5,ratio_114,0.14577224076182416,114,3q
PC5,ratio_115,0.1693653247678556,115,3q
PC5,ratio_116,0.19370583725195245,116,3q
PC5,ratio_117,0.17723008153761152,117,3q
PC5,ratio_118,0.18855866998704396,118,3q
PC5,ratio_119,0.19002373186705343,119,3q
PC5,ratio_120,0.15949949906873528,120,3q
PC5,ratio_121,-0.04186814251901629,121,4p
PC5,ratio_122,-0.06123823590905349,122,4p
PC5,ratio_123,-0.05993493260594771,123,4p
PC5,ratio_124,-0.048583703009889706,124,4p
PC5,ratio_125,-0.06632609462935886,125,4p
PC5,ratio_126,-0.0706366624821686,126,4p
PC5,ratio_127,-0.046091308152547306,127,4p
PC5,ratio_128,-0.022196426243402425,128,4p
PC5,ratio_129,-0.013451249060838694,129,4q
PC5,ratio_130,-0.031085793657903676,130,4q
PC5,ratio_131,-0.02881411171436802,131,4q
PC5,ratio_132,2.2978894871382454e-4,132,4q
PC5,ratio_133,-0.010012211640113577,133,4q
PC5,ratio_134,-0.012735395653623617,134,4q
PC5,ratio_135,-0.008291711454172537,135,4q
PC5,ratio_136,-0.05655639212927629,136,4q
PC5,ratio_137,-0.0442111585402675,137,4q
PC5,ratio_138,-0.05141945613507007,138,4q
PC5,ratio_139,-0.02888548199756511,139,4q
PC5,ratio_140,-0.0434178934470147,140,4q
PC5,ratio_141,-0.059778755449961675,141,4q
PC5,ratio_142,-0.04368109820248407,142,4q
PC5,ratio_143,-0.04371451123556179,143,4q
PC5,ratio_144,-0.06045021019190867,144,4q
PC5,ratio_145,-0.07089183263618534,145,4q
PC5,ratio_146,-0.03409178004212844,146,4q
PC5,ratio_147,-0.024343947990196117,147,4q
PC5,ratio_148,-0.027455982742622904,148,4q
PC5,ratio_149,-0.020893038911674506,149,4q
PC5,ratio_150,-0.03954463896613125,150,4q
PC5,ratio_151,-0.026459863317094233,151,4q
PC5,ratio_152,-0.034855742501462825,152,4q
PC5,ratio_153,-0.03132976308706341,153,4q
PC5,ratio_154,-0.040411499602175056,154,4q
PC5,ratio_155,-0.055938228889789395,155,4q
PC5,ratio_156,-0.028472701737773567,156,5p
PC5,ratio_157,-0.005086820272391527,157,5p
PC5,ratio_158,-0.026312468122570935,158,5p
PC5,ratio_159,-0.02955409837417869,159,5p
PC5,ratio_160,-0.03281135502282094,160,5p
PC5,ratio_161,0.0038433792913725303,161,5p
PC5,ratio_162,0.02109638629488382,162,5p
PC5,ratio_163,-0.0014001217416107676,163,5p
PC5,ratio_164,-0.0018056619006437936,164,5q
PC5,ratio_165,0.0015257780507679148,165,5q
PC5,ratio_166,-0.012429767421737374,166,5q
PC5,ratio_167,0.003007683704846463,167,5q
PC5,ratio_168,-0.0071400381177578335,168,5q
PC5,ratio_169,-0.018222795843886138,169,5q
PC5,ratio_170,-0.02465933936426361,170,5q
PC5,ratio_171,-0.017479640659956927,171,5q
PC5,ratio_172,-0.022913446343745807,172,5q
PC5,ratio_173,-0.00824014011744088,173,5q
PC5,ratio_174,-0.01101986011414847,174,5q
PC5,ratio_175,-0.023278941135201528,175,5q
PC5,ratio_176,0.0030781074426225402,176,5q
PC5,ratio_177,-0.004440038924443719,177,5q
PC5,ratio_178,-0.007574522055247775,178,5q
PC5,ratio_179,-0.008583274005405995,179,5q
PC5,ratio_180,-0.01675092495923237,180,5q
PC5,ratio_181,0.030239949858569076,181,5q
PC5,ratio_182,-0.0018884973260805762,182,5q
PC5,ratio_183,-0.02315231742043047,183,5q
PC5,ratio_184,-0.03903466741180859,184,5q
PC5,ratio_185,-0.04296651687540184,185,5q
PC5,ratio_186,-0.01928087556855737,186,5q
PC5,ratio_187,-0.030082076657972637,187,5q
PC5,ratio_188,-8.283096045944928e-4,188,6p
PC5,ratio_189,5.662594512715215e-4,189,6p
PC5,ratio_190,0.0024352985986298105,190,6p
PC5,ratio_191,0.027297297217941042,191,6p
PC5,ratio_192,0.03571921219846601,192,6p
PC5,ratio_193,-0.024480791475502327,193,6p
PC5,ratio_194,0.011231769987276215,194,6p
PC5,ratio_195,-0.008341212532945595,195,6p
PC5,ratio_196,0.02826753949253688,196,6p
PC5,ratio_197,0.029089105210693987,197,6p
PC5,ratio_198,-0.0026560116609166034,198,6q
PC5,ratio_199,0.028260752369008664,199,6q
PC5,ratio_200,0.019084349344023963,200,6q
PC5,ratio_201,0.03064497565502542,201,6q
PC5,ratio_202,0.023811280841532258,202,6q
PC5,ratio_203,0.014214082674090654,203,6q
PC5,ratio_204,0.02855025031650403,204,6q
PC5,ratio_205,0.027346951984642102,205,6q
PC5,ratio_206,0.034799136715307516,206,6q
PC5,ratio_207,0.037392538706473605,207,6q
PC5,ratio_208,0.04187929220276238,208,6q
PC5,ratio_209,0.04158618746698514,209,6q
PC5,ratio_210,0.05874245979698686,210,6q
PC5,ratio_211,0.04554310951179589,211,6q
PC5,ratio_212,0.06885132320143493,212,6q
PC5,ratio_213,0.0545591933921089,213,6q
PC5,ratio_214,0.037738307445244215,214,6q
PC5,ratio_215,0.06817096825016832,215,6q
PC5,ratio_216,0.055290154667834594,216,6q
PC5,ratio_217,0.04740819559503681,217,6q
PC5,ratio_218,0.01411697961075089,218,6q
PC5,ratio_219,-0.04867132123967696,219,7p
PC5,ratio_220,-0.02708530365948754,220,7p
PC5,ratio_221,-0.030884716819894988,221,7p
PC5,ratio_222,-0.023437883212230677,222,7p
PC5,ratio_223,-0.011243691530993829,223,7p
PC5,ratio_224,-0.03034502184023671,224,7p
PC5,ratio_225,-0.0280494554957429,225,7p
PC5,ratio_226,-0.03872976254586086,226,7p
PC5,ratio_227,-0.04002579410160312,227,7p
PC5,ratio_228,-0.04353222159487692,228,7p
PC5,ratio_229,-0.0356989660500708,229,7q
PC5,ratio_230,-0.03307596010110837,230,7q
PC5,ratio_231,-0.06391452742211101,231,7q
PC5,ratio_232,-0.010948978859836568,232,7q
PC5,ratio_233,-4.478368794198172e-4,233,7q
PC5,ratio_234,-0.02949510578084334,234,7q
PC5,ratio_235,-0.05677601835863949,235,7q
PC5,ratio_236,-0.0678908281856516,236,7q
PC5,ratio_237,-0.04574936681383445,237,7q
PC5,ratio_238,-0.03875389328809219,238,7q
PC5,ratio_239,-0.05244612716165449,239,7q
PC5,ratio_240,-0.053828822569026796,240,7q
PC5,ratio_241,-0.036127380624017894,241,7q
PC5,ratio_242,-0.06872461692814763,242,7q
PC5,ratio_243,-0.08097325137378555,243,7q
PC5,ratio_244,-0.11198673164870258,244,7q
PC5,ratio_245,-0.12322787865843739,245,7q
PC5,ratio_246,-0.08587766867073121,246,8p
PC5,ratio_247,-0.06339898723724377,247,8p
PC5,ratio_248,-0.06916722111073537,248,8p
PC5,ratio_249,-0.07827217654203755,249,8p
PC5,ratio_250,-0.051799166469630634,250,8p
PC5,ratio_251,-0.06526176334018782,251,8p
PC5,ratio_252,-0.0661066260437273,252,8q
PC5,ratio_253,-0.0633544741677914,253,8q
PC5,ratio_254,-0.06900617502915501,254,8q
PC5,ratio_255,-0.0667367246128792,255,8q
PC5,ratio_256,-0.064253903042477,256,8q
PC5,ratio_257,-0.07766011107468528,257,8q
PC5,ratio_258,-0.06206332384570366,258,8q
PC5,ratio_259,-0.06174309408318068,259,8q
PC5,ratio_260,-0.03810066015398308,260,8q
PC5,ratio_261,-0.02815934258578038,261,8q
PC5,ratio_262,-0.0377348538021317,262,8q
PC5,ratio_263,-0.03493875856380072,263,8q
PC5,ratio_264,-0.05957609460426978,264,8q
PC5,ratio_265,-0.06800581633863712,265,8q
PC5,ratio_266,-0.06592093697289601,266,8q
PC5,ratio_267,-0.10768496608991271,267,8q
PC5,ratio_268,-0.13817221642684316,268,8q
PC5,ratio_269,-0.10396710964574284,269,8q
PC5,ratio_270,-0.07017323226834181,270,8q
PC5,ratio_271,-0.004712422815472842,271,9p
PC5,ratio_272,0.03206652667763055,272,9p
PC5,ratio_273,0.06373181395301761,273,9p
PC5,ratio_274,-0.01089680777544612,274,9p
PC5,ratio_275,-0.05035481232276427,275,9p
PC5,ratio_276,-0.04993486957338079,276,9p
PC5,ratio_277,0.020404866960520723,277,9q
PC5,ratio_278,0.00840385993764285,278,9q
PC5,ratio_279,0.028156556166984568,279,9q
PC5,ratio_280,0.04001029030108334,280,9q
PC5,ratio_281,0.03603226207655904,281,9q
PC5,ratio_282,0.0441138238184579,282,9q
PC5,ratio_283,0.03405482614289205,283,9q
PC5,ratio_284,0.05600137490209852,284,9q
PC5,ratio_285,0.043780410251175544,285,9q
PC5,ratio_286,0.02675630842895514,286,9q
PC5,ratio_287,0.03193775461453028,287,9q
PC5,ratio_288,0.001920377008953327,288,9q
PC5,ratio_289,-0.0088973970092687555,289,9q
PC5,ratio_290,-0.029772489389377772,290,10p
PC5,ratio_291,-0.029362565372028818,291,10p
PC5,ratio_292,-0.025165885296269674,292,10p
PC5,ratio_293,-0.024095236377063803,293,10p
PC5,ratio_294,-0.015380697823877491,294,10p
PC5,ratio_295,-0.009410116866154256,295,10p
PC5,ratio_296,-0.03140083582138941,296,10q
PC5,ratio_297,0.005145107196025225,297,10q
PC5,ratio_298,-0.0028456005351769334,298,10q
PC5,ratio_299,0.001938331518924191,299,10q
PC5,ratio_300,0.03890644373348088,300,10q
PC5,ratio_301,0.005277175738426379,301,10q
PC5,ratio_302,0.0031566232611049353,302,10q
PC5,ratio_303,0.023741212890709722,303,10q
PC5,ratio_304,0.01789134023181268,304,10q
PC5,ratio_305,0.01833887727100279,305,10q
PC5,ratio_306,0.005210023299995719,306,10q
PC5,ratio_307,0.021107370614105947,307,10q
PC5,ratio_308,0.03097942971052456,308,10q
PC5,ratio_309,0.010367380892391344,309,10q
PC5,ratio_310,-0.004031006562647374,310,10q
PC5,ratio_311,0.005293219991070717,311,10q
PC5,ratio_312,0.029675946404140185,312,11p
PC5,ratio_313,0.03283269527178292,313,11p
PC5,ratio_314,0.034361316968153956,314,11p
PC5,ratio_315,0.0033440790286352324,315,11p
PC5,ratio_316,0.009132530793703875,316,11p
PC5,ratio_317,0.03965815923163905,317,11p
PC5,ratio_318,0.010875028554596562,318,11p
PC5,ratio_319,-0.005883035094065179,319,11p
PC5,ratio_320,0.0011976162677041185,320,11p
PC5,ratio_321,0.012973187397862233,321,11q
PC5,ratio_322,-0.022740082344449776,322,11q
PC5,ratio_323,-7.23267191587412e-4,323,11q
PC5,ratio_324,0.002370657334840057,324,11q
PC5,ratio_325,0.004502681058624872,325,11q
PC5,ratio_326,0.04477863184951267,326,11q
PC5,ratio_327,-0.03354856464155554,327,11q
PC5,ratio_328,-0.04839487572023558,328,11q
PC5,ratio_329,-0.03274872371473221,329,11q
PC5,ratio_330,-0.022102967558628013,330,11q
PC5,ratio_331,-0.012172421626887564,331,11q
PC5,ratio_332,-0.012679781766988071,332,11q
PC5,ratio_333,-0.002435019320125409,333,11q
PC5,ratio_334,-0.005437204090683399,334,11q
PC5,ratio_335,-0.04257049739999299,335,12p
PC5,ratio_336,-0.0262892854553811,336,12p
PC5,ratio_337,-0.02232940191549739,337,12p
PC5,ratio_338,-0.02783729019460143,338,12p
PC5,ratio_339,-0.015766003338814793,339,12p
PC5,ratio_340,-0.0031505267606022486,340,12q
PC5,ratio_341,-0.003053616015935103,341,12q
PC5,ratio_342,-0.014543001930208523,342,12q
PC5,ratio_343,-0.01314287600793199,343,12q
PC5,ratio_344,0.008211016722349617,344,12q
PC5,ratio_345,-0.0661559759566446,345,12q
PC5,ratio_346,-0.03293649547794385,346,12q
PC5,ratio_347,-0.02886374922537038,347,12q
PC5,ratio_348,-0.029736819771112057,348,12q
PC5,ratio_349,0.005273082203825542,349,12q
PC5,ratio_350,4.647626622736568e-4,350,12q
PC5,ratio_351,0.009116405828549301,351,12q
PC5,ratio_352,0.011873981448029656,352,12q
PC5,ratio_353,0.009537826392240384,353,12q
PC5,ratio_354,3.16865457358649e-4,354,12q
PC5,ratio_355,0.004944076102522414,355,12q
PC5,ratio_356,-0.031770259609870476,356,12q
PC5,ratio_357,-0.019786123540256585,357,12q
PC5,ratio_358,0.022221000505184267,358,13q
PC5,ratio_359,0.014578063527706051,359,13q
PC5,ratio_360,0.03639591079462073,360,13q
PC5,ratio_361,0.02853570013856444,361,13q
PC5,ratio_362,0.060075026217483965,362,13q
PC5,ratio_363,0.04472111094995101,363,13q
PC5,ratio_364,0.008998944453050252,364,13q
PC5,ratio_365,0.0039780002881451134,365,13q
PC5,ratio_366,0.02171236843082572,366,13q
PC5,ratio_367,0.013822484099720575,367,13q
PC5,ratio_368,0.04901489994978862,368,13q
PC5,ratio_369,0.043561994941926696,369,13q
PC5,ratio_370,0.02416119527176866,370,13q
PC5,ratio_371,0.013134156389462791,371,13q
PC5,ratio_372,0.039170579368828555,372,13q
PC5,ratio_373,0.0342860799716378,373,13q
PC5,ratio_374,0.028838819371432695,374,13q
PC5,ratio_375,0.018349696974021976,375,13q
PC5,ratio_376,0.03888880746468123,376,13q
PC5,ratio_377,0.009973473275365746,377,14q
PC5,ratio_378,-0.016913990603768095,378,14q
PC5,ratio_379,-0.0243772335538909,379,14q
PC5,ratio_380,-0.03812427584575042,380,14q
PC5,ratio_381,-0.036350440292848944,381,14q
PC5,ratio_382,-0.018062847610201223,382,14q
PC5,ratio_383,-0.015643117597354903,383,14q
PC5,ratio_384,0.0020963667882334413,384,14q
PC5,ratio_385,-0.008190286052097161,385,14q
PC5,ratio_386,0.004001028988805857,386,14q
PC5,ratio_387,-0.006354799712240749,387,14q
PC5,ratio_388,-0.020687976474210435,388,14q
PC5,ratio_389,-0.01608371788376874,389,14q
PC5,ratio_390,-0.014519075393626353,390,14q
PC5,ratio_391,-0.011330184336202066,391,14q
PC5,ratio_392,0.0012368235314692538,392,14q
PC5,ratio_393,0.01607970540164283,393,14q
PC5,ratio_394,-0.03815393855462231,394,15q
PC5,ratio_395,0.0010966263624063793,395,15q
PC5,ratio_396,-0.01922920158990796,396,15q
PC5,ratio_397,0.009353641006821947,397,15q
PC5,ratio_398,-7.439538407999141e-4,398,15q
PC5,ratio_399,0.018583181024845956,399,15q
PC5,ratio_400,0.0161867992201045,400,15q
PC5,ratio_401,-0.0031321288308573743,401,15q
PC5,ratio_402,0.0014741790743899859,402,15q
PC5,ratio_403,-0.01211708872712967,403,15q
PC5,ratio_404,-0.029121885263915286,404,15q
PC5,ratio_405,-0.04129453787007427,405,15q
PC5,ratio_406,-0.022768119554303967,406,15q
PC5,ratio_407,-0.019870967213555354,407,16p
PC5,ratio_408,0.009898196716039845,408,16p
PC5,ratio_409,-0.017874959036740308,409,16p
PC5,ratio_410,0.023663527951042006,410,16q
PC5,ratio_411,0.03687775336068104,411,16q
PC5,ratio_412,0.03471596900031056,412,16q
PC5,ratio_413,0.0197021101136786,413,16q
PC5,ratio_414,0.023678191834119858,414,16q
PC5,ratio_415,0.026184993926872305,415,16q
PC5,ratio_416,0.02550710554197794,416,16q
PC5,ratio_417,0.02540522452350668,417,16q
PC5,ratio_418,-0.014301283236915725,418,16q
PC5,ratio_419,0.010568790909061595,419,17p
PC5,ratio_420,0.01428434571911695,420,17p
PC5,ratio_421,0.04059151846637822,421,17p
PC5,ratio_422,0.02735645806544983,422,17q
PC5,ratio_423,0.012284307662343508,423,17q
PC5,ratio_424,-0.0044118088214778976,424,17q
PC5,ratio_425,0.01532374980361548,425,17q
PC5,ratio_426,0.004325350011475284,426,17q
PC5,ratio_427,0.005927739302831609,427,17q
PC5,ratio_428,-0.0019150229467062058,428,17q
PC5,ratio_429,0.020545729522814856,429,17q
PC5,ratio_430,0.03157705058309481,430,17q
PC5,ratio_431,-0.0344192409686641,431,17q
PC5,ratio_432,-0.05690519743900534,432,18p
PC5,ratio_433,-0.04773971609085075,433,18p
PC5,ratio_434,-0.009910873458901046,434,18q
PC5,ratio_435,-0.0430582019343319,435,18q
PC5,ratio_436,-0.04337197298435197,436,18q
PC5,ratio_437,-0.05632640418468196,437,18q
PC5,ratio_438,-0.032367798868589884,438,18q
PC5,ratio_439,-0.03844383713068545,439,18q
PC5,ratio_440,-0.03950343131250069,440,18q
PC5,ratio_441,-0.0524278564292359,441,18q
PC5,ratio_442,-0.06958119360513446,442,18q
PC5,ratio_443,-0.09861833542154275,443,18q
PC5,ratio_444,-0.09763203461947285,444,18q
PC5,ratio_445,-0.021725246241376606,445,19p
PC5,ratio_446,-0.024156154191848293,446,19p
PC5,ratio_447,-0.006179049400872207,447,19p
PC5,ratio_448,-0.04847875892865988,448,19q
PC5,ratio_449,-0.06070109438793349,449,19q
PC5,ratio_450,-0.057997393571297434,450,19q
PC5,ratio_451,-0.0823920041009775,451,19q
PC5,ratio_452,-0.08962374144796191,452,19q
PC5,ratio_453,-9.180814069274224e-4,453,20p
PC5,ratio_454,-3.40819950315301e-4,454,20p
PC5,ratio_455,-0.005547750843108988,455,20p
PC5,ratio_456,0.002968601299553842,456,20p
PC5,ratio_457,0.043573450355622344,457,20q
PC5,ratio_458,0.03521482416517954,458,20q
PC5,ratio_459,0.05032396921800167,459,20q
PC5,ratio_460,0.02932818599588023,460,20q
PC5,ratio_461,0.00824806980706845,461,20q
PC5,ratio_462,-0.05611099506833246,462,20q
PC5,ratio_463,-0.04142620076135817,463,21q
PC5,ratio_464,-0.05789819845482701,464,21q
PC5,ratio_465,-0.030693725116339818,465,21q
PC5,ratio_466,-0.032746771903899755,466,21q
PC5,ratio_467,-0.029707839500138583,467,21q
PC5,ratio_468,-0.03471906155100197,468,21q
PC5,ratio_469,0.05981142063927669,469,22q
PC5,ratio_470,0.05083250652057613,470,22q
PC5,ratio_471,0.007436011799391178,471,22q
PC5,ratio_472,0.019861547433693012,472,22q
PC5,ratio_473,0.02311773722732148,473,22q
PC6,ratio_1,-0.0021397300940001196,1,1p
PC6,ratio_2,0.020756077163300093,2,1p
PC6,ratio_3,0.028302489039516602,3,1p
PC6,ratio_4,0.005574373028312596,4,1p
PC6,ratio_5,-0.007058259436032166,5,1p
PC6,ratio_6,0.004673582615739608,6,1p
PC6,ratio_7,0.0580307868713582,7,1p
PC6,ratio_8,0.05164759758125237,8,1p
PC6,ratio_9,0.044031992268842246,9,1p
PC6,ratio_10,0.05222756900844078,10,1p
PC6,ratio_11,0.09946103651720357,11,1p
PC6,ratio_12,0.06054101056189176,12,1p
PC6,ratio_13,-0.011025365732841075,13,1p
PC6,ratio_14,0.02556998275746082,14,1p
PC6,ratio_15,0.016144815714269165,15,1p
PC6,ratio_16,0.07534927519347645,16,1p
PC6,ratio_17,0.08166393782565587,17,1p
PC6,ratio_18,0.03945185103079721,18,1p
PC6,ratio_19,0.035251570105820744,19,1p
PC6,ratio_20,-0.03215378122684088,20,1p
PC6,ratio_21,0.03241291453756055,21,1p
PC6,ratio_22,0.03573374164945679,22,1p
PC6,ratio_23,0.045366662863932636,23,1q
PC6,ratio_24,0.05212362833603216,24,1q
PC6,ratio_25,0.08697244679666277,25,1q
PC6,ratio_26,0.09000745827058587,26,1q
PC6,ratio_27,0.10584257147427327,27,1q
PC6,ratio_28,0.05274602823510494,28,1q
PC6,ratio_29,0.07872641064537565,29,1q
PC6,ratio_30,0.03315035793589852,30,1q
PC6,ratio_31,0.06023066212098285,31,1q
PC6,ratio_32,0.09636322241112175,32,1q
PC6,ratio_33,0.07123332164605578,33,1q
PC6,ratio_34,0.06734661208894932,34,1q
PC6,ratio_35,0.07141726144720117,35,1q
PC6,ratio_36,0.03189548903769664,36,1q
PC6,ratio_37,0.09788357468606858,37,1q
PC6,ratio_38,0.0645355105203085,38,1q
PC6,ratio_39,0.054282868282560806,39,1q
PC6,ratio_40,0.041287188282519406,40,1q
PC6,ratio_41,0.02604477817046756,41,1q
PC6,ratio_42,-0.07204802634462924,42,2p
PC6,ratio_43,-0.05338459623516915,43,2p
PC6,ratio_44,-0.01832839370098259,44,2p
PC6,ratio_45,-0.03699781925853494,45,2p
PC6,ratio_46,-0.013723427137923386,46,2p
PC6,ratio_47,-0.017607814442531632,47,2p
PC6,ratio_48,-0.008869676631928313,48,2p
PC6,ratio_49,-0.015436360090765168,49,2p
PC6,ratio_50,0.002581521417759617,50,2p
PC6,ratio_51,-0.024896324456659725,51,2p
PC6,ratio_52,-9.875261888690238e-4,52,2p
PC6,ratio_53,0.04292940428161289,53,2p
PC6,ratio_54,0.02614023230623411,54,2p
PC6,ratio_55,0.007036304951704496,55,2p
PC6,ratio_56,-0.06472820535190803,56,2p
PC6,ratio_57,-0.07931832761097143,57,2p
PC6,ratio_58,-0.02409494530605622,58,2q
PC6,ratio_59,-0.013727427322029093,59,2q
PC6,ratio_60,-0.08076016663506418,60,2q
PC6,ratio_61,-0.03952110890655415,61,2q
PC6,ratio_62,-0.05774566307650389,62,2q
PC6,ratio_63,-0.0060467477421945,63,2q
PC6,ratio_64,-0.011317433002859582,64,2q
PC6,ratio_65,0.036949031795656596,65,2q
PC6,ratio_66,5.5064102616895694e-5,66,2q
PC6,ratio_67,0.021585679601669128,67,2q
PC6,ratio_68,0.030470425111579866,68,2q
PC6,ratio_69,0.053965719922148624,69,2q
PC6,ratio_70,0.05548235458899581,70,2q
PC6,ratio_71,0.025384495591133416,71,2q
PC6,ratio_72,0.01358769942842536,72,2q
PC6,ratio_73,-0.009750777131950484,73,2q
PC6,ratio_74,0.01699122427220473,74,2q
PC6,ratio_75,-0.020666935999767908,75,2q
PC6,ratio_76,0.05288918296998821,76,2q
PC6,ratio_77,0.052582127593802555,77,2q
PC6,ratio_78,-7.177068847554521e-5,78,2q
PC6,ratio_79,0.014295690730659718,79,2q
PC6,ratio_80,-0.0448293131489207,80,2q
PC6,ratio_81,-0.004861538689860579,81,2q
PC6,ratio_82,0.008930600333766761,82,2q
PC6,ratio_83,-0.009687181579313368,83,2q
PC6,ratio_84,-0.025467436796263176,84,3p
PC6,ratio_85,-0.020622626001896027,85,3p
PC6,ratio_86,0.022968119050688768,86,3p
PC6,ratio_87,0.008308798471535081,87,3p
PC6,ratio_88,-0.04514581451015102,88,3p
PC6,ratio_89,0.016361590039870456,89,3p
PC6,ratio_90,-0.001333424149896643,90,3p
PC6,ratio_91,0.005778206989530897,91,3p
PC6,ratio_92,-0.029417239824513833,92,3p
PC6,ratio_93,-0.05435173351146058,93,3p
PC6,ratio_94,-0.016065393264988334,94,3p
PC6,ratio_95,0.0024718339456345833,95,3p
PC6,ratio_96,-0.0022402376839696886,96,3p
PC6,ratio_97,-0.027841844329786862,97,3p
PC6,ratio_98,-0.1087299260413407,98,3p
PC6,ratio_99,-0.08454408735713896,99,3p
PC6,ratio_100,-0.08269500922091481,100,3p
PC6,ratio_101,-0.038297044220307865,101,3q
PC6,ratio_102,-0.02570611309008635,102,3q
PC6,ratio_103,-0.002799085034228265,103,3q
PC6,ratio_104,9.71003448606062e-4,104,3q
PC6,ratio_105,-0.09064627391014464,105,3q
PC6,ratio_106,0.010513899273978729,106,3q
PC6,ratio_107,-0.001328199809109206,107,3q
PC6,ratio_108,-0.01723933737058487,108,3q
PC6,ratio_109,-0.03522899946278219,109,3q
PC6,ratio_110,-0.04536000263078583,110,3q
PC6,ratio_111,-0.034370210655424366,111,3q
PC6,ratio_112,-0.007176348275658365,112,3q
PC6,ratio_113,-0.01887972399927123,113,3q
PC6,ratio_114,-0.07521065949226605,114,3q
PC6,ratio_115,-0.03697319369521386,115,3q
PC6,ratio_116,-0.008264177922295361,116,3q
PC6,ratio_117,-0.03123329803070964,117,3q
PC6,ratio_118,-0.07400486305917814,118,3q
PC6,ratio_119,-0.011202135477805292,119,3q
PC6,ratio_120,-0.03298528566093144,120,3q
PC6,ratio_121,-0.057181851422162124,121,4p
PC6,ratio_122,-0.025773651940005655,122,4p
PC6,ratio_123,-0.055080885921202416,123,4p
PC6,ratio_124,-0.04188017796706691,124,4p
PC6,ratio_125,-0.057575549422869896,125,4p
PC6,ratio_126,-0.09691930051707158,126,4p
PC6,ratio_127,-0.003925555740642904,127,4p
PC6,ratio_128,0.016299973685393484,128,4p
PC6,ratio_129,-0.028361732292406086,129,4q
PC6,ratio_130,-0.06432345078934988,130,4q
PC6,ratio_131,-0.012080300988580905,131,4q
PC6,ratio_132,0.06654042968589562,132,4q
PC6,ratio_133,0.06735219474758093,133,4q
PC6,ratio_134,0.03459760957363295,134,4q
PC6,ratio_135,0.0343966984485553,135,4q
PC6,ratio_136,-0.03101718591767332,136,4q
PC6,ratio_137,0.03771993735236445,137,4q
PC6,ratio_138,0.04913518081737111,138,4q
PC6,ratio_139,0.037298588262876346,139,4q
PC6,ratio_140,0.04688069817674305,140,4q
PC6,ratio_141,0.0071289158450945234,141,4q
PC6,ratio_142,0.053855614821574915,142,4q
PC6,ratio_143,0.030555552683679352,143,4q
PC6,ratio_144,-0.042287455990352975,144,4q
PC6,ratio_145,-0.024200058754502318,145,4q
PC6,ratio_146,0.0530157519033147,146,4q
PC6,ratio_147,0.030277085784819843,147,4q
PC6,ratio_148,0.02923683654516853,148,4q
PC6,ratio_149,0.029074556334530578,149,4q
PC6,ratio_150,-0.012036821378062999,150,4q
PC6,ratio_151,-0.0037711905707168516,151,4q
PC6,ratio_152,-0.01996446397976036,152,4q
PC6,ratio_153,-0.020348911096820715,153,4q
PC6,ratio_154,-0.04967049140353889,154,4q
PC6,ratio_155,-0.026482233823907644,155,4q
PC6,ratio_156,-0.06712956133949131,156,5p
PC6,ratio_157,-0.007812053454605397,157,5p
PC6,ratio_158,-0.06840237865696784,158,5p
PC6,ratio_159,-0.08314982655536762,159,5p
PC6,ratio_160,-0.09944154088092712,160,5p
PC6,ratio_161,-0.00408213789035844,161,5p
PC6,ratio_162,0.027177924247437223,162,5p
PC6,ratio_163,0.007036074976067032,163,5p
PC6,ratio_164,0.028734248792210083,164,5q
PC6,ratio_165,0.0568017638859447,165,5q
PC6,ratio_166,0.025955012708852712,166,5q
PC6,ratio_167,0.052719466130149,167,5q
PC6,ratio_168,0.019369138876775646,168,5q
PC6,ratio_169,0.01211481182630692,169,5q
PC6,ratio_170,0.0207834303394037,170,5q
PC6,ratio_171,8.817763197321941e-4,171,5q
PC6,ratio_172,2.9159374198042994e-4,172,5q
PC6,ratio_173,0.03079297483302791,173,5q
PC6,ratio_174,0.006053317457036677,174,5q
PC6,ratio_175,0.0011681961665185293,175,5q
PC6,ratio_176,0.01450913170327286,176,5q
PC6,ratio_177,0.01773972587888609,177,5q
PC6,ratio_178,0.028133746071733978,178,5q
PC6,ratio_179,0.017462140097382856,179,5q
PC6,ratio_180,-0.0363376536482205,180,5q
PC6,ratio_181,0.045500366055528485,181,5q
PC6,ratio_182,-0.02291854781747894,182,5q
PC6,ratio_183,-0.02193760162399186,183,5q
PC6,ratio_184,-0.07351111156501289,184,5q
PC6,ratio_185,-0.0813818194557932,185,5q
PC6,ratio_186,-0.011958377239391778,186,5q
PC6,ratio_187,-0.06379231331533398,187,5q
PC6,ratio_188,0.04433787376664035,188,6p
PC6,ratio_189,0.01902828934994549,189,6p
PC6,ratio_190,0.026616269185045092,190,6p
PC6,ratio_191,0.027384478384886623,191,6p
PC6,ratio_192,0.03799121018314294,192,6p
PC6,ratio_193,-3.510762933516949e-4,193,6p
PC6,ratio_194,0.04517364505421062,194,6p
PC6,ratio_195,0.02077179604795626,195,6p
PC6,ratio_196,0.034639151802798675,196,6p
PC6,ratio_197,0.030014997175585506,197,6p
PC6,ratio_198,-0.06868581085498005,198,6q
PC6,ratio_199,0.009410836437818095,199,6q
PC6,ratio_200,-0.017728308310538905,200,6q
PC6,ratio_201,0.0394680538619065,201,6q
PC6,ratio_202,0.001487696599707953,202,6q
PC6,ratio_203,-0.02568782938687961,203,6q
PC6,ratio_204,-0.018357195719180115,204,6q
PC6,ratio_205,-0.009674028730410676,205,6q
PC6,ratio_206,0.06012229574326744,206,6q
PC6,ratio_207,0.02458251652602237,207,6q
PC6,ratio_208,0.015674147479766542,208,6q
PC6,ratio_209,-0.0021869993795142002,209,6q
PC6,ratio_210,0.04441375855331747,210,6q
PC6,ratio_211,0.03943186093735253,211,6q
PC6,ratio_212,0.019655887916333426,212,6q
PC6,ratio_213,0.04341879897504456,213,6q
PC6,ratio_214,0.012002539378731433,214,6q
PC6,ratio_215,0.004867243332997776,215,6q
PC6,ratio_216,0.011937917031459036,216,6q
PC6,ratio_217,1.6043896764405004e-4,217,6q
PC6,ratio_218,-0.054889096969761526,218,6q
PC6,ratio_219,-0.013125997265532065,219,7p
PC6,ratio_220,0.05060193047380864,220,7p
PC6,ratio_221,0.042849925348568865,221,7p
PC6,ratio_222,0.06024425088291213,222,7p
PC6,ratio_223,0.05537893669796268,223,7p
PC6,ratio_224,0.011254308014220114,224,7p
PC6,ratio_225,0.04568456722721984,225,7p
PC6,ratio_226,0.017857931466051736,226,7p
PC6,ratio_227,-0.01281363068988326,227,7p
PC6,ratio_228,-0.06120464552433198,228,7p
PC6,ratio_229,0.009475209309279567,229,7q
PC6,ratio_230,0.07749697640462411,230,7q
PC6,ratio_231,0.03498129955570895,231,7q
PC6,ratio_232,0.04964966583589392,232,7q
PC6,ratio_233,0.09192040493361008,233,7q
PC6,ratio_234,0.07397690852928224,234,7q
PC6,ratio_235,0.05478404177190373,235,7q
PC6,ratio_236,0.0942707914540846,236,7q
PC6,ratio_237,0.10618905886022881,237,7q
PC6,ratio_238,0.10760547396187882,238,7q
PC6,ratio_239,0.09610353637670964,239,7q
PC6,ratio_240,0.08370622445529469,240,7q
PC6,ratio_241,0.10366381903009063,241,7q
PC6,ratio_242,0.0774324952870623,242,7q
PC6,ratio_243,0.08511068981815885,243,7q
PC6,ratio_244,0.04611547447803933,244,7q
PC6,ratio_245,0.03030751011484232,245,7q
PC6,ratio_246,-0.006117352348225012,246,8p
PC6,ratio_247,0.01145671725711637,247,8p
PC6,ratio_248,2.0051494685724902e-4,248,8p
PC6,ratio_249,0.026856071137496357,249,8p
PC6,ratio_250,-0.03242449943499756,250,8p
PC6,ratio_251,-0.07859189688450753,251,8p
PC6,ratio_252,-0.04656744630093745,252,8q
PC6,ratio_253,-0.04420583468167783,253,8q
PC6,ratio_254,-0.023836726773188394,254,8q
PC6,ratio_255,-0.027052051128878582,255,8q
PC6,ratio_256,-0.021524293809309727,256,8q
PC6,ratio_257,-0.05678411437937775,257,8q
PC6,ratio_258,-0.01720032562003703,258,8q
PC6,ratio_259,-0.04209949752238499,259,8q
PC6,ratio_260,-0.027470003403416283,260,8q
PC6,ratio_261,0.004576588891989333,261,8q
PC6,ratio_262,0.026960132838017337,262,8q
PC6,ratio_263,-0.015130262825826534,263,8q
PC6,ratio_264,-0.07888786453611678,264,8q
PC6,ratio_265,-0.062274052189968544,265,8q
PC6,ratio_266,-0.015530287384113283,266,8q
PC6,ratio_267,-0.033563506578067455,267,8q
PC6,ratio_268,-0.10023992255433772,268,8q
PC6,ratio_269,-0.12266121963403143,269,8q
PC6,ratio_270,-0.08974839486349873,270,8q
PC6,ratio_271,0.11779254709552867,271,9p
PC6,ratio_272,0.11801407599406927,272,9p
PC6,ratio_273,0.16522699910516936,273,9p
PC6,ratio_274,0.0942546908498869,274,9p
PC6,ratio_275,0.041354262795850284,275,9p
PC6,ratio_276,0.04568391138170227,276,9p
PC6,ratio_277,7.844985216209116e-4,277,9q
PC6,ratio_278,-0.006294848346772785,278,9q
PC6,ratio_279,-0.0024477388722079045,279,9q
PC6,ratio_280,0.0038646625863747834,280,9q
PC6,ratio_281,0.029677470254625447,281,9q
PC6,ratio_282,0.03156255079597258,282,9q
PC6,ratio_283,0.01192253442002533,283,9q
PC6,ratio_284,0.04231278178722533,284,9q
PC6,ratio_285,-0.002331311300376069,285,9q
PC6,ratio_286,-0.008307179096159165,286,9q
PC6,ratio_287,0.03443142413855528,287,9q
PC6,ratio_288,-0.018904302513467607,288,9q
PC6,ratio_289,-0.07944435108414262,289,9q
PC6,ratio_290,0.020940667062079383,290,10p
PC6,ratio_291,0.03480378199168698,291,10p
PC6,ratio_292,0.013231208298814627,292,10p
PC6,ratio_293,0.04588828190265367,293,10p
PC6,ratio_294,0.06194410068695829,294,10p
PC6,ratio_295,0.09875054627026211,295,10p
PC6,ratio_296,-0.03405986774807199,296,10q
PC6,ratio_297,0.05036116806526857,297,10q
PC6,ratio_298,0.008980273892938925,298,10q
PC6,ratio_299,0.03471070270233298,299,10q
PC6,ratio_300,0.08160874546827993,300,10q
PC6,ratio_301,-0.0034525803754088856,301,10q
PC6,ratio_302,-0.00399835491521131,302,10q
PC6,ratio_303,0.04975740504173698,303,10q
PC6,ratio_304,0.04885298961298505,304,10q
PC6,ratio_305,0.03643797632612657,305,10q
PC6,ratio_306,-0.03947089604276983,306,10q
PC6,ratio_307,0.005917451360446031,307,10q
PC6,ratio_308,0.031704772823875384,308,10q
PC6,ratio_309,-0.0033747894414532494,309,10q
PC6,ratio_310,-0.039644124810435236,310,10q
PC6,ratio_311,-0.0670777580222772,311,10q
PC6,ratio_312,0.052335092348476164,312,11p
PC6,ratio_313,0.05777476647133828,313,11p
PC6,ratio_314,0.05716728071892012,314,11p
PC6,ratio_315,-0.0012882459085507426,315,11p
PC6,ratio_316,-0.007186690651735834,316,11p
PC6,ratio_317,0.08760449715791771,317,11p
PC6,ratio_318,-0.003282004775426697,318,11p
PC6,ratio_319,-0.026353582764114977,319,11p
PC6,ratio_320,-0.002561241795131421,320,11p
PC6,ratio_321,-0.06654775613543637,321,11q
PC6,ratio_322,-0.05608534104784534,322,11q
PC6,ratio_323,-0.05215192127578917,323,11q
PC6,ratio_324,-0.007314109714667673,324,11q
PC6,ratio_325,0.002434696799739408,325,11q
PC6,ratio_326,-0.03152184866093581,326,11q
PC6,ratio_327,0.0030680119359481426,327,11q
PC6,ratio_328,-0.05623009501020874,328,11q
PC6,ratio_329,-0.0019977540918471198,329,11q
PC6,ratio_330,-0.01287201596169398,330,11q
PC6,ratio_331,0.01974506653262333,331,11q
PC6,ratio_332,-0.01260969697164592,332,11q
PC6,ratio_333,0.03483421070275046,333,11q
PC6,ratio_334,0.01260167524380925,334,11q
PC6,ratio_335,-0.044757451868949784,335,12p
PC6,ratio_336,0.00968962045210701,336,12p
PC6,ratio_337,-0.0064293581195238704,337,12p
PC6,ratio_338,-0.0017130572966919467,338,12p
PC6,ratio_339,-0.007026799799537083,339,12p
PC6,ratio_340,-0.01929325645817845,340,12q
PC6,ratio_341,0.002487923747067187,341,12q
PC6,ratio_342,-0.021312434760461168,342,12q
PC6,ratio_343,-0.020191844321876318,343,12q
PC6,ratio_344,0.008690683725118973,344,12q
PC6,ratio_345,-0.006141828042703274,345,12q
PC6,ratio_346,-0.02660546359303279,346,12q
PC6,ratio_347,9.644140268209203e-4,347,12q
PC6,ratio_348,-0.013153046779443962,348,12q
PC6,ratio_349,-0.008248605458813786,349,12q
PC6,ratio_350,-0.016260565700599302,350,12q
PC6,ratio_351,-0.01900722314173679,351,12q
PC6,ratio_352,0.0056898768885347735,352,12q
PC6,ratio_353,-0.016679446402469787,353,12q
PC6,ratio_354,-0.028948333837085623,354,12q
PC6,ratio_355,-0.055711801191954353,355,12q
PC6,ratio_356,-0.04474040089142664,356,12q
PC6,ratio_357,-0.08471222523232175,357,12q
PC6,ratio_358,-0.008817468255640126,358,13q
PC6,ratio_359,-0.026138857016974576,359,13q
PC6,ratio_360,-0.0021747064275741217,360,13q
PC6,ratio_361,-0.037849193801463885,361,13q
PC6,ratio_362,0.05051987749823648,362,13q
PC6,ratio_363,0.023067135799538133,363,13q
PC6,ratio_364,-0.040663067417153205,364,13q
PC6,ratio_365,-0.06973312120591718,365,13q
PC6,ratio_366,-0.042378944419785056,366,13q
PC6,ratio_367,-0.047479159722115326,367,13q
PC6,ratio_368,0.028678134295252015,368,13q
PC6,ratio_369,0.01929548198400583,369,13q
PC6,ratio_370,-0.024269209772835636,370,13q
PC6,ratio_371,-0.046770782493246364,371,13q
PC6,ratio_372,0.016285342190476025,372,13q
PC6,ratio_373,0.058423562025100635,373,13q
PC6,ratio_374,0.024930504748525185,374,13q
PC6,ratio_375,-0.014987773777046475,375,13q
PC6,ratio_376,0.014757090902614347,376,13q
PC6,ratio_377,-0.015039971356595414,377,14q
PC6,ratio_378,-0.02345350272138243,378,14q
PC6,ratio_379,0.01706177997314024,379,14q
PC6,ratio_380,0.0022116150356787444,380,14q
PC6,ratio_381,-0.03639746390811418,381,14q
PC6,ratio_382,-0.028506748233799735,382,14q
PC6,ratio_383,0.02689508986360173,383,14q
PC6,ratio_384,0.03901883210332545,384,14q
PC6,ratio_385,3.8042519840646177e-4,385,14q
PC6,ratio_386,0.03724659956601589,386,14q
PC6,ratio_387,0.005857840659879522,387,14q
PC6,ratio_388,-0.029644225852350162,388,14q
PC6,ratio_389,-0.061312109042784266,389,14q
PC6,ratio_390,-0.06695585555923356,390,14q
PC6,ratio_391,-0.026152225929936303,391,14q
PC6,ratio_392,-0.11705151242771716,392,14q
PC6,ratio_393,-0.06077678881617366,393,14q
PC6,ratio_394,-0.03954821191481174,394,15q
PC6,ratio_395,0.04713052837537233,395,15q
PC6,ratio_396,0.035907548264444956,396,15q
PC6,ratio_397,-6.374040910987651e-4,397,15q
PC6,ratio_398,0.03731203897865945,398,15q
PC6,ratio_399,0.08437733025497317,399,15q
PC6,ratio_400,0.05459694442593646,400,15q
PC6,ratio_401,0.027793695941309534,401,15q
PC6,ratio_402,0.02385554769487158,402,15q
PC6,ratio_403,0.012807404824191392,403,15q
PC6,ratio_404,-0.019205755088717018,404,15q
PC6,ratio_405,-0.02145765523767353,405,15q
PC6,ratio_406,-0.021089057265184417,406,15q
PC6,ratio_407,-0.10307846115048346,407,16p
PC6,ratio_408,-0.00936091288435444,408,16p
PC6,ratio_409,-0.042976936831206215,409,16p
PC6,ratio_410,-0.07403603368739829,410,16q
PC6,ratio_411,-0.03634658142006926,411,16q
PC6,ratio_412,-0.059998282513512025,412,16q
PC6,ratio_413,-0.14056152177081882,413,16q
PC6,ratio_414,-0.05524225883031513,414,16q
PC6,ratio_415,-0.029429703028121475,415,16q
PC6,ratio_416,0.0037956702683461527,416,16q
PC6,ratio_417,-0.037739370459192415,417,16q
PC6,ratio_418,-0.06317965136795006,418,16q
PC6,ratio_419,-0.07164169796114947,419,17p
PC6,ratio_420,-0.05968580575445117,420,17p
PC6,ratio_421,-0.057628898272016726,421,17p
PC6,ratio_422,-0.020728292615669795,422,17q
PC6,ratio_423,0.0010370231553810897,423,17q
PC6,ratio_424,-0.039380132240287705,424,17q
PC6,ratio_425,0.010659316688443991,425,17q
PC6,ratio_426,-0.025887201508850922,426,17q
PC6,ratio_427,0.040139468014242743,427,17q
PC6,ratio_428,0.006649706048244626,428,17q
PC6,ratio_429,0.013312876044552646,429,17q
PC6,ratio_430,-0.07766270785719208,430,17q
PC6,ratio_431,-0.080251214773721,431,17q
PC6,ratio_432,0.03412616189258263,432,18p
PC6,ratio_433,0.04996495649079019,433,18p
PC6,ratio_434,0.03456485858876016,434,18q
PC6,ratio_435,-0.0013790096458840052,435,18q
PC6,ratio_436,0.03355318964234163,436,18q
PC6,ratio_437,-0.037061248112780616,437,18q
PC6,ratio_438,1.304298245019596e-4,438,18q
PC6,ratio_439,0.03127568714314853,439,18q
PC6,ratio_440,0.019664423413763007,440,18q
PC6,ratio_441,0.03118569708350918,441,18q
PC6,ratio_442,0.013127210297363313,442,18q
PC6,ratio_443,-0.0022163880157590314,443,18q
PC6,ratio_444,-0.0018465630011918904,444,18q
PC6,ratio_445,-0.05895653986154374,445,19p
PC6,ratio_446,-0.04775151829343668,446,19p
PC6,ratio_447,-0.08079943367493796,447,19p
PC6,ratio_448,-0.044049493591232,448,19q
PC6,ratio_449,-0.034688241069431455,449,19q
PC6,ratio_450,-0.05184629277670157,450,19q
PC6,ratio_451,-0.036629484451318764,451,19q
PC6,ratio_452,-0.08519356478201458,452,19q
PC6,ratio_453,0.0014115768840805122,453,20p
PC6,ratio_454,0.0070889095739427085,454,20p
PC6,ratio_455,-0.023934795812662977,455,20p
PC6,ratio_456,-0.037608690078019244,456,20p
PC6,ratio_457,-0.02653537940820764,457,20q
PC6,ratio_458,-0.013983752062053269,458,20q
PC6,ratio_459,-0.030542269235453556,459,20q
PC6,ratio_460,-0.009936607426266501,460,20q
PC6,ratio_461,0.00866096321038938,461,20q
PC6,ratio_462,-0.05770088658608142,462,20q
PC6,ratio_463,0.01186278452924044,463,21q
PC6,ratio_464,-0.04706070608076114,464,21q
PC6,ratio_465,0.00474984521230826,465,21q
PC6,ratio_466,0.018725244442907952,466,21q
PC6,ratio_467,0.02643496754936351,467,21q
PC6,ratio_468,-0.014459326653909556,468,21q
PC6,ratio_469,-0.016838970017879897,469,22q
PC6,ratio_470,-0.03147522220399955,470,22q
PC6,ratio_471,-0.09420230539048362,471,22q
PC6,ratio_472,-0.04813933457474161,472,22q
PC6,ratio_473,-0.11141536163969122,473,22q
PC7,ratio_1,0.10074463323320623,1,1p
PC7,ratio_2,0.08143797994990976,2,1p
PC7,ratio_3,0.029759174651515178,3,1p
PC7,ratio_4,-0.02752800454057372,4,1p
PC7,ratio_5,-0.01998432910514128,5,1p
PC7,ratio_6,-0.055484365949614464,6,1p
PC7,ratio_7,-0.05370944067383443,7,1p
PC7,ratio_8,-0.06250251945176899,8,1p
PC7,ratio_9,-0.08872871723917358,9,1p
PC7,ratio_10,-0.09479617580430788,10,1p
PC7,ratio_11,-0.10325548189321715,11,1p
PC7,ratio_12,-0.09157600660834242,12,1p
PC7,ratio_13,-0.06952593152797062,13,1p
PC7,ratio_14,-0.06998308670253806,14,1p
PC7,ratio_15,-0.046340435509276634,15,1p
PC7,ratio_16,-0.07662729904047992,16,1p
PC7,ratio_17,-0.07120589397777988,17,1p
PC7,ratio_18,-0.07887820819693694,18,1p
PC7,ratio_19,-0.0665081717960657,19,1p
PC7,ratio_20,-0.04928566951655617,20,1p
PC7,ratio_21,-0.056829233239550615,21,1p
PC7,ratio_22,-0.06690015784097153,22,1p
PC7,ratio_23,0.023574838020749108,23,1q
PC7,ratio_24,0.05869109560098996,24,1q
PC7,ratio_25,0.05863956060305753,25,1q
PC7,ratio_26,0.05785350007669605,26,1q
PC7,ratio_27,0.06063691627377486,27,1q
PC7,ratio_28,0.0791240675433821,28,1q
PC7,ratio_29,0.06037803438021016,29,1q
PC7,ratio_30,0.05896674707196025,30,1q
PC7,ratio_31,0.052879032023113386,31,1q
PC7,ratio_32,0.04170043043146285,32,1q
PC7,ratio_33,0.07665461924225501,33,1q
PC7,ratio_34,0.0621332999792312,34,1q
PC7,ratio_35,0.07730543334456717,35,1q
PC7,ratio_36,0.09091903257593868,36,1q
PC7,ratio_37,0.05122965282000039,37,1q
PC7,ratio_38,0.08137879718010223,38,1q
PC7,ratio_39,0.07148862902762267,39,1q
PC7,ratio_40,0.06531554036845062,40,1q
PC7,ratio_41,0.07447384223903852,41,1q
PC7,ratio_42,0.06441022483799327,42,2p
PC7,ratio_43,0.07821182008087303,43,2p
PC7,ratio_44,0.054341606562581225,44,2p
PC7,ratio_45,0.06004319247678441,45,2p
PC7,ratio_46,0.03833835490443167,46,2p
PC7,ratio_47,0.04815278253673252,47,2p
PC7,ratio_48,0.021557067986099403,48,2p
PC7,ratio_49,0.02030506491038185,49,2p
PC7,ratio_50,0.05391908172179929,50,2p
PC7,ratio_51,0.04744999677152309,51,2p
PC7,ratio_52,0.05287768116406684,52,2p
PC7,ratio_53,0.029598299637662757,53,2p
PC7,ratio_54,0.029913905433617827,54,2p
PC7,ratio_55,0.025149334961895288,55,2p
PC7,ratio_56,0.028931267992380525,56,2p
PC7,ratio_57,0.02735859185648154,57,2p
PC7,ratio_58,0.04633104755311438,58,2q
PC7,ratio_59,0.04353899912879488,59,2q
PC7,ratio_60,0.06377617343405377,60,2q
PC7,ratio_61,0.061543009992341476,61,2q
PC7,ratio_62,0.058777472486660653,62,2q
PC7,ratio_63,0.03184584890446451,63,2q
PC7,ratio_64,0.02428028471162271,64,2q
PC7,ratio_65,0.03507493230300435,65,2q
PC7,ratio_66,0.05307801487717585,66,2q
PC7,ratio_67,0.03708725015654599,67,2q
PC7,ratio_68,0.028067216119470897,68,2q
PC7,ratio_69,0.0264272243196762,69,2q
PC7,ratio_70,0.018165013434942572,70,2q
PC7,ratio_71,0.01957753803415026,71,2q
PC7,ratio_72,0.03245424859174191,72,2q
PC7,ratio_73,0.020252791368601714,73,2q
PC7,ratio_74,0.019530391612031288,74,2q
PC7,ratio_75,0.024155223185027185,75,2q
PC7,ratio_76,0.02448816051956623,76,2q
PC7,ratio_77,0.00976710575488875,77,2q
PC7,ratio_78,0.018633185241169532,78,2q
PC7,ratio_79,0.017326160992618096,79,2q
PC7,ratio_80,0.06126021353454198,80,2q
PC7,ratio_81,0.020107192987253136,81,2q
PC7,ratio_82,0.0252114586718215,82,2q
PC7,ratio_83,0.053638765064282,83,2q
PC7,ratio_84,0.05812938587651313,84,3p
PC7,ratio_85,0.07246326834964616,85,3p
PC7,ratio_86,0.028994567464372192,86,3p
PC7,ratio_87,0.04979721765456479,87,3p
PC7,ratio_88,0.05798417981539243,88,3p
PC7,ratio_89,0.02543831384453676,89,3p
PC7,ratio_90,0.02774227658324112,90,3p
PC7,ratio_91,0.039563605065794795,91,3p
PC7,ratio_92,0.027581627322301887,92,3p
PC7,ratio_93,0.05374994270916556,93,3p
PC7,ratio_94,0.05271083463650305,94,3p
PC7,ratio_95,0.04716516407227181,95,3p
PC7,ratio_96,0.04315494011964824,96,3p
PC7,ratio_97,0.042701812058408825,97,3p
PC7,ratio_98,0.06473314100645676,98,3p
PC7,ratio_99,0.0953013012062375,99,3p
PC7,ratio_100,0.1369765941246517,100,3p
PC7,ratio_101,-0.020784666411788003,101,3q
PC7,ratio_102,-0.031188930580586558,102,3q
PC7,ratio_103,-0.03163395593514537,103,3q
PC7,ratio_104,-0.06633961436508165,104,3q
PC7,ratio_105,-0.07130058121003115,105,3q
PC7,ratio_106,-0.048573093968255016,106,3q
PC7,ratio_107,1.2820727120360187e-4,107,3q
PC7,ratio_108,0.004666483804732779,108,3q
PC7,ratio_109,-0.002333511566808347,109,3q
PC7,ratio_110,0.011596231362032316,110,3q
PC7,ratio_111,2.7383109821531482e-5,111,3q
PC7,ratio_112,-0.01594297796831507,112,3q
PC7,ratio_113,0.01276693245367244,113,3q
PC7,ratio_114,-0.005715006631869451,114,3q
PC7,ratio_115,0.0038950768589248452,115,3q
PC7,ratio_116,-0.0057765076998123315,116,3q
PC7,ratio_117,0.02525715754918472,117,3q
PC7,ratio_118,0.07405676957787288,118,3q
PC7,ratio_119,0.020374293139353718,119,3q
PC7,ratio_120,0.03654037690684765,120,3q
PC7,ratio_121,0.03241299162758341,121,4p
PC7,ratio_122,-0.007594124062129836,122,4p
PC7,ratio_123,-0.005445117357648395,123,4p
PC7,ratio_124,-0.030627914982973542,124,4p
PC7,ratio_125,-0.02875764903423464,125,4p
PC7,ratio_126,-0.045635309973882335,126,4p
PC7,ratio_127,-0.05380938003093237,127,4p
PC7,ratio_128,-0.046721701580239285,128,4p
PC7,ratio_129,0.0265556399915642,129,4q
PC7,ratio_130,-0.007752324804709136,130,4q
PC7,ratio_131,-0.006462814015672828,131,4q
PC7,ratio_132,-0.020253533873364763,132,4q
PC7,ratio_133,-0.02280966107282866,133,4q
PC7,ratio_134,-0.01075346510727103,134,4q
PC7,ratio_135,-0.012181082401687911,135,4q
PC7,ratio_136,0.021617825916871156,136,4q
PC7,ratio_137,0.03484110490548976,137,4q
PC7,ratio_138,0.055357688480373694,138,4q
PC7,ratio_139,-0.004464806559847431,139,4q
PC7,ratio_140,0.048836803341548995,140,4q
PC7,ratio_141,0.04610644929823603,141,4q
PC7,ratio_142,0.032239441770173266,142,4q
PC7,ratio_143,0.039260680781935536,143,4q
PC7,ratio_144,0.020126254859224372,144,4q
PC7,ratio_145,0.024763908341662248,145,4q
PC7,ratio_146,-0.033146637546157896,146,4q
PC7,ratio_147,-0.0032777119098574693,147,4q
PC7,ratio_148,-0.02879642433474109,148,4q
PC7,ratio_149,-0.03019426808726595,149,4q
PC7,ratio_150,-0.011483106758656169,150,4q
PC7,ratio_151,-0.019290964609241755,151,4q
PC7,ratio_152,-0.004297253208429407,152,4q
PC7,ratio_153,-0.014940397250710917,153,4q
PC7,ratio_154,-0.0011408214096387595,154,4q
PC7,ratio_155,0.002778131671230872,155,4q
PC7,ratio_156,0.005687773528302153,156,5p
PC7,ratio_157,-0.06980540877818825,157,5p
PC7,ratio_158,-0.028584648052855332,158,5p
PC7,ratio_159,-0.056612576110477875,159,5p
PC7,ratio_160,-0.08387474713916758,160,5p
PC7,ratio_161,-0.07007883945940864,161,5p
PC7,ratio_162,-0.11568480246887218,162,5p
PC7,ratio_163,-0.10418982197513525,163,5p
PC7,ratio_164,-0.03481118774090224,164,5q
PC7,ratio_165,-0.04058038997188287,165,5q
PC7,ratio_166,-0.04986888802996164,166,5q
PC7,ratio_167,-0.07276630652431511,167,5q
PC7,ratio_168,-0.03390266915197432,168,5q
PC7,ratio_169,-0.0489992841165206,169,5q
PC7,ratio_170,-0.0627771402044532,170,5q
PC7,ratio_171,-0.053350655012611735,171,5q
PC7,ratio_172,-0.061071766294121164,172,5q
PC7,ratio_173,-0.05598803882586188,173,5q
PC7,ratio_174,-0.04584081590115106,174,5q
PC7,ratio_175,-0.043829467714823774,175,5q
PC7,ratio_176,-0.04887702221478672,176,5q
PC7,ratio_177,-0.03760399778288521,177,5q
PC7,ratio_178,-0.05703468244193841,178,5q
PC7,ratio_179,-0.04111457405759064,179,5q
PC7,ratio_180,-0.04815517990675596,180,5q
PC7,ratio_181,-0.05386912427610375,181,5q
PC7,ratio_182,-0.03390035814229758,182,5q
PC7,ratio_183,-0.036602800764459,183,5q
PC7,ratio_184,-0.02333455947373472,184,5q
PC7,ratio_185,-0.0040081313541145,185,5q
PC7,ratio_186,-0.008982210954760629,186,5q
PC7,ratio_187,-0.02574262925875121,187,5q
PC7,ratio_188,-0.0069380761191692175,188,6p
PC7,ratio_189,-0.01223906934198447,189,6p
PC7,ratio_190,-0.049994192149542066,190,6p
PC7,ratio_191,-0.05185398848405457,191,6p
PC7,ratio_192,-0.05605493321363516,192,6p
PC7,ratio_193,-0.03827081762276258,193,6p
PC7,ratio_194,-0.028321329086697128,194,6p
PC7,ratio_195,8.547008921014202e-4,195,6p
PC7,ratio_196,-0.02703503150836855,196,6p
PC7,ratio_197,-0.027082893879482216,197,6p
PC7,ratio_198,-0.02219146331883737,198,6q
PC7,ratio_199,-0.04587960557764683,199,6q
PC7,ratio_200,-0.024337046233221506,200,6q
PC7,ratio_201,-0.038078948888815176,201,6q
PC7,ratio_202,-0.022007732361205505,202,6q
PC7,ratio_203,-0.010131839177521872,203,6q
PC7,ratio_204,-0.0254812748173301,204,6q
PC7,ratio_205,-0.03473986692468212,205,6q
PC7,ratio_206,-0.03918986893230363,206,6q
PC7,ratio_207,-0.052884391924378854,207,6q
PC7,ratio_208,-0.04448781965362755,208,6q
PC7,ratio_209,-0.038277595977453824,209,6q
PC7,ratio_210,-0.04176561882983484,210,6q
PC7,ratio_211,-0.044678122381783536,211,6q
PC7,ratio_212,-0.1291442524584043,212,6q
PC7,ratio_213,-0.08553084766657124,213,6q
PC7,ratio_214,-0.06261186786439113,214,6q
PC7,ratio_215,-0.08614184754774143,215,6q
PC7,ratio_216,-0.0855213867096417,216,6q
PC7,ratio_217,-0.05926706942859615,217,6q
PC7,ratio_218,-0.015835749559982803,218,6q
PC7,ratio_219,0.022237735132347752,219,7p
PC7,ratio_220,-0.0032789514381229654,220,7p
PC7,ratio_221,-0.019367372466741316,221,7p
PC7,ratio_222,0.005602188616792622,222,7p
PC7,ratio_223,-0.0038075753803004367,223,7p
PC7,ratio_224,0.03917358149839993,224,7p
PC7,ratio_225,-0.0243707102596855,225,7p
PC7,ratio_226,0.020496421805058503,226,7p
PC7,ratio_227,0.05223602098310269,227,7p
PC7,ratio_228,0.064657928689964,228,7p
PC7,ratio_229,0.05337074648672391,229,7q
PC7,ratio_230,0.018228956221179305,230,7q
PC7,ratio_231,0.0691805776221591,231,7q
PC7,ratio_232,0.06087107722523492,232,7q
PC7,ratio_233,0.06248963644911716,233,7q
PC7,ratio_234,0.08886925605580129,234,7q
PC7,ratio_235,0.08513468892966027,235,7q
PC7,ratio_236,0.07419969290450766,236,7q
PC7,ratio_237,0.04092622290041382,237,7q
PC7,ratio_238,0.06619451249726982,238,7q
PC7,ratio_239,0.08295554916822512,239,7q
PC7,ratio_240,0.08468387342326578,240,7q
PC7,ratio_241,0.09842396785602274,241,7q
PC7,ratio_242,0.08055509026245927,242,7q
PC7,ratio_243,0.08498522340887216,243,7q
PC7,ratio_244,0.06497360215178344,244,7q
PC7,ratio_245,0.0786836148953171,245,7q
PC7,ratio_246,-0.024809834566008066,246,8p
PC7,ratio_247,-0.05840627550510063,247,8p
PC7,ratio_248,-0.03863345820090788,248,8p
PC7,ratio_249,-0.052815992223088505,249,8p
PC7,ratio_250,-0.038201260741646544,250,8p
PC7,ratio_251,-0.03177610885974516,251,8p
PC7,ratio_252,9.404830310370576e-4,252,8q
PC7,ratio_253,0.021199219698997695,253,8q
PC7,ratio_254,0.011332633839872416,254,8q
PC7,ratio_255,-0.005704648336749082,255,8q
PC7,ratio_256,0.01114724352662615,256,8q
PC7,ratio_257,-7.392912046686544e-4,257,8q
PC7,ratio_258,-0.014790043581898154,258,8q
PC7,ratio_259,0.014555544296929455,259,8q
PC7,ratio_260,0.018262420765798457,260,8q
PC7,ratio_261,-5.757468703122971e-4,261,8q
PC7,ratio_262,-0.003151201931610841,262,8q
PC7,ratio_263,0.0028305672739515745,263,8q
PC7,ratio_264,-1.411887434270609e-4,264,8q
PC7,ratio_265,0.02832164043614542,265,8q
PC7,ratio_266,0.0077959450126578005,266,8q
PC7,ratio_267,0.010103923104318605,267,8q
PC7,ratio_268,0.017825325055217014,268,8q
PC7,ratio_269,0.05706164413450533,269,8q
PC7,ratio_270,0.037807141976557,270,8q
PC7,ratio_271,0.07271268487144553,271,9p
PC7,ratio_272,0.11133595311943287,272,9p
PC7,ratio_273,0.11090990475606591,273,9p
PC7,ratio_274,0.02584914813432621,274,9p
PC7,ratio_275,0.03067341875056694,275,9p
PC7,ratio_276,0.06279362801609638,276,9p
PC7,ratio_277,-0.03653282642881665,277,9q
PC7,ratio_278,-0.02537127772098769,278,9q
PC7,ratio_279,-0.014275230462893753,279,9q
PC7,ratio_280,-0.018531465279749484,280,9q
PC7,ratio_281,-0.025930144783487843,281,9q
PC7,ratio_282,-0.028938452931204957,282,9q
PC7,ratio_283,-0.03397341950246205,283,9q
PC7,ratio_284,-0.036081482232146765,284,9q
PC7,ratio_285,-0.02000980166084519,285,9q
PC7,ratio_286,-0.013676726810346276,286,9q
PC7,ratio_287,-0.04635358421973907,287,9q
PC7,ratio_288,-0.024011910524405492,288,9q
PC7,ratio_289,0.017756642357730473,289,9q
PC7,ratio_290,0.02530952969882326,290,10p
PC7,ratio_291,0.007547554957232645,291,10p
PC7,ratio_292,0.01410224895967258,292,10p
PC7,ratio_293,-0.005139871277534285,293,10p
PC7,ratio_294,-0.014895774297223472,294,10p
PC7,ratio_295,-0.020511454470494905,295,10p
PC7,ratio_296,-0.008133277368531863,296,10q
PC7,ratio_297,-0.0122170807871741,297,10q
PC7,ratio_298,-0.021381555749953755,298,10q
PC7,ratio_299,-0.011155873929044534,299,10q
PC7,ratio_300,-0.0318078444892428,300,10q
PC7,ratio_301,0.0020414289040584037,301,10q
PC7,ratio_302,0.01031490813459011,302,10q
PC7,ratio_303,-0.038031064798709595,303,10q
PC7,ratio_304,-0.02726282105381852,304,10q
PC7,ratio_305,-0.028633997278448533,305,10q
PC7,ratio_306,0.015179253026443554,306,10q
PC7,ratio_307,-0.009827433869717432,307,10q
PC7,ratio_308,-0.021740244951427005,308,10q
PC7,ratio_309,0.003429168174405693,309,10q
PC7,ratio_310,0.02410631046719758,310,10q
PC7,ratio_311,0.041232177765122335,311,10q
PC7,ratio_312,0.04875987394293642,312,11p
PC7,ratio_313,0.044951798813964126,313,11p
PC7,ratio_314,0.059979614167615,314,11p
PC7,ratio_315,0.07255139985485214,315,11p
PC7,ratio_316,0.07695264734602074,316,11p
PC7,ratio_317,0.049153189028443914,317,11p
PC7,ratio_318,0.07219947174649487,318,11p
PC7,ratio_319,0.1049985982990925,319,11p
PC7,ratio_320,0.034717089265555945,320,11p
PC7,ratio_321,0.04590334020024241,321,11q
PC7,ratio_322,0.021941238650227405,322,11q
PC7,ratio_323,0.011147465554232681,323,11q
PC7,ratio_324,-0.012416814714730693,324,11q
PC7,ratio_325,-0.0018261137971916073,325,11q
PC7,ratio_326,-0.021838852764437613,326,11q
PC7,ratio_327,-0.004945762286161492,327,11q
PC7,ratio_328,0.00403435812038767,328,11q
PC7,ratio_329,-0.008964902111285582,329,11q
PC7,ratio_330,-0.00942309295529864,330,11q
PC7,ratio_331,9.110344275482103e-4,331,11q
PC7,ratio_332,0.018018897730032915,332,11q
PC7,ratio_333,0.006435187035226906,333,11q
PC7,ratio_334,0.020346447020522972,334,11q
PC7,ratio_335,-0.032179187133723065,335,12p
PC7,ratio_336,-0.05006904978178658,336,12p
PC7,ratio_337,-0.04128793007158063,337,12p
PC7,ratio_338,-0.04217447238999382,338,12p
PC7,ratio_339,-0.03044585126122214,339,12p
PC7,ratio_340,-0.005154126603175939,340,12q
PC7,ratio_341,-0.05863254075144358,341,12q
PC7,ratio_342,-0.015875732034008782,342,12q
PC7,ratio_343,-0.018494582530700777,343,12q
PC7,ratio_344,-0.0655763902243711,344,12q
PC7,ratio_345,-0.08121199328847292,345,12q
PC7,ratio_346,-0.07561076988339009,346,12q
PC7,ratio_347,-0.07451564349314893,347,12q
PC7,ratio_348,-0.0814945428481782,348,12q
PC7,ratio_349,-0.04655129403296494,349,12q
PC7,ratio_350,-0.0363285181148713,350,12q
PC7,ratio_351,-0.025863917324538084,351,12q
PC7,ratio_352,-0.033760402823884594,352,12q
PC7,ratio_353,-0.020674618185377688,353,12q
PC7,ratio_354,-0.035992151817492685,354,12q
PC7,ratio_355,-0.013604089904810521,355,12q
PC7,ratio_356,-0.059810017617100475,356,12q
PC7,ratio_357,0.0044797140180522724,357,12q
PC7,ratio_358,-0.03295322174329948,358,13q
PC7,ratio_359,-0.020182587303705656,359,13q
PC7,ratio_360,-0.014681843970807466,360,13q
PC7,ratio_361,0.03915201993814098,361,13q
PC7,ratio_362,0.02736280112566336,362,13q
PC7,ratio_363,0.015762104197859755,363,13q
PC7,ratio_364,0.025151946218442415,364,13q
PC7,ratio_365,0.03002692535658399,365,13q
PC7,ratio_366,0.0190319893305932,366,13q
PC7,ratio_367,0.009453115443057169,367,13q
PC7,ratio_368,0.008211213113286856,368,13q
PC7,ratio_369,0.025928247890846523,369,13q
PC7,ratio_370,0.004090210099164547,370,13q
PC7,ratio_371,0.024956159136095554,371,13q
PC7,ratio_372,0.0166406357321537,372,13q
PC7,ratio_373,0.033453665094537774,373,13q
PC7,ratio_374,0.027389717345030984,374,13q
PC7,ratio_375,0.02645134107294563,375,13q
PC7,ratio_376,0.039785112706868804,376,13q
PC7,ratio_377,-0.03557395356670354,377,14q
PC7,ratio_378,-0.024159714029111143,378,14q
PC7,ratio_379,-0.03409537676637943,379,14q
PC7,ratio_380,-0.07295471022196028,380,14q
PC7,ratio_381,-0.038504183013044056,381,14q
PC7,ratio_382,-0.012236573619838445,382,14q
PC7,ratio_383,-0.052272897371768254,383,14q
PC7,ratio_384,-0.03811817511337908,384,14q
PC7,ratio_385,-0.04494604002062538,385,14q
PC7,ratio_386,-0.05516465266639544,386,14q
PC7,ratio_387,-0.050062337805077,387,14q
PC7,ratio_388,-0.03450189567431487,388,14q
PC7,ratio_389,-0.027482675736253983,389,14q
PC7,ratio_390,-0.01913532125576958,390,14q
PC7,ratio_391,-0.0491471930506826,391,14q
PC7,ratio_392,0.019166678950932534,392,14q
PC7,ratio_393,-0.027119191154209393,393,14q
PC7,ratio_394,0.09712124423358356,394,15q
PC7,ratio_395,0.01947139824703567,395,15q
PC7,ratio_396,-0.015921024893624708,396,15q
PC7,ratio_397,0.0014131092977345589,397,15q
PC7,ratio_398,-0.02889085048267673,398,15q
PC7,ratio_399,-0.03333563657664551,399,15q
PC7,ratio_400,-0.019560911044716744,400,15q
PC7,ratio_401,0.001061746953819092,401,15q
PC7,ratio_402,0.004984903843872908,402,15q
PC7,ratio_403,0.03372988052140177,403,15q
PC7,ratio_404,0.0756590485954533,404,15q
PC7,ratio_405,0.030549213062894067,405,15q
PC7,ratio_406,0.0667025342294247,406,15q
PC7,ratio_407,0.035489286435894725,407,16p
PC7,ratio_408,-0.012729970157438875,408,16p
PC7,ratio_409,-0.009271660922617978,409,16p
PC7,ratio_410,-0.07531333863165905,410,16q
PC7,ratio_411,-0.06552571975713241,411,16q
PC7,ratio_412,-0.05984542705127212,412,16q
PC7,ratio_413,-0.039317038282495984,413,16q
PC7,ratio_414,-0.043684471860634594,414,16q
PC7,ratio_415,-0.028665621138523854,415,16q
PC7,ratio_416,0.005180231134478898,416,16q
PC7,ratio_417,0.01812027966474367,417,16q
PC7,ratio_418,0.05697345107485099,418,16q
PC7,ratio_419,-0.0025129151325807434,419,17p
PC7,ratio_420,0.010607589607034925,420,17p
PC7,ratio_421,0.01717249924127836,421,17p
PC7,ratio_422,-0.016403215091203457,422,17q
PC7,ratio_423,-0.0398189082143402,423,17q
PC7,ratio_424,-0.05158990417326697,424,17q
PC7,ratio_425,-0.03933346491857312,425,17q
PC7,ratio_426,-0.022743341933453506,426,17q
PC7,ratio_427,-0.0548821984042051,427,17q
PC7,ratio_428,-0.02575046964761192,428,17q
PC7,ratio_429,-0.045130995171822966,429,17q
PC7,ratio_430,0.034450629171541645,430,17q
PC7,ratio_431,0.018042490873793792,431,17q
PC7,ratio_432,-0.05236311999303711,432,18p
PC7,ratio_433,-0.055134201693494304,433,18p
PC7,ratio_434,-0.010648013188197377,434,18q
PC7,ratio_435,-0.03192224242177045,435,18q
PC7,ratio_436,-0.05037927245986998,436,18q
PC7,ratio_437,-0.030077779208348993,437,18q
PC7,ratio_438,-0.03004041884041756,438,18q
PC7,ratio_439,-0.05014962463474357,439,18q
PC7,ratio_440,-0.06819871146108593,440,18q
PC7,ratio_441,-0.05855048598636975,441,18q
PC7,ratio_442,-0.08664413183221027,442,18q
PC7,ratio_443,-0.0689835266890028,443,18q
PC7,ratio_444,-0.05782227216724338,444,18q
PC7,ratio_445,0.03816776413454179,445,19p
PC7,ratio_446,0.037483827541932205,446,19p
PC7,ratio_447,0.036741118344391636,447,19p
PC7,ratio_448,0.051708200531045447,448,19q
PC7,ratio_449,0.007534891165764548,449,19q
PC7,ratio_450,0.011242242980338893,450,19q
PC7,ratio_451,-0.008801819014337409,451,19q
PC7,ratio_452,0.00236178208521698,452,19q
PC7,ratio_453,0.0016655316129007807,453,20p
PC7,ratio_454,0.0029270825796697156,454,20p
PC7,ratio_455,0.03144220056060411,455,20p
PC7,ratio_456,0.026420126170264287,456,20p
PC7,ratio_457,-0.014091145058340866,457,20q
PC7,ratio_458,0.017045680432048776,458,20q
PC7,ratio_459,0.023438435970546147,459,20q
PC7,ratio_460,0.009672295812042571,460,20q
PC7,ratio_461,-0.022116423233410124,461,20q
PC7,ratio_462,0.005690465021136858,462,20q
PC7,ratio_463,-0.05300675769558095,463,21q
PC7,ratio_464,-0.017937803373234373,464,21q
PC7,ratio_465,-0.019324704978684038,465,21q
PC7,ratio_466,-0.02065813688980106,466,21q
PC7,ratio_467,-0.026397141519684697,467,21q
PC7,ratio_468,-0.0015271595121437425,468,21q
PC7,ratio_469,0.0895126486172825,469,22q
PC7,ratio_470,0.07233936764086783,470,22q
PC7,ratio_471,0.08379995673456449,471,22q
PC7,ratio_472,0.05134263398382462,472,22q
PC7,ratio_473,0.09936044770631638,473,22q
PC8,ratio_1,-0.07363913385616487,1,1p
PC8,ratio_2,-0.06973579069582657,2,1p
PC8,ratio_3,-0.05217555179149957,3,1p
PC8,ratio_4,-0.04289364702316169,4,1p
PC8,ratio_5,-0.015444737447189215,5,1p
PC8,ratio_6,-0.013540706567523026,6,1p
PC8,ratio_7,0.02750477085741854,7,1p
PC8,ratio_8,0.017080137608934537,8,1p
PC8,ratio_9,0.03570486116965255,9,1p
PC8,ratio_10,0.02728063373340497,10,1p
PC8,ratio_11,0.0293049557400899,11,1p
PC8,ratio_12,0.034072014207390144,12,1p
PC8,ratio_13,0.01744243219238878,13,1p
PC8,ratio_14,0.025357820288877213,14,1p
PC8,ratio_15,0.006234461000961283,15,1p
PC8,ratio_16,0.0366866078530647,16,1p
PC8,ratio_17,0.015899764108869063,17,1p
PC8,ratio_18,-0.00876234919676655,18,1p
PC8,ratio_19,0.008775353642719419,19,1p
PC8,ratio_20,0.0045731242206088485,20,1p
PC8,ratio_21,0.01617948925682855,21,1p
PC8,ratio_22,0.009187573400197241,22,1p
PC8,ratio_23,-0.004006660865844502,23,1q
PC8,ratio_24,0.016832715749503624,24,1q
PC8,ratio_25,-0.002664982170734213,25,1q
PC8,ratio_26,-0.016554851776661175,26,1q
PC8,ratio_27,0.022895675715135837,27,1q
PC8,ratio_28,-0.0224322552501704,28,1q
PC8,ratio_29,-0.015776517213557925,29,1q
PC8,ratio_30,-0.008961589002494613,30,1q
PC8,ratio_31,0.018749203538015433,31,1q
PC8,ratio_32,0.01777077465498219,32,1q
PC8,ratio_33,-0.038765187807920445,33,1q
PC8,ratio_34,0.03412067714563673,34,1q
PC8,ratio_35,0.015181186358669803,35,1q
PC8,ratio_36,0.0061867391093867515,36,1q
PC8,ratio_37,0.037109581266819285,37,1q
PC8,ratio_38,0.02215730366358586,38,1q
PC8,ratio_39,0.006590402267519939,39,1q
PC8,ratio_40,0.015492462481314369,40,1q
PC8,ratio_41,0.022301655770206874,41,1q
PC8,ratio_42,0.057125872844726325,42,2p
PC8,ratio_43,0.02725932747753474,43,2p
PC8,ratio_44,0.047959775025686144,44,2p
PC8,ratio_45,0.035315346719110845,45,2p
PC8,ratio_46,0.026126574067140515,46,2p
PC8,ratio_47,0.06580865255254198,47,2p
PC8,ratio_48,0.08542036707047727,48,2p
PC8,ratio_49,0.0725989966777251,49,2p
PC8,ratio_50,0.06866292821044868,50,2p
PC8,ratio_51,0.07172992865884538,51,2p
PC8,ratio_52,0.06650673888004255,52,2p
PC8,ratio_53,0.10728528217902435,53,2p
PC8,ratio_54,0.04546577943438024,54,2p
PC8,ratio_55,0.02415834920610227,55,2p
PC8,ratio_56,0.04093962252404263,56,2p
PC8,ratio_57,0.006467080098775817,57,2p
PC8,ratio_58,-0.031209173252876445,58,2q
PC8,ratio_59,-0.02226421850589384,59,2q
PC8,ratio_60,-0.013902386973167995,60,2q
PC8,ratio_61,-0.014242162086340295,61,2q
PC8,ratio_62,-0.039514266044196354,62,2q
PC8,ratio_63,-0.021945503518781002,63,2q
PC8,ratio_64,-0.02486865336489308,64,2q
PC8,ratio_65,-0.02870190350979477,65,2q
PC8,ratio_66,-0.049053828786189725,66,2q
PC8,ratio_67,-0.04358260725114904,67,2q
PC8,ratio_68,-0.04756198603220253,68,2q
PC8,ratio_69,-0.03843389970182555,69,2q
PC8,ratio_70,-0.01251142480970882,70,2q
PC8,ratio_71,-0.04651705371281512,71,2q
PC8,ratio_72,-0.02431814565352406,72,2q
PC8,ratio_73,-0.02936738397410545,73,2q
PC8,ratio_74,-0.03297052261987192,74,2q
PC8,ratio_75,-0.027917880682666263,75,2q
PC8,ratio_76,-0.028493837092222443,76,2q
PC8,ratio_77,-0.03609758854177969,77,2q
PC8,ratio_78,-0.04806978354395325,78,2q
PC8,ratio_79,-0.018735545750764533,79,2q
PC8,ratio_80,-0.02598561676802545,80,2q
PC8,ratio_81,-0.023484606961373503,81,2q
PC8,ratio_82,-0.024314218926890795,82,2q
PC8,ratio_83,-0.04742087241775185,83,2q
PC8,ratio_84,1.588829899360495e-4,84,3p
PC8,ratio_85,0.012841255628854034,85,3p
PC8,ratio_86,0.026369100861185837,86,3p
PC8,ratio_87,0.01470757822132087,87,3p
PC8,ratio_88,0.0243559236746026,88,3p
PC8,ratio_89,0.062472040362717925,89,3p
PC8,ratio_90,0.04167216785709814,90,3p
PC8,ratio_91,0.01753848488209928,91,3p
PC8,ratio_92,0.006943941885735623,92,3p
PC8,ratio_93,0.012549694769177814,93,3p
PC8,ratio_94,0.02653675669674185,94,3p
PC8,ratio_95,0.015370342551880953,95,3p
PC8,ratio_96,0.04483028114483505,96,3p
PC8,ratio_97,0.028868936606809736,97,3p
PC8,ratio_98,0.015588994059197355,98,3p
PC8,ratio_99,0.030552550816822618,99,3p
PC8,ratio_100,0.015341958043975432,100,3p
PC8,ratio_101,0.025004439608136447,101,3q
PC8,ratio_102,0.06139341620684911,102,3q
PC8,ratio_103,0.04287506538836797,103,3q
PC8,ratio_104,0.03714438571833218,104,3q
PC8,ratio_105,-0.013743811730988124,105,3q
PC8,ratio_106,0.018176383664935795,106,3q
PC8,ratio_107,-0.007479412225293941,107,3q
PC8,ratio_108,-0.003312674963697308,108,3q
PC8,ratio_109,-0.024584852784348646,109,3q
PC8,ratio_110,0.01317445685802883,110,3q
PC8,ratio_111,0.024647998935227598,111,3q
PC8,ratio_112,0.04240349167903469,112,3q
PC8,ratio_113,0.013905404948216899,113,3q
PC8,ratio_114,0.016842738738411123,114,3q
PC8,ratio_115,0.019416210727864935,115,3q
PC8,ratio_116,0.013441731215949356,116,3q
PC8,ratio_117,0.010256890801247831,117,3q
PC8,ratio_118,0.004884225162273166,118,3q
PC8,ratio_119,0.0072192119118563445,119,3q
PC8,ratio_120,0.03167952607171067,120,3q
PC8,ratio_121,-0.04609087242143607,121,4p
PC8,ratio_122,-0.0026721644975494716,122,4p
PC8,ratio_123,-0.026831378011177055,123,4p
PC8,ratio_124,-0.01619037775740218,124,4p
PC8,ratio_125,-0.0030616682953732476,125,4p
PC8,ratio_126,-0.046064757671213895,126,4p
PC8,ratio_127,-0.023336496377319046,127,4p
PC8,ratio_128,-0.01649741471153023,128,4p
PC8,ratio_129,0.042773630566889154,129,4q
PC8,ratio_130,-0.011212089678669735,130,4q
PC8,ratio_131,-0.013256425078106293,131,4q
PC8,ratio_132,7.408789571786356e-4,132,4q
PC8,ratio_133,0.029250575671715445,133,4q
PC8,ratio_134,0.0060680977241764295,134,4q
PC8,ratio_135,-0.027184892972806927,135,4q
PC8,ratio_136,-0.02468488112380267,136,4q
PC8,ratio_137,-0.02393526512784913,137,4q
PC8,ratio_138,-0.0013867708199213856,138,4q
PC8,ratio_139,0.0024653138165425213,139,4q
PC8,ratio_140,-0.004191784805442958,140,4q
PC8,ratio_141,-0.007165697716383506,141,4q
PC8,ratio_142,0.02519827342019205,142,4q
PC8,ratio_143,-0.003734030520966667,143,4q
PC8,ratio_144,-0.0037852648887517536,144,4q
PC8,ratio_145,-0.03603537577116413,145,4q
PC8,ratio_146,0.013124745714130807,146,4q
PC8,ratio_147,-0.023570052853567516,147,4q
PC8,ratio_148,-0.01073146091904052,148,4q
PC8,ratio_149,-0.01054962333502677,149,4q
PC8,ratio_150,0.016766337258668496,150,4q
PC8,ratio_151,5.145687636317483e-4,151,4q
PC8,ratio_152,-0.0079822687367572,152,4q
PC8,ratio_153,0.0036278916840031413,153,4q
PC8,ratio_154,0.013226490712958052,154,4q
PC8,ratio_155,0.0026634266517343713,155,4q
PC8,ratio_156,0.02383680790923589,156,5p
PC8,ratio_157,0.029142083149414362,157,5p
PC8,ratio_158,0.04484188704609631,158,5p
PC8,ratio_159,0.01593118805936903,159,5p
PC8,ratio_160,-0.001466835625217866,160,5p
PC8,ratio_161,0.03706838816792904,161,5p
PC8,ratio_162,0.04989173080734843,162,5p
PC8,ratio_163,0.03632765676705889,163,5p
PC8,ratio_164,0.043067214060864646,164,5q
PC8,ratio_165,0.01647641359983431,165,5q
PC8,ratio_166,0.030192281651422726,166,5q
PC8,ratio_167,0.038271821871373596,167,5q
PC8,ratio_168,0.0558541564321016,168,5q
PC8,ratio_169,0.06124263060947214,169,5q
PC8,ratio_170,0.04087789417214696,170,5q
PC8,ratio_171,0.029311598585262846,171,5q
PC8,ratio_172,0.03618923340978463,172,5q
PC8,ratio_173,0.0330923287685983,173,5q
PC8,ratio_174,0.014150234653061143,174,5q
PC8,ratio_175,0.010791080668032648,175,5q
PC8,ratio_176,0.011174463211972933,176,5q
PC8,ratio_177,0.0041579007933075845,177,5q
PC8,ratio_178,0.01911421785736813,178,5q
PC8,ratio_179,0.024039069058492235,179,5q
PC8,ratio_180,-0.004194794868540392,180,5q
PC8,ratio_181,0.02480452549075244,181,5q
PC8,ratio_182,0.0073983936066597455,182,5q
PC8,ratio_183,0.03490476073422606,183,5q
PC8,ratio_184,0.02145159148742793,184,5q
PC8,ratio_185,-0.0018518101085193944,185,5q
PC8,ratio_186,0.01754796886705063,186,5q
PC8,ratio_187,-0.03120882482037444,187,5q
PC8,ratio_188,-0.045030280431906364,188,6p
PC8,ratio_189,-0.05612204261937451,189,6p
PC8,ratio_190,-0.05675836186107364,190,6p
PC8,ratio_191,-0.034998167581650606,191,6p
PC8,ratio_192,-0.00505911917801379,192,6p
PC8,ratio_193,-0.03534632303472951,193,6p
PC8,ratio_194,-0.042815899043038196,194,6p
PC8,ratio_195,-0.057433696255475807,195,6p
PC8,ratio_196,-0.03886129521730677,196,6p
PC8,ratio_197,-0.04871890951010395,197,6p
PC8,ratio_198,-0.0777675322558033,198,6q
PC8,ratio_199,-0.04421546795061192,199,6q
PC8,ratio_200,-0.06626815097709061,200,6q
PC8,ratio_201,-0.06176353322934569,201,6q
PC8,ratio_202,-0.07571843445678207,202,6q
PC8,ratio_203,-0.09488430256684262,203,6q
PC8,ratio_204,-0.11049465487324604,204,6q
PC8,ratio_205,-0.1527084697439569,205,6q
PC8,ratio_206,-0.16318978373099793,206,6q
PC8,ratio_207,-0.16123419582683451,207,6q
PC8,ratio_208,-0.14516322818364,208,6q
PC8,ratio_209,-0.1605425678235223,209,6q
PC8,ratio_210,-0.17597336271575825,210,6q
PC8,ratio_211,-0.1645641977756019,211,6q
PC8,ratio_212,-0.16461734772460904,212,6q
PC8,ratio_213,-0.12608097047823466,213,6q
PC8,ratio_214,-0.14031301641584648,214,6q
PC8,ratio_215,-0.14138304175128627,215,6q
PC8,ratio_216,-0.12123158048554628,216,6q
PC8,ratio_217,-0.17200530777506587,217,6q
PC8,ratio_218,-0.2045236290520781,218,6q
PC8,ratio_219,-0.003869363508754303,219,7p
PC8,ratio_220,0.010118169089253538,220,7p
PC8,ratio_221,0.002280722356871394,221,7p
PC8,ratio_222,0.009360519308419553,222,7p
PC8,ratio_223,-0.007289808060281592,223,7p
PC8,ratio_224,-0.012969519649674553,224,7p
PC8,ratio_225,0.015530111671595518,225,7p
PC8,ratio_226,-0.03623244416332157,226,7p
PC8,ratio_227,-0.0055112840500810955,227,7p
PC8,ratio_228,-0.005361327977012092,228,7p
PC8,ratio_229,-0.05121722247676955,229,7q
PC8,ratio_230,-0.02769378765202605,230,7q
PC8,ratio_231,-0.0407308397320658,231,7q
PC8,ratio_232,-0.007177258051942034,232,7q
PC8,ratio_233,-0.00904035540630563,233,7q
PC8,ratio_234,-0.019238256228988435,234,7q
PC8,ratio_235,-0.009014081629199141,235,7q
PC8,ratio_236,-0.0158516072748783,236,7q
PC8,ratio_237,-0.014931437307912873,237,7q
PC8,ratio_238,-0.0037925017616034294,238,7q
PC8,ratio_239,-0.017856387873160025,239,7q
PC8,ratio_240,-0.012202746487272735,240,7q
PC8,ratio_241,-0.024853161818112767,241,7q
PC8,ratio_242,-0.03711200985796895,242,7q
PC8,ratio_243,-0.02355981515738642,243,7q
PC8,ratio_244,-0.03252123148582007,244,7q
PC8,ratio_245,-0.012367652545148605,245,7q
PC8,ratio_246,0.009860654995966238,246,8p
PC8,ratio_247,0.019029413726796736,247,8p
PC8,ratio_248,0.008219428715027765,248,8p
PC8,ratio_249,-0.017794698569852538,249,8p
PC8,ratio_250,-0.003346913389703582,250,8p
PC8,ratio_251,-0.029063485007140608,251,8p
PC8,ratio_252,-0.04503694212438521,252,8q
PC8,ratio_253,-0.035155000322715804,253,8q
PC8,ratio_254,-0.036288791325744814,254,8q
PC8,ratio_255,-0.040248959014541466,255,8q
PC8,ratio_256,-0.05077815883031767,256,8q
PC8,ratio_257,-0.020127743001195124,257,8q
PC8,ratio_258,-0.03615831277340292,258,8q
PC8,ratio_259,-0.03096749064069433,259,8q
PC8,ratio_260,-0.027539543913598263,260,8q
PC8,ratio_261,-0.031214044366047824,261,8q
PC8,ratio_262,-0.040797772355072086,262,8q
PC8,ratio_263,-0.01193347692550039,263,8q
PC8,ratio_264,-0.04267886416536485,264,8q
PC8,ratio_265,-0.03492345833506048,265,8q
PC8,ratio_266,-0.018276300633158316,266,8q
PC8,ratio_267,0.008373729309567583,267,8q
PC8,ratio_268,-0.005162990172048069,268,8q
PC8,ratio_269,-0.014398874095581032,269,8q
PC8,ratio_270,-0.05808250696020907,270,8q
PC8,ratio_271,0.08279374073130313,271,9p
PC8,ratio_272,0.013833742603922184,272,9p
PC8,ratio_273,0.045570569066217335,273,9p
PC8,ratio_274,0.01832478072483075,274,9p
PC8,ratio_275,0.033915687968577767,275,9p
PC8,ratio_276,-0.0025016932443161044,276,9p
PC8,ratio_277,-0.017629897718651706,277,9q
PC8,ratio_278,0.009328265630690776,278,9q
PC8,ratio_279,0.004927044630405367,279,9q
PC8,ratio_280,-0.011957677521955068,280,9q
PC8,ratio_281,0.0054597477863347075,281,9q
PC8,ratio_282,0.013866962957775602,282,9q
PC8,ratio_283,0.010964157653051552,283,9q
PC8,ratio_284,-0.005869107298688281,284,9q
PC8,ratio_285,0.008697200111242677,285,9q
PC8,ratio_286,0.0037544586151812987,286,9q
PC8,ratio_287,-0.01066771805043811,287,9q
PC8,ratio_288,-0.035278861790788894,288,9q
PC8,ratio_289,-0.06215168899640143,289,9q
PC8,ratio_290,-0.046395763008371935,290,10p
PC8,ratio_291,-0.0482337063149965,291,10p
PC8,ratio_292,-0.035575101799284276,292,10p
PC8,ratio_293,-0.04653304040129305,293,10p
PC8,ratio_294,-0.035208355554921786,294,10p
PC8,ratio_295,-0.01998564248271367,295,10p
PC8,ratio_296,-0.03251255728308737,296,10q
PC8,ratio_297,-0.007706092197541555,297,10q
PC8,ratio_298,-0.015611205427913768,298,10q
PC8,ratio_299,-0.009052271506864879,299,10q
PC8,ratio_300,-0.015824754182032434,300,10q
PC8,ratio_301,0.014906107828733695,301,10q
PC8,ratio_302,-0.0048242848968490706,302,10q
PC8,ratio_303,-0.003344869802819875,303,10q
PC8,ratio_304,-0.0037820349377732654,304,10q
PC8,ratio_305,-0.01550457362427974,305,10q
PC8,ratio_306,-0.015110555709445299,306,10q
PC8,ratio_307,-0.0036851587373022887,307,10q
PC8,ratio_308,-0.01741733392097919,308,10q
PC8,ratio_309,-0.0365086648114902,309,10q
PC8,ratio_310,-0.05085470852573709,310,10q
PC8,ratio_311,-0.056353080312368783,311,10q
PC8,ratio_312,0.07166856255208058,312,11p
PC8,ratio_313,0.06343056647148508,313,11p
PC8,ratio_314,0.03899254645482002,314,11p
PC8,ratio_315,0.05428248871063826,315,11p
PC8,ratio_316,0.06408186001978196,316,11p
PC8,ratio_317,0.050717061607124546,317,11p
PC8,ratio_318,0.046778467419306836,318,11p
PC8,ratio_319,0.05070213828121419,319,11p
PC8,ratio_320,0.03566096518592903,320,11p
PC8,ratio_321,0.09648800142813589,321,11q
PC8,ratio_322,0.07529081483324553,322,11q
PC8,ratio_323,0.10412080425476673,323,11q
PC8,ratio_324,0.06033299950468023,324,11q
PC8,ratio_325,0.04444107670081936,325,11q
PC8,ratio_326,0.05672985692408059,326,11q
PC8,ratio_327,0.06514039469293562,327,11q
PC8,ratio_328,0.050994839471916874,328,11q
PC8,ratio_329,0.06598209990431977,329,11q
PC8,ratio_330,0.04966793671899596,330,11q
PC8,ratio_331,0.025579638006364543,331,11q
PC8,ratio_332,0.019290487241946628,332,11q
PC8,ratio_333,0.045652791665341946,333,11q
PC8,ratio_334,0.02623935992347737,334,11q
PC8,ratio_335,0.06316115770114344,335,12p
PC8,ratio_336,0.03818515550799102,336,12p
PC8,ratio_337,0.02647420779401162,337,12p
PC8,ratio_338,0.046656532545355456,338,12p
PC8,ratio_339,0.0502444543922613,339,12p
PC8,ratio_340,0.04579342772365765,340,12q
PC8,ratio_341,0.05068259469332129,341,12q
PC8,ratio_342,0.03600103201404785,342,12q
PC8,ratio_343,0.06688371990159803,343,12q
PC8,ratio_344,0.06572801689831417,344,12q
PC8,ratio_345,0.059379298121117564,345,12q
PC8,ratio_346,0.006772784002030798,346,12q
PC8,ratio_347,0.04124270725222741,347,12q
PC8,ratio_348,0.03592929640340954,348,12q
PC8,ratio_349,0.045316532330392977,349,12q
PC8,ratio_350,0.059275717266422695,350,12q
PC8,ratio_351,0.042378186725496876,351,12q
PC8,ratio_352,0.04370457345007982,352,12q
PC8,ratio_353,0.05143828201306792,353,12q
PC8,ratio_354,0.036178752651775614,354,12q
PC8,ratio_355,0.02129247939898766,355,12q
PC8,ratio_356,0.034919505220926475,356,12q
PC8,ratio_357,0.06389603510807605,357,12q
PC8,ratio_358,0.0821733263659331,358,13q
PC8,ratio_359,0.08196755520073223,359,13q
PC8,ratio_360,0.055064384792503834,360,13q
PC8,ratio_361,0.016044171699571647,361,13q
PC8,ratio_362,0.04824933576513593,362,13q
PC8,ratio_363,0.030360452816368306,363,13q
PC8,ratio_364,0.025156178000185072,364,13q
PC8,ratio_365,0.00551108187974963,365,13q
PC8,ratio_366,0.007674693135414543,366,13q
PC8,ratio_367,4.3129452907382716e-4,367,13q
PC8,ratio_368,0.01512896077652063,368,13q
PC8,ratio_369,0.01803535037146004,369,13q
PC8,ratio_370,-0.010990859617844401,370,13q
PC8,ratio_371,-0.012613174564442008,371,13q
PC8,ratio_372,0.014841245868293348,372,13q
PC8,ratio_373,0.01481141348905045,373,13q
PC8,ratio_374,0.005071474725737902,374,13q
PC8,ratio_375,-0.010967782003889384,375,13q
PC8,ratio_376,-0.008613493319933987,376,13q
PC8,ratio_377,0.06498390447921824,377,14q
PC8,ratio_378,0.03643621837797245,378,14q
PC8,ratio_379,0.06978536307123187,379,14q
PC8,ratio_380,0.11615198470465145,380,14q
PC8,ratio_381,0.03662059864190349,381,14q
PC8,ratio_382,0.015574651867464786,382,14q
PC8,ratio_383,0.007922450514432012,383,14q
PC8,ratio_384,0.036525279209745506,384,14q
PC8,ratio_385,0.0327348069741238,385,14q
PC8,ratio_386,0.03810261107423177,386,14q
PC8,ratio_387,0.029636721272997674,387,14q
PC8,ratio_388,0.0059786160915612195,388,14q
PC8,ratio_389,0.019602699230061756,389,14q
PC8,ratio_390,0.03274418331957579,390,14q
PC8,ratio_391,0.0367484784122178,391,14q
PC8,ratio_392,-0.0014127338737537447,392,14q
PC8,ratio_393,0.007390960093135766,393,14q
PC8,ratio_394,-0.018384869761116397,394,15q
PC8,ratio_395,-0.024388092417617354,395,15q
PC8,ratio_396,-0.10794821129931324,396,15q
PC8,ratio_397,-0.07869467722579897,397,15q
PC8,ratio_398,-0.0033769958876133897,398,15q
PC8,ratio_399,0.00754630015775839,399,15q
PC8,ratio_400,-0.01653792681350166,400,15q
PC8,ratio_401,0.0035519244307317057,401,15q
PC8,ratio_402,-0.02163256665764452,402,15q
PC8,ratio_403,-0.008828934960263586,403,15q
PC8,ratio_404,-0.017465101003777343,404,15q
PC8,ratio_405,-0.056652030140115085,405,15q
PC8,ratio_406,-0.048639493959585556,406,15q
PC8,ratio_407,-0.04959862234413816,407,16p
PC8,ratio_408,-0.032038762226890394,408,16p
PC8,ratio_409,-0.007165336613582165,409,16p
PC8,ratio_410,0.01990826011073796,410,16q
PC8,ratio_411,0.009013844785804715,411,16q
PC8,ratio_412,0.013868545163307634,412,16q
PC8,ratio_413,0.02671381711784491,413,16q
PC8,ratio_414,0.004930837062676791,414,16q
PC8,ratio_415,0.01551863986797519,415,16q
PC8,ratio_416,0.012645972718556317,416,16q
PC8,ratio_417,0.013894604113886945,417,16q
PC8,ratio_418,-0.020573297504264114,418,16q
PC8,ratio_419,-0.05896379803925088,419,17p
PC8,ratio_420,-0.04604416960520917,420,17p
PC8,ratio_421,0.0016090474227748127,421,17p
PC8,ratio_422,-0.025321838202105543,422,17q
PC8,ratio_423,-0.01200041780504481,423,17q
PC8,ratio_424,-0.030989916201699965,424,17q
PC8,ratio_425,0.04134864485197124,425,17q
PC8,ratio_426,0.03467538794497622,426,17q
PC8,ratio_427,0.032713374454801845,427,17q
PC8,ratio_428,0.016367644473829726,428,17q
PC8,ratio_429,0.04008722738114897,429,17q
PC8,ratio_430,0.006794598220750823,430,17q
PC8,ratio_431,-0.05288861853954234,431,17q
PC8,ratio_432,0.026332870065266325,432,18p
PC8,ratio_433,0.022230679456841793,433,18p
PC8,ratio_434,0.043969895297584084,434,18q
PC8,ratio_435,0.04803224801227933,435,18q
PC8,ratio_436,0.04636516710838521,436,18q
PC8,ratio_437,0.03464813049533417,437,18q
PC8,ratio_438,0.058295701964804214,438,18q
PC8,ratio_439,0.07111956692104393,439,18q
PC8,ratio_440,0.08404847057728046,440,18q
PC8,ratio_441,0.04420142978147919,441,18q
PC8,ratio_442,0.043341262622487185,442,18q
PC8,ratio_443,0.03407413803080563,443,18q
PC8,ratio_444,0.050349458915130645,444,18q
PC8,ratio_445,-0.07329147213431599,445,19p
PC8,ratio_446,-0.07066914805127551,446,19p
PC8,ratio_447,-0.049800773903061986,447,19p
PC8,ratio_448,0.04800254223156815,448,19q
PC8,ratio_449,0.09620251845188156,449,19q
PC8,ratio_450,0.060761706706070215,450,19q
PC8,ratio_451,0.026573866179325025,451,19q
PC8,ratio_452,0.07040236796087705,452,19q
PC8,ratio_453,0.014361001316439935,453,20p
PC8,ratio_454,-0.01941252202254044,454,20p
PC8,ratio_455,0.007386936327462506,455,20p
PC8,ratio_456,-0.01143517940435226,456,20p
PC8,ratio_457,-0.0018601871758817715,457,20q
PC8,ratio_458,-0.021021341260492755,458,20q
PC8,ratio_459,-0.009385092344631864,459,20q
PC8,ratio_460,-0.03664177083405246,460,20q
PC8,ratio_461,-0.004149320266119551,461,20q
PC8,ratio_462,-0.04247349047392427,462,20q
PC8,ratio_463,-0.05769103299605511,463,21q
PC8,ratio_464,-0.05877784104498562,464,21q
PC8,ratio_465,-0.025255144102920762,465,21q
PC8,ratio_466,-0.050652629899213604,466,21q
PC8,ratio_467,-0.07448672478778318,467,21q
PC8,ratio_468,-0.07539575949844714,468,21q
PC8,ratio_469,0.02928255995948343,469,22q
PC8,ratio_470,0.01140898918455438,470,22q
PC8,ratio_471,-0.009740690119439436,471,22q
PC8,ratio_472,0.007469583628051052,472,22q
PC8,ratio_473,-0.0607222496151259,473,22q
PC9,ratio_1,0.012671672422659144,1,1p
PC9,ratio_2,-0.03173650164061677,2,1p
PC9,ratio_3,-0.03249213033696947,3,1p
PC9,ratio_4,-0.04194829630523214,4,1p
PC9,ratio_5,-0.021762581173735626,5,1p
PC9,ratio_6,-0.02006343522071194,6,1p
PC9,ratio_7,-0.03911494107083602,7,1p
PC9,ratio_8,-0.01594403895827428,8,1p
PC9,ratio_9,0.014799676735425024,9,1p
PC9,ratio_10,0.009734724341305415,10,1p
PC9,ratio_11,0.009560822241792527,11,1p
PC9,ratio_12,0.001417059993737646,12,1p
PC9,ratio_13,-0.02304972180883662,13,1p
PC9,ratio_14,-0.021629453491840367,14,1p
PC9,ratio_15,-0.06964696744273402,15,1p
PC9,ratio_16,-0.050535981098425664,16,1p
PC9,ratio_17,-0.027787602922707655,17,1p
PC9,ratio_18,-0.04940951924870095,18,1p
PC9,ratio_19,-0.0476615430430605,19,1p
PC9,ratio_20,-0.06769512323425977,20,1p
PC9,ratio_21,-0.04605523435396791,21,1p
PC9,ratio_22,-0.04352160357604441,22,1p
PC9,ratio_23,0.029474851156213608,23,1q
PC9,ratio_24,0.002940038854308616,24,1q
PC9,ratio_25,-0.016073066165897293,25,1q
PC9,ratio_26,-0.0065873043222705666,26,1q
PC9,ratio_27,-0.01734159670787736,27,1q
PC9,ratio_28,-0.005805639726891196,28,1q
PC9,ratio_29,-0.010615967332903382,29,1q
PC9,ratio_30,-0.03988273203448016,30,1q
PC9,ratio_31,-0.018866762557951923,31,1q
PC9,ratio_32,-0.0010640481293225743,32,1q
PC9,ratio_33,-0.013680919310908502,33,1q
PC9,ratio_34,-0.013916457627344092,34,1q
PC9,ratio_35,-0.012302375768072324,35,1q
PC9,ratio_36,-0.029379743745149182,36,1q
PC9,ratio_37,8.215560867862063e-4,37,1q
PC9,ratio_38,0.003907131047954465,38,1q
PC9,ratio_39,-0.024045496958690064,39,1q
PC9,ratio_40,-0.030642552951233748,40,1q
PC9,ratio_41,-0.006938967860272361,41,1q
PC9,ratio_42,-0.044771604838182946,42,2p
PC9,ratio_43,-0.02428125871319751,43,2p
PC9,ratio_44,-0.009877967973777624,44,2p
PC9,ratio_45,-9.120346952798301e-4,45,2p
PC9,ratio_46,-0.010535714158702697,46,2p
PC9,ratio_47,-0.015496872171718235,47,2p
PC9,ratio_48,-0.04439637787394112,48,2p
PC9,ratio_49,-0.05450113804972273,49,2p
PC9,ratio_50,-0.0526614006353865,50,2p
PC9,ratio_51,-0.07813430550213618,51,2p
PC9,ratio_52,-0.04224402589147158,52,2p
PC9,ratio_53,-0.06497807951574404,53,2p
PC9,ratio_54,-0.02210963564168885,54,2p
PC9,ratio_55,0.011654781632416497,55,2p
PC9,ratio_56,0.022029059133642774,56,2p
PC9,ratio_57,0.0161491858802027,57,2p
PC9,ratio_58,0.02268224165051005,58,2q
PC9,ratio_59,0.001869246612767012,59,2q
PC9,ratio_60,0.015638191338422872,60,2q
PC9,ratio_61,0.03928772448182328,61,2q
PC9,ratio_62,0.056284171105817224,62,2q
PC9,ratio_63,0.05024395586312202,63,2q
PC9,ratio_64,0.047600896105966406,64,2q
PC9,ratio_65,0.05923150107013098,65,2q
PC9,ratio_66,0.06598377762051275,66,2q
PC9,ratio_67,0.06388456095487517,67,2q
PC9,ratio_68,0.04769343114313343,68,2q
PC9,ratio_69,0.04410773650603862,69,2q
PC9,ratio_70,0.04109241923330256,70,2q
PC9,ratio_71,0.04399374356436597,71,2q
PC9,ratio_72,0.02417726044696131,72,2q
PC9,ratio_73,0.02027525797336639,73,2q
PC9,ratio_74,0.028436484543638344,74,2q
PC9,ratio_75,0.012256107815005067,75,2q
PC9,ratio_76,0.03435887820535967,76,2q
PC9,ratio_77,0.02067135338200591,77,2q
PC9,ratio_78,0.015799340856042562,78,2q
PC9,ratio_79,0.030692606545557923,79,2q
PC9,ratio_80,7.361020587806113e-4,80,2q
PC9,ratio_81,0.0044784963996706605,81,2q
PC9,ratio_82,0.010564850866296617,82,2q
PC9,ratio_83,0.06227106948451498,83,2q
PC9,ratio_84,-0.027006245472334277,84,3p
PC9,ratio_85,-0.02668713968864482,85,3p
PC9,ratio_86,-0.02246090085365436,86,3p
PC9,ratio_87,-0.013568319997674761,87,3p
PC9,ratio_88,-0.013258116030892655,88,3p
PC9,ratio_89,-0.016664401175090715,89,3p
PC9,ratio_90,-0.0251601023460591,90,3p
PC9,ratio_91,-0.013024899221310173,91,3p
PC9,ratio_92,0.011211079729806284,92,3p
PC9,ratio_93,0.007668285489829486,93,3p
PC9,ratio_94,0.011556362282955493,94,3p
PC9,ratio_95,0.008045102277144393,95,3p
PC9,ratio_96,-0.005626881699120649,96,3p
PC9,ratio_97,0.00807439496686124,97,3p
PC9,ratio_98,0.011775315279243147,98,3p
PC9,ratio_99,0.03313459248505267,99,3p
PC9,ratio_100,0.04894042005073298,100,3p
PC9,ratio_101,-0.017407000322920425,101,3q
PC9,ratio_102,-0.02484552695769541,102,3q
PC9,ratio_103,-0.007404007682239053,103,3q
PC9,ratio_104,-0.025931951703169087,104,3q
PC9,ratio_105,-0.04299716281847961,105,3q
PC9,ratio_106,-1.6715778465064128e-4,106,3q
PC9,ratio_107,0.03045748611879777,107,3q
PC9,ratio_108,0.003474454493503047,108,3q
PC9,ratio_109,0.015647686016834295,109,3q
PC9,ratio_110,0.04086092167633093,110,3q
PC9,ratio_111,-0.038455882542702914,111,3q
PC9,ratio_112,-0.021810779727629574,112,3q
PC9,ratio_113,-0.005071577745952424,113,3q
PC9,ratio_114,-0.02209815846779838,114,3q
PC9,ratio_115,-0.02036053801463667,115,3q
PC9,ratio_116,-0.002881527351294417,116,3q
PC9,ratio_117,-0.013197776764823739,117,3q
PC9,ratio_118,0.03278221916216011,118,3q
PC9,ratio_119,-0.018184028396484624,119,3q
PC9,ratio_120,-0.020877344670082208,120,3q
PC9,ratio_121,0.04422297586988379,121,4p
PC9,ratio_122,0.06479294478542047,122,4p
PC9,ratio_123,0.048907082165564046,123,4p
PC9,ratio_124,0.05703524979063241,124,4p
PC9,ratio_125,0.049792132804606246,125,4p
PC9,ratio_126,0.03586407874028646,126,4p
PC9,ratio_127,0.033343178572199365,127,4p
PC9,ratio_128,0.04241578196924363,128,4p
PC9,ratio_129,0.04688884590025811,129,4q
PC9,ratio_130,0.008588706359011829,130,4q
PC9,ratio_131,0.03887340069158461,131,4q
PC9,ratio_132,0.06368357402183975,132,4q
PC9,ratio_133,0.049720331903060896,133,4q
PC9,ratio_134,0.05489064780148736,134,4q
PC9,ratio_135,0.05325740093828018,135,4q
PC9,ratio_136,0.05467193050773699,136,4q
PC9,ratio_137,0.06754439559590024,137,4q
PC9,ratio_138,0.07488109322874631,138,4q
PC9,ratio_139,0.05247757295028517,139,4q
PC9,ratio_140,0.08769637278742778,140,4q
PC9,ratio_141,0.07538391146453487,141,4q
PC9,ratio_142,0.07165458383801898,142,4q
PC9,ratio_143,0.06763617345158437,143,4q
PC9,ratio_144,0.05864584531183912,144,4q
PC9,ratio_145,0.06978394493542073,145,4q
PC9,ratio_146,0.050621866714389306,146,4q
PC9,ratio_147,0.05646296345605511,147,4q
PC9,ratio_148,0.06224134894949401,148,4q
PC9,ratio_149,0.05963565139162622,149,4q
PC9,ratio_150,0.04357359544451109,150,4q
PC9,ratio_151,0.049421213307557194,151,4q
PC9,ratio_152,0.04789160846334671,152,4q
PC9,ratio_153,0.049309396007379894,153,4q
PC9,ratio_154,0.05120962665007761,154,4q
PC9,ratio_155,0.022876496427265768,155,4q
PC9,ratio_156,0.04591881134407325,156,5p
PC9,ratio_157,0.027722031395969467,157,5p
PC9,ratio_158,0.0271372143569278,158,5p
PC9,ratio_159,-0.0032039729732854213,159,5p
PC9,ratio_160,0.014059168309294304,160,5p
PC9,ratio_161,0.07092471156223473,161,5p
PC9,ratio_162,0.090020642740403,162,5p
PC9,ratio_163,0.07477277104741685,163,5p
PC9,ratio_164,0.02207336436125724,164,5q
PC9,ratio_165,0.033631187738774604,165,5q
PC9,ratio_166,0.03074963729235778,166,5q
PC9,ratio_167,0.032416522507972424,167,5q
PC9,ratio_168,0.033884412339082466,168,5q
PC9,ratio_169,0.010276874383400513,169,5q
PC9,ratio_170,0.029454217980708266,170,5q
PC9,ratio_171,0.04624219045804658,171,5q
PC9,ratio_172,0.018298270708769937,172,5q
PC9,ratio_173,0.035781354887727615,173,5q
PC9,ratio_174,0.0351484108774591,174,5q
PC9,ratio_175,0.02180142067032811,175,5q
PC9,ratio_176,0.023646392406901477,176,5q
PC9,ratio_177,0.01585372185712266,177,5q
PC9,ratio_178,0.03682434370145599,178,5q
PC9,ratio_179,0.03166882906004622,179,5q
PC9,ratio_180,0.021255849391013527,180,5q
PC9,ratio_181,0.0055842579304744115,181,5q
PC9,ratio_182,0.020114729868408673,182,5q
PC9,ratio_183,-0.012173765512922409,183,5q
PC9,ratio_184,-0.01057163359884845,184,5q
PC9,ratio_185,0.040159171420944204,185,5q
PC9,ratio_186,0.03936344384199333,186,5q
PC9,ratio_187,0.0012119580495518717,187,5q
PC9,ratio_188,-0.029602819569246333,188,6p
PC9,ratio_189,-0.03643715756784012,189,6p
PC9,ratio_190,0.004638498469689974,190,6p
PC9,ratio_191,-0.01788827052548603,191,6p
PC9,ratio_192,-0.01840536529394546,192,6p
PC9,ratio_193,0.001986508000313292,193,6p
PC9,ratio_194,0.021688100984260505,194,6p
PC9,ratio_195,0.029170705442112886,195,6p
PC9,ratio_196,-0.022399305493000746,196,6p
PC9,ratio_197,-0.01950803771140074,197,6p
PC9,ratio_198,-0.021957163979497946,198,6q
PC9,ratio_199,0.0031507296370017145,199,6q
PC9,ratio_200,-0.03233812899256183,200,6q
PC9,ratio_201,-0.011926988220784343,201,6q
PC9,ratio_202,-0.029876907691334963,202,6q
PC9,ratio_203,-0.01580723271395955,203,6q
PC9,ratio_204,-0.03126108164752667,204,6q
PC9,ratio_205,-0.02761931914788537,205,6q
PC9,ratio_206,-0.025099671016648905,206,6q
PC9,ratio_207,-0.008416444722782206,207,6q
PC9,ratio_208,-0.006577295468845791,208,6q
PC9,ratio_209,-0.016994529923381355,209,6q
PC9,ratio_210,-0.03260779077519545,210,6q
PC9,ratio_211,-0.026460895608207365,211,6q
PC9,ratio_212,-0.028052825175744665,212,6q
PC9,ratio_213,0.017141608909622578,213,6q
PC9,ratio_214,0.013409154459170966,214,6q
PC9,ratio_215,0.027150572248741952,215,6q
PC9,ratio_216,0.058894765919649573,216,6q
PC9,ratio_217,0.009912704744332045,217,6q
PC9,ratio_218,0.0049443559687656,218,6q
PC9,ratio_219,-0.06058478641446246,219,7p
PC9,ratio_220,-0.05099114671999922,220,7p
PC9,ratio_221,-0.049086790884551805,221,7p
PC9,ratio_222,-0.04349774348953538,222,7p
PC9,ratio_223,-0.04958843549516861,223,7p
PC9,ratio_224,-0.06942071208925303,224,7p
PC9,ratio_225,-0.05158644282606651,225,7p
PC9,ratio_226,-0.0560647061311911,226,7p
PC9,ratio_227,-0.04429276725916172,227,7p
PC9,ratio_228,-0.008746237782300745,228,7p
PC9,ratio_229,-0.010095516109091854,229,7q
PC9,ratio_230,-0.013376999508655663,230,7q
PC9,ratio_231,-0.037596150225833194,231,7q
PC9,ratio_232,-0.054390972687503925,232,7q
PC9,ratio_233,-0.068268750056452,233,7q
PC9,ratio_234,-0.02911899640695012,234,7q
PC9,ratio_235,-0.011580388919421548,235,7q
PC9,ratio_236,0.02030137162999974,236,7q
PC9,ratio_237,0.05319882009326995,237,7q
PC9,ratio_238,0.036853206675838794,238,7q
PC9,ratio_239,0.04318412320478587,239,7q
PC9,ratio_240,0.01260957087727938,240,7q
PC9,ratio_241,0.03478966327858145,241,7q
PC9,ratio_242,0.027804493719859158,242,7q
PC9,ratio_243,0.0030165116054777868,243,7q
PC9,ratio_244,0.022002912013829132,244,7q
PC9,ratio_245,0.041091122246401726,245,7q
PC9,ratio_246,-0.024569530897272412,246,8p
PC9,ratio_247,-0.06186468588676768,247,8p
PC9,ratio_248,-0.04825258988383416,248,8p
PC9,ratio_249,-0.021287934529177165,249,8p
PC9,ratio_250,-0.038708220987680515,250,8p
PC9,ratio_251,-0.02440183929833383,251,8p
PC9,ratio_252,0.018966368392269006,252,8q
PC9,ratio_253,0.033542518224283294,253,8q
PC9,ratio_254,0.015594226622169851,254,8q
PC9,ratio_255,0.02625587276601682,255,8q
PC9,ratio_256,0.04397603941240961,256,8q
PC9,ratio_257,0.025666313237155465,257,8q
PC9,ratio_258,0.02727593621796183,258,8q
PC9,ratio_259,0.03320828355850756,259,8q
PC9,ratio_260,0.015558593214916521,260,8q
PC9,ratio_261,0.02962828525397726,261,8q
PC9,ratio_262,0.021176235413584595,262,8q
PC9,ratio_263,-0.001819581356160503,263,8q
PC9,ratio_264,-0.008995551949279906,264,8q
PC9,ratio_265,-0.018819174393015725,265,8q
PC9,ratio_266,-0.003366984995956561,266,8q
PC9,ratio_267,-0.024660686792520686,267,8q
PC9,ratio_268,-0.06031182180177512,268,8q
PC9,ratio_269,-0.01396389905783742,269,8q
PC9,ratio_270,0.033935074749347816,270,8q
PC9,ratio_271,0.09789634122702624,271,9p
PC9,ratio_272,-0.04121557988647737,272,9p
PC9,ratio_273,-0.023286895409978057,273,9p
PC9,ratio_274,0.0019123926312180728,274,9p
PC9,ratio_275,0.029783803507207576,275,9p
PC9,ratio_276,0.05850146540494421,276,9p
PC9,ratio_277,0.03608754792609809,277,9q
PC9,ratio_278,0.048689426613404495,278,9q
PC9,ratio_279,0.040268866801486225,279,9q
PC9,ratio_280,0.042244528473892685,280,9q
PC9,ratio_281,0.04681419037077331,281,9q
PC9,ratio_282,0.049676020278622585,282,9q
PC9,ratio_283,0.04780880930204102,283,9q
PC9,ratio_284,0.05294796172568605,284,9q
PC9,ratio_285,0.04570496167455091,285,9q
PC9,ratio_286,0.04308169371807289,286,9q
PC9,ratio_287,0.06971755510530366,287,9q
PC9,ratio_288,0.07993972943512218,288,9q
PC9,ratio_289,0.09607524604743041,289,9q
PC9,ratio_290,-0.052265008298476516,290,10p
PC9,ratio_291,-0.023643936977199072,291,10p
PC9,ratio_292,-0.038047428259693976,292,10p
PC9,ratio_293,-0.06212296152991902,293,10p
PC9,ratio_294,-0.03751350081894434,294,10p
PC9,ratio_295,-0.02884369774526726,295,10p
PC9,ratio_296,-0.08629528867365412,296,10q
PC9,ratio_297,-0.06230655846254961,297,10q
PC9,ratio_298,-0.058435056654642735,298,10q
PC9,ratio_299,-0.046412500063125146,299,10q
PC9,ratio_300,-0.020295779959734334,300,10q
PC9,ratio_301,-0.04484010328673382,301,10q
PC9,ratio_302,-0.03759454503600546,302,10q
PC9,ratio_303,-0.030459947675396556,303,10q
PC9,ratio_304,-0.021970400280498337,304,10q
PC9,ratio_305,-0.03989495163386037,305,10q
PC9,ratio_306,-0.05256133822098905,306,10q
PC9,ratio_307,-0.038489952516057,307,10q
PC9,ratio_308,-0.03246390957780795,308,10q
PC9,ratio_309,-0.011818954082653044,309,10q
PC9,ratio_310,-0.036516380026835576,310,10q
PC9,ratio_311,-0.026587991990445495,311,10q
PC9,ratio_312,0.028906888046242345,312,11p
PC9,ratio_313,0.02338762724423257,313,11p
PC9,ratio_314,0.04405894873126354,314,11p
PC9,ratio_315,0.029464665639799218,315,11p
PC9,ratio_316,0.04213106818104509,316,11p
PC9,ratio_317,0.027289576081111468,317,11p
PC9,ratio_318,0.032039379465994625,318,11p
PC9,ratio_319,0.02261618967435378,319,11p
PC9,ratio_320,0.022241516410547536,320,11p
PC9,ratio_321,-0.06165834644435335,321,11q
PC9,ratio_322,-0.07507898831673557,322,11q
PC9,ratio_323,-0.10016309797968266,323,11q
PC9,ratio_324,-0.07413671319634685,324,11q
PC9,ratio_325,-0.03579482759712067,325,11q
PC9,ratio_326,-0.09117682146028047,326,11q
PC9,ratio_327,0.0013089076327461088,327,11q
PC9,ratio_328,-0.0028284637174384847,328,11q
PC9,ratio_329,0.025399489215321164,329,11q
PC9,ratio_330,0.016037190949634954,330,11q
PC9,ratio_331,0.060409379981060114,331,11q
PC9,ratio_332,0.04457657430563543,332,11q
PC9,ratio_333,0.029275326392445344,333,11q
PC9,ratio_334,0.015210888249655734,334,11q
PC9,ratio_335,-0.004149685532678449,335,12p
PC9,ratio_336,-0.012179243812910445,336,12p
PC9,ratio_337,0.01243026854095198,337,12p
PC9,ratio_338,-0.0333601454805638,338,12p
PC9,ratio_339,-0.040641374196355905,339,12p
PC9,ratio_340,-0.0023669010493061627,340,12q
PC9,ratio_341,0.005175835388518326,341,12q
PC9,ratio_342,-0.007161204100402477,342,12q
PC9,ratio_343,0.022937315671948438,343,12q
PC9,ratio_344,0.01468881657018004,344,12q
PC9,ratio_345,-0.10543582410396285,345,12q
PC9,ratio_346,-0.020878768682608167,346,12q
PC9,ratio_347,-0.008877012050851514,347,12q
PC9,ratio_348,0.02761789346355117,348,12q
PC9,ratio_349,0.02741542369747054,349,12q
PC9,ratio_350,0.024659732931319817,350,12q
PC9,ratio_351,0.0398013727895615,351,12q
PC9,ratio_352,0.04885329645182176,352,12q
PC9,ratio_353,0.04592881499979032,353,12q
PC9,ratio_354,0.04735297050322456,354,12q
PC9,ratio_355,0.06261745036403374,355,12q
PC9,ratio_356,0.0825228365783593,356,12q
PC9,ratio_357,0.05678697544645777,357,12q
PC9,ratio_358,0.04390683864086412,358,13q
PC9,ratio_359,0.04023073099619897,359,13q
PC9,ratio_360,0.03926897744732571,360,13q
PC9,ratio_361,-0.011256284729427265,361,13q
PC9,ratio_362,-0.015289889598130326,362,13q
PC9,ratio_363,0.004735669288263841,363,13q
PC9,ratio_364,-0.04907852741615368,364,13q
PC9,ratio_365,-0.06660528570763612,365,13q
PC9,ratio_366,-0.09291251006098344,366,13q
PC9,ratio_367,-0.07598366644716245,367,13q
PC9,ratio_368,-0.03985742739508703,368,13q
PC9,ratio_369,-0.0572724015126452,369,13q
PC9,ratio_370,-0.04685367063406709,370,13q
PC9,ratio_371,-0.061567596925527004,371,13q
PC9,ratio_372,-0.03754168897553613,372,13q
PC9,ratio_373,-0.012131893777846361,373,13q
PC9,ratio_374,-0.013351755524422242,374,13q
PC9,ratio_375,-0.019279420453858043,375,13q
PC9,ratio_376,-0.008600527247285909,376,13q
PC9,ratio_377,0.028120199203234574,377,14q
PC9,ratio_378,0.06252645106528311,378,14q
PC9,ratio_379,0.08108509263083497,379,14q
PC9,ratio_380,0.08107288706662183,380,14q
PC9,ratio_381,0.06052364107791589,381,14q
PC9,ratio_382,0.08377280023223382,382,14q
PC9,ratio_383,0.09374398162492346,383,14q
PC9,ratio_384,0.09650582257934347,384,14q
PC9,ratio_385,0.0944581656477107,385,14q
PC9,ratio_386,0.10437785217509532,386,14q
PC9,ratio_387,0.09264049753360863,387,14q
PC9,ratio_388,0.08230978060779975,388,14q
PC9,ratio_389,0.05002889260085347,389,14q
PC9,ratio_390,0.039028033950385246,390,14q
PC9,ratio_391,0.0534369756988009,391,14q
PC9,ratio_392,0.01043610027877437,392,14q
PC9,ratio_393,0.028386213936297637,393,14q
PC9,ratio_394,-0.12536668298339515,394,15q
PC9,ratio_395,-0.09429203681237894,395,15q
PC9,ratio_396,-0.08297487227717247,396,15q
PC9,ratio_397,-0.052252831506342357,397,15q
PC9,ratio_398,-0.040335648159113946,398,15q
PC9,ratio_399,-0.04813664112386113,399,15q
PC9,ratio_400,-0.053474819782081184,400,15q
PC9,ratio_401,-0.059177419246512444,401,15q
PC9,ratio_402,-0.04967701425120806,402,15q
PC9,ratio_403,-0.07783741284332894,403,15q
PC9,ratio_404,-0.1237337855200836,404,15q
PC9,ratio_405,-0.10629406045827022,405,15q
PC9,ratio_406,-0.09592085605164348,406,15q
PC9,ratio_407,0.02508339789537977,407,16p
PC9,ratio_408,0.04511513964492575,408,16p
PC9,ratio_409,0.00719034194696771,409,16p
PC9,ratio_410,-0.0682666939006639,410,16q
PC9,ratio_411,-0.05429534622547498,411,16q
PC9,ratio_412,-0.10020778848282788,412,16q
PC9,ratio_413,-0.11086224371722433,413,16q
PC9,ratio_414,-0.09960392136863623,414,16q
PC9,ratio_415,-0.0804524083278684,415,16q
PC9,ratio_416,-0.06034430310258281,416,16q
PC9,ratio_417,-0.07169606731057018,417,16q
PC9,ratio_418,-0.04155316238491279,418,16q
PC9,ratio_419,-0.010549698545631068,419,17p
PC9,ratio_420,-0.005395410287538471,420,17p
PC9,ratio_421,-0.009119893299915765,421,17p
PC9,ratio_422,0.02933177822727726,422,17q
PC9,ratio_423,0.05707892006967,423,17q
PC9,ratio_424,0.05497523993616921,424,17q
PC9,ratio_425,0.05278747967019275,425,17q
PC9,ratio_426,0.04850247146666456,426,17q
PC9,ratio_427,0.03271581373354921,427,17q
PC9,ratio_428,0.0723985869396283,428,17q
PC9,ratio_429,0.048631498349115294,429,17q
PC9,ratio_430,0.07117168667454163,430,17q
PC9,ratio_431,0.061663379079490266,431,17q
PC9,ratio_432,-0.09743501590296225,432,18p
PC9,ratio_433,-0.07725032655268764,433,18p
PC9,ratio_434,-0.0449948469929268,434,18q
PC9,ratio_435,-0.09764502358692742,435,18q
PC9,ratio_436,-0.08565201734860353,436,18q
PC9,ratio_437,-0.08901040122569817,437,18q
PC9,ratio_438,-0.09582022815189309,438,18q
PC9,ratio_439,-0.08290308745238965,439,18q
PC9,ratio_440,-0.09356492160427853,440,18q
PC9,ratio_441,-0.0746409523120024,441,18q
PC9,ratio_442,-0.10098326377837227,442,18q
PC9,ratio_443,-0.08654023753548086,443,18q
PC9,ratio_444,-0.07401338308125527,444,18q
PC9,ratio_445,-0.027791027206511186,445,19p
PC9,ratio_446,-0.0032609143058179814,446,19p
PC9,ratio_447,-0.026154537108046834,447,19p
PC9,ratio_448,0.010564501352508728,448,19q
PC9,ratio_449,0.022529902041731324,449,19q
PC9,ratio_450,0.0013015885195385025,450,19q
PC9,ratio_451,0.03300896044242576,451,19q
PC9,ratio_452,-0.062069651583652276,452,19q
PC9,ratio_453,-0.07936802407699822,453,20p
PC9,ratio_454,-0.07630617633859776,454,20p
PC9,ratio_455,-0.09569407959142781,455,20p
PC9,ratio_456,-0.07779241497792233,456,20p
PC9,ratio_457,0.010997041925498743,457,20q
PC9,ratio_458,0.0019330411344270085,458,20q
PC9,ratio_459,0.01331845731071704,459,20q
PC9,ratio_460,0.007809103319915408,460,20q
PC9,ratio_461,0.004991542937459847,461,20q
PC9,ratio_462,-0.0010808713414580814,462,20q
PC9,ratio_463,-0.09164260496677248,463,21q
PC9,ratio_464,-0.00858105890972325,464,21q
PC9,ratio_465,-9.839851204201269e-5,465,21q
PC9,ratio_466,0.013782404193339872,466,21q
PC9,ratio_467,0.01674819010580752,467,21q
PC9,ratio_468,0.024298843823983635,468,21q
PC9,ratio_469,0.037385180753063775,469,22q
PC9,ratio_470,0.041823258590052655,470,22q
PC9,ratio_471,0.025914451445489387,471,22q
PC9,ratio_472,0.021532232206097155,472,22q
PC9,ratio_473,0.04902134487487436,473,22q
